smiles,mol_id,NR-AR,NR-AR-LBD,NR-AhR,NR-Aromatase,NR-ER,NR-ER-LBD,NR-PPAR-gamma,SR-ARE,SR-ATAD5,SR-HSE,SR-MMP,SR-p53,MW,LogP,HBD,HBA,TPSA
CCOc1ccc2nc(S(N)(=O)=O)sc2c1,TOX3021,0,0,1,,,0,0,1,0,0,0,0,258.324,1.3424,1,5,82.28
CCN1C(=O)NC(c2ccccc2)C1=O,TOX3020,0,0,0,0,0,0,0,,0,,0,0,204.229,1.2994,1,2,49.41
CC[C@]1(O)CC[C@H]2[C@@H]3CCC4=CCCC[C@@H]4[C@H]3CC[C@@]21C,TOX3024,,,,,,,,0,,0,,,288.475,5.0903,1,1,20.23
CCCN(CC)C(CC)C(=O)Nc1c(C)cccc1C,TOX3027,0,0,0,0,0,0,0,,0,,0,0,276.424,3.75244,1,2,32.34
CC(O)(P(=O)(O)O)P(=O)(O)O,TOX20800,0,0,0,0,0,0,0,0,0,0,0,0,206.027,-0.9922,5,3,135.29
CC(C)(C)OOC(C)(C)CCC(C)(C)OOC(C)(C)C,TOX5110,0,0,0,0,0,0,0,,0,0,0,0,290.444,4.8172,0,4,36.92
O=S(=O)(Cl)c1ccccc1,TOX6619,0,0,0,0,0,0,0,0,0,0,0,0,176.624,1.6141,0,2,34.14
O=C(O)Cc1cc(I)c(Oc2ccc(O)c(I)c2)c(I)c1,TOX25232,0,,0,,1,,,1,0,1,0,1,621.934,4.6254,2,3,66.76
OC[C@H](O)[C@@H](O)[C@H](O)CO,TOX22514,0,0,0,0,0,0,0,0,0,0,,0,152.146,-2.9463,5,5,101.15
CCCCCCCC(=O)[O-].CCCCCCCC(=O)[O-].[Zn+2],TOX22517,,,,,,,,0,,0,,,351.802,2.1911,0,4,80.26
NC(=O)c1ccc[n+]([C@@H]2O[C@H](COP(=O)([O-])OP(=O)(O)OC[C@H]3O[C@@H](n4cnc5c(N)ncnc54)[C@H](O)[C@@H]3O)[C@@H](O)[C@H]2O)c1,TOX25236,0,0,0,,0,0,0,,0,,,0,663.43,-3.6479,7,18,321.09
O=c1[nH]c(=O)n([C@H]2C[C@H](O)[C@@H](CO)O2)cc1I,TOX25238,0,0,,,0,0,0,0,0,0,0,0,354.1,-1.2181,3,6,104.55
CC(C)COC(=O)C(C)C,TOX6612,0,0,0,0,0,0,0,0,0,0,0,0,144.214,1.8416,0,2,26.3
C=C(C)C(=O)OCCOC(=O)C(=C)C,TOX6615,0,0,0,0,0,0,0,0,0,0,0,0,198.218,1.225,0,4,52.6
Cl/C=C\C[N+]12CN3CN(CN(C3)C1)C2,TOX15748,0,0,0,,0,0,,1,0,0,0,,215.708,0.2475,0,3,9.72
O=C([O-])Cc1cccc2ccccc12,TOX14833,0,0,0,0,0,0,1,0,0,0,0,0,185.202,1.1322,0,2,40.13
CCCCCCCCCCOCC(O)CN,TOX26529,0,0,0,,0,,,,,0,,,231.38,2.4633,2,3,55.48
CCN(CC)C(=O)c1cccnc1,TOX26524,0,0,0,0,,0,0,,0,,0,0,178.235,1.5636,0,2,33.2
COc1cc(O)cc(O)c1,TOX26525,0,0,,0,,,0,,0,0,0,0,140.138,1.1064,2,3,49.69
CCOC(=O)c1cccnc1,TOX26526,,,,,,,,0,,0,,,151.165,1.2583,0,3,39.19
CCOc1ccc(S(=O)(=O)O)c2cccnc12,TOX26521,0,0,,0,1,1,0,,0,,0,0,253.279,1.8802,1,4,76.49
O=C(O)[C@H](O)c1ccccc1,TOX26523,0,0,0,0,,0,0,0,0,0,0,0,152.149,0.8046,2,2,57.53
Nc1ccc(/N=N/c2ccccc2)cc1,TOX4460,0,0,1,,1,0,,1,1,0,,0,197.241,3.6842,1,3,50.74
CN[C@@H]1C[C@@H](c2ccc(Cl)c(Cl)c2)c2ccccc21,TOX22631,0,0,1,,0,0,0,,0,,,,292.209,4.7895,1,1,12.03
CN1[C@H]2CC[C@@H]1C[C@H](OC(=O)c1cc(Cl)cc(Cl)c1)C2,TOX22632,0,0,0,0,0,0,0,0,0,0,,0,314.212,3.7754,0,3,29.54
CN(C)CCCN1c2ccccc2CCc2ccc(Cl)cc21,TOX22633,0,0,0,,0,0,,0,0,0,,0,314.86,4.5284,0,2,6.48
C#CCO,TOX1883,0,0,0,0,0,0,0,0,0,0,0,0,56.064,-0.3881,1,1,20.23
Nc1ccccc1S(=O)(=O)O,TOX4463,0,0,0,0,0,0,0,0,0,0,,0,173.193,0.5155,2,3,80.39
CC(O)CC(C)(C)O,TOX1885,0,0,0,0,0,0,0,0,0,0,0,0,118.176,0.5282,2,2,40.46
CC(C)(C)CC(C)(C)N,TOX1886,0,0,0,0,0,0,0,0,0,0,0,0,129.247,2.1599,1,1,26.02
CC(=O)CC(C)C,TOX1889,0,0,0,0,0,0,0,0,0,0,0,0,100.161,1.6215,0,1,17.07
CCCC(C)=O,TOX1888,0,0,0,0,0,0,0,0,0,0,0,0,86.134,1.3755,0,1,17.07
Nc1nc2ccccc2[nH]1,TOX4465,0,0,1,0,0,0,0,0,0,0,0,0,133.154,1.1451,2,2,54.7
Oc1c(Cl)c(Cl)c(Cl)c(Cl)c1Cl,TOX1106,0,,1,,,0,,1,0,0,1,1,266.338,4.6592,1,1,20.23
c1ccc(-c2ccccc2)cc1,TOX161,0,0,0,0,0,0,0,0,0,0,0,0,154.212,3.3536,0,0,0
CNC(=O)Nc1ccc(Cl)c(Cl)c1,TOX22180,0,0,1,0,0,,0,0,0,0,,0,219.071,2.7447,2,1,41.13
CC(=O)Nc1ccc(C)c(Cl)c1,TOX22181,0,0,0,0,,0,0,0,0,0,,0,183.638,2.60682,1,1,29.1
CCCCNC(=S)NCCCC,TOX22187,0,0,0,0,0,0,0,0,0,1,0,0,188.34,2.0507,2,1,24.06
CCCCNC(=O)NCCCC,TOX22188,0,0,0,0,0,0,0,0,0,0,0,0,172.272,1.8858,2,1,41.13
CC(C)N(c1ccccc1)C(C)C,TOX22189,0,0,0,0,0,0,0,0,0,0,0,0,177.291,3.3098,0,1,3.24
CCc1cccc(C)c1,TOX7876,0,0,0,0,0,0,0,0,0,0,0,0,120.195,2.55742,0,0,0
CC(C)CCCCCCCOP(OCCCCCCCC(C)C)Oc1ccccc1,TOX7877,0,0,0,0,0,0,0,,0,0,0,0,438.633,9.3187,0,3,27.69
CCCCCCCC/C=C\CCCCCCCC(=O)OC(CO)CO,TOX7875,0,0,0,,0,0,0,0,0,1,0,0,356.547,4.9203,2,4,66.76
CCCCCCCCCCC=CC1CC(=O)OC1=O,TOX7870,0,0,0,0,0,0,0,1,0,0,0,0,266.381,4.1631,0,3,43.37
CC(C)C(Nc1ccc(C(F)(F)F)cc1Cl)C(=O)OC(C#N)c1cccc(Oc2ccccc2)c1,TOX4110,0,0,,0,0,,,0,0,,1,,502.92,7.39568,1,5,71.35
CS(=O)(=O)NC(=O)c1cc(Oc2ccc(C(F)(F)F)cc2Cl)ccc1[N+](=O)[O-],TOX4112,0,0,0,0,0,0,0,0,0,0,0,0,438.767,3.7487,1,6,115.61
CCOP(=S)(CC)Sc1ccccc1,TOX4113,0,0,0,1,,0,0,0,0,0,0,0,246.337,4.1446,0,3,9.23
CC/C=C\CCCCO,TOX27698,0,0,0,0,0,0,0,0,0,0,0,0,128.215,2.1152,1,1,20.23
Nc1ccccc1C(=O)Oc1ccc2ccccc2c1,TOX27695,,0,1,,1,0,0,1,1,0,1,0,263.296,3.6412,1,3,52.32
C=C[C@H]1CN2CCC1C[C@H]2[C@H](O)c1ccnc2ccc(OC)cc12,TOX24280,0,0,1,0,0,0,0,,0,0,0,0,324.424,3.1732,1,4,45.59
CC(=O)CCC(C)=O,TOX10138,0,0,0,0,0,0,0,0,0,0,0,0,114.144,0.9446,0,2,34.14
N#CCCNCCC#N,TOX21464,0,0,0,0,0,0,0,0,0,0,0,0,123.159,0.40336,1,3,59.61
CCOc1ccc(N=Nc2ccc(C=Cc3ccc(N=Nc4ccc(OCC)cc4)cc3S(=O)(=O)[O-])c(S(=O)(=O)[O-])c2)cc1,TOX21728,0,0,0,0,0,0,0,,0,0,,0,634.692,7.2934,0,12,182.3
O=C1c2ccccc2C(=O)C1c1ccc2cc(S(=O)(=O)[O-])cc(S(=O)(=O)[O-])c2n1,TOX21721,0,0,,0,0,0,0,1,0,0,,0,431.403,1.2058,0,9,161.43
O=C(Nc1ccc2c(O)c(N=Nc3ccc(N=Nc4ccc(S(=O)(=O)[O-])cc4)cc3)c(S(=O)(=O)[O-])cc2c1)c1ccccc1,TOX21726,0,0,0,,,0,0,1,0,0,,0,629.632,6.4367,2,12,213.17
CSc1ccc2c(c1)C(N1CCN(C)CC1)Cc1ccccc1S2,TOX24000,0,0,0,,0,0,,0,0,0,,0,356.56,4.4043,0,4,6.48
COCCCC/C(=N\OCCN)c1ccc(C(F)(F)F)cc1,TOX24002,0,0,0,,0,0,,,0,0,,0,318.339,3.2015,1,4,56.84
Cc1ccccc1CCO,TOX27071,0,0,0,0,0,0,0,0,0,0,0,0,136.194,1.52982,1,1,20.23
Cc1nc(C)c(C)nc1C,TOX27070,0,0,0,0,0,0,0,0,0,0,0,0,136.198,1.71028,0,2,25.78
CC1=CC(O)CC(C)(C)C1,TOX27072,0,0,0,0,0,0,0,0,0,0,0,0,140.226,2.1136,1,1,20.23
Cc1cnc(C)c(C)n1,TOX27075,0,0,0,0,0,0,0,0,0,0,0,0,122.171,1.40186,0,2,25.78
CC(C)COC(=O)c1ccccc1,TOX27074,0,0,0,0,,0,0,0,0,0,0,0,178.231,2.4994,0,2,26.3
C=C(C)[C@@H]1CC=C(C)CC1,TOX27078,0,0,0,0,,0,0,0,0,0,0,0,136.238,3.3089,0,0,0
O=[N+]([O-])[O-].O=[N+]([O-])[O-].[Ca+2],TOX19719,0,0,0,0,0,0,0,0,0,0,0,0,164.086,-0.859,0,6,132.4
Nc1ccc(N)c([N+](=O)[O-])c1,TOX957,0,0,1,0,,0,0,1,0,0,1,,153.141,0.7592,2,4,95.18
CC1COc2ccccc2N1,TOX24915,0,0,1,,0,0,0,0,0,0,,0,149.193,1.8794,1,2,21.26
O=C(O)c1cc(Cl)cc(Cl)c1O,TOX24914,0,0,0,0,0,0,0,0,0,0,,0,207.012,2.3972,2,2,57.53
CCCCCCCCCCCC(=O)NCCCN(C)C,TOX24913,0,,0,,,,,,0,,,,284.488,3.9752,1,2,32.34
CC(C)CCCCCOC(=O)CCS,TOX24911,0,0,0,0,0,0,0,0,0,0,0,0,218.362,3.0659,1,3,26.3
O=[N+]([O-])c1cc([As](=O)(O)O)ccc1O,TOX956,0,0,0,0,0,0,0,0,0,0,0,0,263.037,-1.1386,3,4,120.9
CCC(COC(=O)CCS)(COC(=O)CCS)COC(=O)CCS,TOX24919,0,0,0,0,0,0,0,0,0,0,0,1,398.568,1.9721,3,9,78.9
C=CCOc1c(Br)cc(Br)cc1Br,TOX24918,0,0,1,0,0,0,0,0,0,0,,0,370.866,4.5389,0,1,9.23
F[B-](F)(F)F.[H+],TOX9739,0,0,0,0,0,0,0,,0,0,0,0,87.812,1.4125,0,0,0
CC(C)[C@H]1CC[C@H](C)C[C@@H]1O,TOX9733,0,0,0,0,0,0,0,0,0,0,0,0,156.269,2.4395,1,1,20.23
C(=C/c1ccccc1)\c1ccccc1,TOX6050,0,0,1,,1,0,0,1,0,0,,0,180.25,3.857,0,0,0
Cc1ccc2c(ccc3ccccc32)c1,TOX5649,0,0,,,,0,0,0,0,0,,0,192.261,4.30142,0,0,0
Cn1c(=O)c2c(ncn2CC2OCCO2)n(C)c1=O,TOX2968,0,0,0,0,0,0,0,0,0,0,0,0,266.257,-1.1934,0,8,80.28
C[C@H]1O[C@@H](n2cc(F)c(=O)[nH]c2=O)[C@H](O)[C@@H]1O,TOX2967,0,0,0,0,1,1,0,,0,0,0,1,246.194,-1.6852,3,6,104.55
CN1CCc2cccc3c2[C@H]1Cc1ccc(O)c(O)c1-3,TOX2614,0,0,1,,,0,0,1,0,,,0,267.328,2.8499,2,3,43.7
COC(=O)C1=CCCN(C)C1,TOX2617,0,0,0,0,0,0,0,0,0,0,0,0,155.197,0.4213,0,3,29.54
COc1ccc(C2C(=O)c3ccccc3C2=O)cc1,TOX2611,,,,,,,,0,,0,,,252.269,2.858,0,3,43.37
Cc1ccc(C(=O)O)cc1[N+](=O)[O-],TOX5642,0,0,0,0,0,0,0,0,0,0,0,0,181.147,1.60142,1,3,80.44
Cc1cc(C(=O)O)ccc1[N+](=O)[O-],TOX5641,0,0,0,0,0,0,0,0,0,0,0,0,181.147,1.60142,1,3,80.44
CCCC(CCC)C(=O)O[C@@H]1C[C@@H]2CC[C@H](C1)[N+]2(C)C,TOX2612,0,0,0,0,0,0,0,,0,,0,0,282.448,3.5158,0,2,26.3
CCCCCC(C)O,TOX27158,0,0,0,0,0,0,0,0,0,0,0,0,116.204,1.9475,1,1,20.23
O=C([O-])c1ccccc1O,TOX1708,0,0,0,0,0,0,0,0,0,0,,0,137.114,-0.2443,1,3,60.36
NC(=O)c1ccccc1,TOX1709,0,0,0,0,0,0,0,0,0,0,0,0,121.139,0.7855,1,1,43.09
CCN1CCc2nc(N)oc2CC1,TOX25756,,,,,,,,0,,0,,,181.239,0.6773,1,4,55.29
CC(C)(C)[C@]1(O)CCN2C[C@H]3c4ccccc4CCc4cccc(c43)[C@@H]2C1,TOX25757,0,0,0,,,0,0,,0,,,0,361.529,4.8448,1,2,23.47
O=C1C(N(CO)C(=O)NCO)N(CO)C(=O)N1CO,TOX9559,0,0,0,0,0,0,0,0,0,0,0,0,278.221,-3.6125,5,7,153.88
O=c1[nH]c(=O)n([C@H]2C[C@H](O)[C@@H](CO)O2)cc1/C=C/Br,TOX25755,,0,0,0,0,0,0,,0,,0,0,333.138,-0.4571,3,6,104.55
OCCN1CCN(CCCN2c3ccccc3C=Cc3ccccc32)CC1,TOX25752,0,0,0,0,0,0,,0,0,0,,0,363.505,3.3085,1,4,29.95
CC(C)NC[C@@H](O)COc1ccc(CC(N)=O)cc1,TOX25753,0,0,0,0,0,0,0,0,0,0,0,0,266.341,0.4521,3,4,84.58
CCNC(=O)N1CCN(CCCC(c2ccc(F)cc2)c2ccc(F)cc2)CC1,TOX25750,0,,0,,,0,,1,0,0,0,0,401.501,4.224,1,2,35.58
Nc1ccc([N+](=O)[O-])cc1N,TOX958,0,0,1,0,1,1,0,1,0,,1,0,153.141,0.7592,2,4,95.18
[I-].[K+],TOX14836,0,0,0,0,0,0,0,0,0,0,0,0,166.002,-5.992,0,0,0
O=C(C=Cc1ccc(O)c(O)c1)O[C@@H]1C[C@](O)(C(=O)O)C[C@@H](O)[C@H]1O,TOX4786,0,0,0,0,0,0,0,0,0,0,0,0,354.311,-0.6459,6,8,164.75
Oc1nc(Cl)c(Cl)cc1Cl,TOX18317,0,,1,,0,0,,1,0,0,1,0,198.436,2.7474,1,2,33.12
C/C=C/C=C/C=O,TOX5391,0,0,0,0,0,0,0,1,0,0,0,0,96.129,1.3176,0,1,17.07
O=[N+]([O-])c1cc(C(F)(F)F)cc([N+](=O)[O-])c1Cl,TOX4781,1,,0,,,0,,1,0,0,,0,270.55,3.1752,0,4,86.28
C[Si](C)(C)N[Si](C)(C)C,TOX5395,0,0,0,0,0,1,0,0,0,0,0,0,161.397,2.2458,1,1,12.03
C=CC(=O)OCCCl,TOX4783,0,0,0,0,0,0,0,,0,0,0,0,134.562,0.9544,0,2,26.3
COCC(C)N(C(=O)CCl)c1c(C)csc1C,TOX12376,0,0,0,1,0,0,,1,0,0,,0,275.801,2.97164,0,3,29.54
CN(C)CCn1nnnc1SCC1=C(C(=O)O)N2C(=O)[C@@H](NC(=O)Cc3csc(N)n3)[C@H]2SC1,TOX25538,0,0,0,0,0,0,0,,0,0,0,0,525.642,-0.6532,3,13,172.46
C/C(=N\NC(=O)Nc1cc(F)cc(F)c1)c1ncccc1C(=O)[O-],TOX12375,0,0,,0,0,0,0,0,0,0,0,0,333.274,1.269,2,5,106.51
CC1COC(Cn2cncn2)(c2ccc(Oc3ccc(Cl)cc3)cc2Cl)O1,TOX12372,0,0,0,,,,,1,,0,,,406.269,4.6655,0,6,58.4
CCN(CC)CCOC(=O)C(Cc1cccc2ccccc12)CC1CCCO1,TOX25533,0,0,0,0,0,0,0,0,0,0,0,0,383.532,4.4526,0,4,38.77
CCN[C@H]1C[C@H](C)S(=O)(=O)c2sc(S(N)(=O)=O)cc21,TOX25530,0,0,0,0,0,0,0,0,0,0,0,0,324.449,0.612,2,6,106.33
CCN[C@H]1CN(CCCOC)S(=O)(=O)c2sc(S(N)(=O)=O)cc21,TOX25531,0,0,0,0,0,0,0,0,0,0,0,0,383.517,0.0869,2,7,118.8
CC(C)N(CCC(C(N)=O)(c1ccccc1)c1ccccn1)C(C)C,TOX25536,0,0,0,0,0,0,0,0,0,0,0,0,339.483,3.3619,1,3,59.22
CC[C@H]1[C@@H]2C[C@H]3[C@@H]4N(C)c5ccccc5[C@]45C[C@@H](C2[C@H]5O)N3[C@@H]1O,TOX25537,0,0,0,0,0,0,0,,0,,,0,326.44,1.5545,2,4,46.94
CC1(C)O[C@@H]2C[C@H]3[C@@H]4C[C@H](F)C5=CC(=O)C=C[C@]5(C)[C@H]4[C@@H](O)C[C@]3(C)[C@]2(C(=O)CO)O1,TOX25534,1,0,0,,0,,0,0,,0,,0,434.504,2.2747,2,6,93.06
CSC(=O)c1c(C(F)F)nc(C(F)(F)F)c(C(=O)SC)c1CC(C)C,TOX12379,0,0,0,,0,0,0,0,0,0,,0,401.422,5.2429,0,5,47.03
O=C(O)/C=C(\CC(=O)O)C(=O)O,TOX28632,0,0,0,0,,0,0,0,0,0,0,0,174.108,-0.4433,3,3,111.9
CCCCCCCCCCCCCCCC(=O)O[C@@H]1CC(C)=C(/C=C/C(C)=C/C=C/C(C)=C/C=C\C=C(C)\C=C\C=C(C)\C=C\C2=C(C)C[C@@H](OC(=O)CCCCCCCCCCCCCCC)CC2(C)C)C(C)(C)C1,TOX28633,0,0,0,0,0,0,0,,0,,0,0,1045.716,22.6118,0,4,52.6
O=C(CO)[C@@H](O)[C@H](O)[C@@H](O)CO,TOX28630,,,,,,,,0,,0,,,180.156,-3.3772,5,6,118.22
CC1=C(C(=O)Nc2ccccc2)S(=O)(=O)CCO1,TOX14792,0,0,0,,,0,,1,0,,,1,267.306,1.3016,1,4,72.47
CNCC(=O)c1ccc(O)c(O)c1,TOX28636,,,,,,,,0,,0,,,181.191,0.4999,3,4,69.56
CC(C)(C)C1CCC(=O)CC1,TOX24394,0,0,0,,0,0,0,0,0,1,0,0,154.253,2.7918,0,1,17.07
CN(C)[C@@H]1C(O)=C(C(=O)NCN2CCCC2)C(=O)[C@@]2(O)C(O)=C3C(=O)c4c(O)cccc4[C@@](C)(O)C3C[C@@H]12,TOX3568,0,0,0,0,0,0,0,0,0,0,0,0,527.574,0.4698,6,10,170.87
CN1CCN=C(c2ccccc2)c2cc(Cl)ccc21,TOX28634,0,0,,0,0,0,0,,0,,0,,270.763,3.6272,0,2,15.6
CN(C)CCc1c[nH]c2ccc(Cn3cncn3)cc12,TOX3565,0,0,0,0,0,0,0,,0,,0,0,269.352,1.9118,1,4,49.74
CCCCC(=O)[O-],TOX28635,0,0,0,0,0,0,0,,0,,0,0,101.125,-0.0735,0,2,40.13
CCCCCCCCCCCCCC(=O)OC,TOX7019,0,0,0,0,0,0,0,0,0,0,0,0,242.403,4.8605,0,2,26.3
Nc1ccncc1N,TOX26715,,,,,,,,0,,0,,,109.132,0.246,2,3,64.93
CCCCCCC(C)O,TOX7014,0,0,0,0,0,0,0,0,0,0,0,0,130.231,2.3376,1,1,20.23
CCC[Si](OC)(OC)OC,TOX22494,0,0,0,0,0,0,0,0,0,0,0,0,164.277,1.2745,0,3,27.69
CC1=C(CC=O)C(C)(C)CCC1,TOX27088,0,0,0,0,0,0,0,0,0,0,0,0,166.264,3.102,0,1,17.07
NCCNCCNCCN,TOX3702,0,0,0,0,,0,0,0,0,0,0,0,146.238,-1.917,4,4,76.1
C[C@]12CC[C@H]3[C@@H](CC[C@@]45O[C@@H]4C(O)=C(C#N)C[C@]35C)[C@@H]1CC[C@@H]2O,TOX3706,1,1,0,,1,0,0,1,0,0,,1,329.44,3.46688,2,4,76.78
CCCC1COC(Cn2cncn2)(c2ccc(Cl)cc2Cl)O1,TOX4280,0,0,1,1,,0,0,1,0,0,0,0,342.226,3.6534,0,5,49.17
Cc1ccc(N)c(N)c1,TOX4930,0,0,1,0,1,1,0,1,1,1,,0,122.171,1.15942,2,2,52.04
CCCCCNCCCCC,TOX4931,0,0,0,0,0,0,0,0,0,0,0,0,157.301,2.9564,1,1,12.03
COCC(C)O,TOX4284,0,0,0,0,1,0,0,0,0,0,0,0,90.122,0.0136,1,2,29.46
c1ccc2c(c1)Oc1ccccc1S2,TOX4937,0,0,0,0,1,0,0,0,0,0,1,0,200.262,3.9435,0,2,9.23
CC1CN1,TOX4286,0,0,0,0,0,0,0,0,0,0,0,0,57.096,-0.0219,1,1,21.94
CCc1cnc(C2=NC(C)(C(C)C)C(=O)N2)c(C(=O)O)c1,TOX4287,0,0,0,0,0,0,0,0,0,0,0,0,289.335,1.6333,2,4,91.65
NCC(=O)CCC(=O)O,TOX25914,,,,,,,,,,0,,,131.131,-0.621,2,3,80.39
Clc1ccc(C(Cn2ccnc2)OCc2c(Cl)cccc2Cl)c(Cl)c1,TOX25447,0,,,1,0,,0,,0,1,0,,416.135,6.4548,0,3,27.05
Clc1cnc(Oc2ccc(Oc3ncc(Cl)cc3Cl)cc2)c(Cl)c1,TOX175,0,0,0,0,0,0,0,0,0,0,1,0,402.064,6.6748,0,4,44.24
COc1ccccc1OCCNCC(O)COc1cccc2[nH]c3ccccc3c12,TOX25916,0,0,1,0,,0,0,0,0,0,1,0,406.482,3.738,3,5,75.74
ClCOCCl,TOX173,0,0,0,0,1,0,0,0,0,0,0,0,114.959,1.3956,0,1,9.23
CC(O)CNCC(C)O,TOX179,0,0,0,0,0,0,0,0,0,0,0,0,133.191,-0.6624,3,3,52.49
C[C@H](CCC(=O)[O-])[C@H]1CC[C@H]2[C@H]3[C@H](C[C@H](O)[C@@]21C)[C@@]1(C)CC[C@@H](O)C[C@H]1C[C@H]3O,TOX13979,0,0,,0,0,0,0,0,0,0,0,0,407.571,2.114,3,5,100.82
CC(=O)[C@H]1[C@H](C#N)C[C@H]2[C@@H]3CC=C4C[C@@H](O)CC[C@]4(C)[C@H]3CC[C@@]21C,TOX17262,0,0,0,,,0,0,1,0,0,0,0,341.495,4.26498,1,3,61.09
O=[N+]([O-])c1ccc([As](=O)(O)O)cc1,TOX25007,0,0,0,0,0,0,0,,0,0,0,0,247.038,-0.8442,2,3,100.67
CCOC(=O)C1OC1c1ccccc1,TOX5886,0,0,0,0,0,0,0,,0,0,0,0,192.214,1.6896,0,3,38.83
ONc1ccccc1,TOX5889,0,0,1,,1,0,0,,0,0,,0,109.128,1.4877,2,2,32.26
O=CC(=O)c1ccccc1,TOX5888,0,0,0,0,0,0,0,0,0,,0,0,134.134,1.0682,0,2,34.14
[Cu]I,TOX21803,0,0,0,0,,0,0,,0,1,0,0,190.45,0.8832,0,0,0
CCCCC(CC)CCC(CC(C)C)OS(=O)(=O)[O-],TOX21530,0,0,0,0,0,0,0,0,0,0,0,0,293.449,3.8745,0,4,66.43
ClCc1ccc(Cl)cc1Cl,TOX25005,0,0,0,0,0,0,0,,0,0,,,195.476,3.7322,0,0,0
O=C(O)CCCCCCCCC(=O)O,TOX6867,0,0,0,0,0,0,0,0,0,0,0,0,202.25,2.2764,2,2,74.6
CCCCCCCC(=O)OC,TOX6864,0,0,0,0,0,0,0,0,0,0,0,0,158.241,2.5199,0,2,26.3
CC(O)COCC(C)O,TOX6863,0,0,0,0,0,0,0,0,0,0,0,0,134.175,-0.2354,2,3,49.69
Cc1ccc(C(=O)C(=O)[O-])cc1C,TOX31626,,,,,,,,0,,0,,,177.179,0.23604,0,3,57.2
O=C([O-])COc1nn(Cc2ccccc2)c2ccccc12,TOX26644,0,,0,0,0,0,0,0,0,0,0,0,281.291,1.2133,0,5,67.18
Cc1ncc[nH]1,TOX2107,0,0,1,0,0,0,0,0,0,0,0,0,82.106,0.71812,1,1,28.68
COc1ccc2sc(C(=O)Nc3nnn[n-]3)c(OC(C)C)c2c1,TOX27268,0,,0,1,,0,1,,0,0,,,332.365,2.0916,1,7,100.33
Oc1ccc2c(c1)OC[C@@H](N1CCC(O)(c3ccc(F)cc3)CC1)[C@H]2O,TOX27264,0,0,1,,1,0,0,0,1,0,,0,359.397,2.3093,3,5,73.16
O=C(O)CCN(C1(C(=O)NO)CCCC1)S(=O)(=O)c1ccc(Oc2ccc(F)cc2)cc1,TOX27265,0,0,0,0,0,0,0,,0,0,,0,466.487,2.9016,3,6,133.24
O=C(NO)C1(NS(=O)(=O)c2ccc(Oc3ccc(F)cc3)cc2)CCOCC1,TOX27266,0,0,0,0,,0,0,,0,0,0,0,410.423,1.9509,3,6,113.96
Cc1nc(C)nc(N2C[C@H](C)N(c3ccnc([C@@H](C)O)n3)[C@H](C)C2)n1,TOX27267,0,0,0,,0,0,0,,0,0,0,0,343.435,1.43534,1,8,91.16
CC[C@H](C)[C@@H](C(=O)O)n1sc2ccccc2c1=O,TOX27261,0,0,0,0,0,0,0,1,0,0,,0,265.334,2.7348,1,4,59.3
Cc1cc(SC2=C(O)C[C@@](CCc3ccc(N)cc3)(C(C)C)OC2=O)c(C(C)(C)C)cc1CO,TOX27262,0,,0,0,0,0,,0,0,0,0,0,483.674,6.20322,3,6,92.78
CCn1nc(C)c2c1C(=O)NCC(c1ccc(O)cc1)=N2,TOX27263,0,0,,0,0,0,0,,0,0,0,0,284.319,1.78122,2,5,79.51
C[C@]12C[C@H](O)[C@H]3[C@@H](CCC4=CC(=O)CC[C@@]43C)[C@@H]1CC[C@]2(O)C(=O)COP(=O)([O-])[O-],TOX26647,1,1,0,,1,,0,,0,,0,0,440.429,0.6346,2,8,147.02
CN1C[C@H]2c3ccccc3Oc3ccc(Cl)cc3[C@@H]2C1,TOX28974,,,,,,,,0,,0,,,285.774,4.2585,0,2,12.47
CO[C@H]1C[C@H](O[C@@H]2[C@@H](C)C(=O)O[C@H](C)[C@H](C)[C@H](OC(C)=O)[C@@H](C)C(=O)[C@@]3(CO3)C[C@H](C)[C@H](O[C@@H]3O[C@H](C)C[C@H](N(C)C)[C@H]3OC(C)=O)[C@H]2C)O[C@@H](C)[C@@H]1OC(C)=O,TOX3721,0,0,0,0,0,0,0,,0,,0,0,813.979,3.6209,0,16,184.19
CO[Si](C)(C)OC,TOX22379,0,0,0,0,0,0,0,0,0,0,0,0,120.224,0.981,0,2,18.46
CC(O)(c1ccc(Cl)cc1)c1ccc(Cl)cc1,TOX20283,0,0,0,,0,0,,,0,0,1,0,267.155,4.2492,1,1,20.23
CN(C)C(=O)Nc1ccc(Oc2ccc(Cl)cc2)cc1,TOX20287,0,0,1,1,,0,0,1,0,0,1,0,290.75,4.2258,1,2,41.57
CC(=O)c1ccccc1O,TOX20285,0,0,0,,0,0,0,0,0,0,0,0,136.15,1.5948,1,2,37.3
O=C(O)Cc1c(Cl)ccc(Cl)c1Cl,TOX20284,0,0,0,0,0,0,1,0,0,0,0,0,239.485,3.2739,1,1,37.3
O=C(O)c1cccc(Cl)n1,TOX20289,0,0,0,0,0,0,0,0,0,,0,0,157.556,1.4332,1,2,50.19
CCCCCCCCCC=O,TOX1553,0,0,0,0,,0,,0,0,0,0,0,156.269,3.326,0,1,17.07
Cc1ccc(C(C)(C)C)cc1,TOX4704,0,0,0,0,0,0,0,0,0,0,0,0,148.249,3.29252,0,0,0
BrCBr,TOX1557,0,0,0,0,0,0,0,0,0,0,0,0,173.835,1.7337,0,0,0
Nc1cc(Cl)cc(Cl)c1,TOX10307,0,0,0,0,0,0,0,0,0,0,0,0,162.019,2.5756,1,1,26.02
CCCCCCCCCC(=O)O,TOX1554,0,0,0,0,0,0,0,0,0,0,,0,172.268,3.2117,1,1,37.3
CC(C)(C)c1cc([N+](=O)[O-])cc(C(C)(C)C)c1O,TOX1559,0,,0,,,,0,,,,1,,251.326,3.8954,1,3,63.37
O.O.O.O.O.O.O=[N+]([O-])[O-].O=[N+]([O-])[O-].[Mg+2],TOX27484,0,0,0,0,0,0,0,0,0,0,0,0,256.403,-5.8072,0,6,321.4
CCCCCCCCCOS(=O)(=O)[O-],TOX27487,0,0,0,0,1,0,0,0,0,0,0,0,223.314,2.2138,0,4,66.43
O=Cc1ccc(C(=O)O)cc1,TOX7249,0,0,0,0,0,0,0,1,0,0,0,0,150.133,1.1973,1,2,54.37
CCC(Cl)CCl,TOX7244,0,0,0,0,0,0,0,0,0,0,0,0,127.014,2.2426,0,0,0
CC(C)(O)c1ccccc1,TOX7247,0,,0,,0,0,0,0,0,0,,0,136.194,1.914,1,1,20.23
O=C1CCCN1,TOX7246,0,0,0,0,1,0,0,0,0,0,0,0,85.106,-0.1036,1,1,29.1
ClCc1ccccc1Cl,TOX7241,0,,0,0,0,0,0,0,0,0,,0,161.031,3.0788,0,0,0
Cc1ccc([N+](=O)[O-])c([N+](=O)[O-])c1,TOX7240,0,0,,0,0,0,0,1,0,0,,0,182.135,1.81142,0,4,86.28
N#CC1(N=NC2(C#N)CCCCC2)CCCCC1,TOX24613,0,0,0,0,0,0,0,0,0,0,0,0,244.342,3.89156,0,4,72.3
C=CC(=O)OCCOC(=O)C=C,TOX24615,0,,0,0,1,1,1,1,1,,0,,170.164,0.4448,0,4,52.6
CCCC[P+](CCCC)(CCCC)CCCC,TOX24616,0,0,0,0,0,0,0,0,0,0,0,,259.438,6.2044,0,0,0
N#CCc1cccc(C(F)(F)F)c1,TOX24617,0,0,0,0,0,0,0,0,0,,0,0,185.148,2.77148,0,1,23.79
COc1cccc(Br)c1,TOX24618,0,0,0,0,0,0,0,0,0,0,0,0,187.036,2.4577,0,1,9.23
CCCCCCCCNC,TOX24619,0,0,0,0,0,0,0,0,0,0,0,0,143.274,2.5663,1,1,12.03
CCC1OCC(COc2ccc(Oc3ccccc3)cc2)O1,TOX21884,0,,1,,1,0,0,,0,,,0,300.354,4.0092,0,4,36.92
CC1=C(C(=O)Nc2ccccc2)SCCO1,TOX3951,0,0,1,,1,0,0,0,1,0,0,0,235.308,2.62,1,3,38.33
CCCCN(CCCC)SN(C)C(=O)Oc1cccc2c1OC(C)(C)C2,TOX3950,0,0,1,,1,0,,0,0,1,,0,380.554,5.2961,0,5,42.01
Cc1cc(OC(=O)N(C)C)nn1C(=O)N(C)C,TOX21880,0,0,0,0,0,0,0,0,0,0,0,0,240.263,0.78162,0,5,67.67
Cc1ccc2c(Br)cc(Br)c(O)c2n1,TOX26235,0,0,1,0,,0,,,1,1,1,,316.98,3.77382,1,2,33.12
O=c1c(O)c(-c2ccc(O)cc2)oc2cc(O)cc(O)c12,TOX768,0,0,1,1,1,1,,0,0,0,1,0,286.239,2.2824,4,6,111.13
CC(O)COc1ccccc1,TOX7312,0,0,0,0,0,0,0,0,0,0,0,0,152.193,1.4462,1,2,29.46
O=P1(NCCCl)OCCCN1CCCl,TOX760,0,0,0,0,0,0,0,0,0,0,0,0,261.089,1.884,1,2,41.57
C=CC(=C)C,TOX761,,,,,,0,0,0,0,0,0,0,68.119,1.7485,0,0,0
CC(C)O,TOX762,0,,0,,0,0,0,0,0,,0,0,60.096,0.3871,1,1,20.23
CC(C)OC(=O)Nc1cccc(Cl)c1,TOX764,0,0,,,0,0,0,0,1,0,,0,213.664,3.2969,1,2,38.33
CC(C)OC(=O)Nc1ccccc1,TOX766,0,0,0,,1,0,0,0,0,0,0,0,179.219,2.6435,1,2,38.33
CC=Cc1ccc2c(c1)OCO2,TOX767,0,0,0,0,0,0,0,0,0,0,0,0,162.188,2.4484,0,2,18.46
CCCC(CCC)C(=O)[O-],TOX17072,0,0,0,,0,0,0,0,0,0,0,0,143.206,0.9527,0,2,40.13
CC1COc2c(N3CCN(C)CC3)c(F)cc3c(=O)c(C(=O)O)cn1c23,TOX21085,0,0,0,0,0,0,0,0,0,0,0,0,361.373,1.544,1,6,75.01
CC(=O)Oc1cc(C)c(OC(C)=O)c2ccccc12,TOX26236,0,0,1,,,0,,,0,,,1,258.273,2.99882,0,4,52.6
CCN(Cc1ccc(Cl)nc1)/C(=C/[N+](=O)[O-])NC,TOX21080,0,0,0,0,0,0,0,0,0,0,0,0,270.72,1.8519,1,5,71.3
CC1CCC(C(C)C)C(OC(=O)c2ccccc2N)C1,TOX27871,0,0,0,0,1,1,0,0,0,,1,,275.392,3.8864,1,3,52.32
O=C(c1ccccc1)c1cc(Cl)ccc1O,TOX27870,0,0,,1,,,0,,0,0,1,0,232.666,3.2766,1,2,37.3
OC[C@]1(O)OC[C@@H](O)[C@H](O)[C@@H]1O,TOX27873,0,0,0,0,0,0,0,0,0,0,0,0,180.156,-3.2198,5,6,110.38
Cc1ccc(C=C2C(=O)C3CCC2C3(C)C)cc1,TOX27872,0,0,0,0,0,,0,0,0,0,1,0,240.346,4.01352,0,1,17.07
CC(C)C[P+](C)(CC(C)C)CC(C)C,TOX27875,0,0,0,0,0,0,0,0,0,0,0,0,217.357,4.6018,0,0,0
C=C1C[C@]23CC[C@@H]4[C@](C)(C(=O)O[C@@H]5O[C@H](CO)[C@@H](O)[C@H](O)[C@H]5O)CCC[C@]4(C)[C@@H]2C[C@@H](O[C@@H]2O[C@H](CO)[C@@H](O)[C@H](O[C@@H]4O[C@H](CO)[C@@H](O)[C@H](O)[C@H]4O)[C@H]2OC2O[C@H](CO)[C@@H](O)[C@H](O)[C@H]2O)[C@@H]1C3,TOX27874,0,0,0,0,0,0,0,0,0,0,0,0,967.021,-5.258,14,23,374.13
CCCCCCCC[P+](CCCCCCCC)(CCCCCCCC)CCCCCCCC,TOX27876,0,,,1,,,,,,,1,,483.87,12.446,0,0,0
CCCCC(CC)COC(=O)c1ccc(C(=O)OCC(CC)CCCC)c(C(=O)OCC(CC)CCCC)c1,TOX6265,0,0,0,0,1,0,0,0,0,0,0,0,546.789,8.8062,0,6,78.9
O=c1n(CCO)c(=O)n(CCO)c(=O)n1CCO,TOX6266,0,0,0,0,0,0,0,0,0,1,0,0,261.234,-3.8514,3,9,126.69
Cc1cc(C)cc(OP(=O)(Oc2cc(C)cc(C)c2)Oc2cc(C)cc(C)c2)c1,TOX6267,0,0,1,0,0,0,0,,0,0,,0,410.45,7.18202,0,4,44.76
O=P(OC(CCl)CCl)(OC(CCl)CCl)OC(CCl)CCl,TOX6261,0,0,0,1,0,0,0,0,0,0,,0,430.907,4.6829,0,4,44.76
O=c1n(CC2CO2)c(=O)n(CC2CO2)c(=O)n1CC1CO1,TOX6262,0,0,0,,0,0,0,1,1,1,0,1,297.267,-2.6319,0,9,103.59
Cc1cc(-c2ccc(N=Nc3c(S(=O)(=O)[O-])cc4cc(S(=O)(=O)[O-])cc(N)c4c3O)c(C)c2)ccc1N=Nc1c(S(=O)(=O)[O-])cc2cc(S(=O)(=O)[O-])cc(N)c2c1O,TOX6268,0,0,,,,0,0,,,,,0,868.862,5.29964,4,20,370.74
O=C(O)c1ccc(O)cc1O,TOX5074,0,0,0,0,0,0,0,0,0,0,0,0,154.121,0.796,3,3,77.76
O=C1c2c(O)ccc([N+](=O)[O-])c2C(=O)c2c([N+](=O)[O-])ccc(O)c21,TOX5076,0,,,,,,,1,,,1,,330.208,1.6896,2,8,160.88
CC1=CC(C)(C)Nc2ccccc21,TOX5070,0,0,0,0,0,0,0,0,0,0,1,0,173.259,3.294,1,1,12.03
Cc1cc(=O)oc2cc(O)cc(O)c12,TOX5078,0,0,1,0,,0,,,0,,1,,192.17,1.51262,2,4,70.67
CC(C)CNCC(C)C,TOX5079,0,0,0,0,0,0,0,0,0,0,0,0,129.247,1.888,1,1,12.03
CNC1(c2ccccc2Cl)CCCCC1=O,TOX3187,0,0,0,0,0,0,0,,0,,0,0,237.73,2.8978,1,2,29.1
Cc1ccccc1OCC(O)CNCCOc1ccc(C(N)=O)cc1,TOX26230,0,0,0,0,0,0,0,,0,,0,0,344.411,1.50222,3,5,93.81
O=c1oc2cc(O)ccc2c2oc3cc(O)ccc3c12,TOX2399,0,0,1,,1,,,,1,,1,0,268.224,3.1036,2,5,83.81
COc1ccc(-c2coc3cc(O)cc(O)c3c2=O)cc1,TOX2394,0,,1,,1,1,,1,1,0,,,284.267,2.8798,2,5,79.9
O=c1cc(-c2ccccc2)oc2cc(O)cc(O)c12,TOX2396,0,0,1,,1,1,1,1,0,,1,,254.241,2.8712,2,4,70.67
O=c1cc(-c2ccc(O)cc2)oc2cc(O)cc(O)c12,TOX2391,0,0,1,,1,1,,1,1,0,1,1,270.24,2.5768,3,5,90.9
O=C(CCc1ccc(O)cc1)c1c(O)cc(O)cc1O,TOX2393,,,,,1,1,,1,0,0,1,,274.272,2.3245,4,5,97.99
CCC(=O)N(c1ccccc1)C1CCN(CCc2ccccc2)CC1,TOX3049,1,1,0,0,0,0,0,,0,,0,0,336.479,4.1367,0,2,23.55
O=C(O)CCC(=O)c1ccc(-c2ccccc2)cc1,TOX3043,0,,,,0,0,0,0,0,0,,0,254.285,3.4011,1,2,54.37
CCOC(=O)C1=C(C)NC(C)=C(C(=O)OC)C1c1cccc(Cl)c1Cl,TOX3042,0,,,,0,,0,1,0,,,,384.259,3.9643,1,5,64.63
NC(=O)OCC(COC(N)=O)c1ccccc1,TOX3041,0,0,0,0,0,0,0,0,0,0,0,0,238.243,0.9608,2,4,104.64
CCNC(C)Cc1cccc(C(F)(F)F)c1,TOX3044,0,0,0,0,0,0,0,,0,,,0,231.261,3.2459,1,1,12.03
COC(=O)c1ccc(C)cc1C1=NC(=O)C(C)(C(C)C)N1,TOX12412,0,0,0,0,0,0,0,0,0,0,0,0,288.347,2.07272,1,4,67.76
CCOP(=S)(NC(C)C)Oc1ccccc1C(=O)OC(C)C,TOX12417,0,0,1,1,0,0,0,,0,0,,0,345.401,3.8896,1,5,56.79
CSc1nc(NC2CC2)nc(NC(C)(C)C)n1,TOX12416,0,0,1,,0,0,0,,0,,1,0,253.375,2.3782,2,6,62.73
C[C@]12CC[C@H]3[C@@H](CCC4=CC(=O)CC[C@@]43C)[C@@H]1CC[C@@H]2C(=O)CO,TOX25254,1,1,0,,1,0,0,,0,0,0,0,330.468,3.6959,1,3,54.37
CN(C)[C@@H]1C(O)=C(C(N)=O)C(=O)[C@@]2(O)C(O)=C3C(=O)c4c(O)ccc(Cl)c4[C@@H](O)[C@H]3C[C@@H]12,TOX25252,,,,,,,,0,,0,,,464.858,0.2649,6,9,181.62
CCC1(C)CC(=O)NC(=O)C1,TOX25250,0,0,0,0,0,0,0,,0,,0,0,155.197,0.8393,1,2,46.17
O=C1NCN(c2ccccc2)C12CCN(CCCOc1ccc(F)cc1)CC2,TOX22579,0,0,0,,,0,0,1,0,0,1,0,383.467,3.0231,1,4,44.81
NC(=S)NNC(N)=S,TOX545,0,0,0,0,0,0,0,0,0,0,0,0,150.232,-1.4322,4,2,76.1
NC(=S)C(N)=S,TOX546,0,0,0,0,0,0,0,,0,0,0,0,120.202,-0.4414,2,2,52.04
CC1CN1P(=O)(N1CC1C)N1CC1C,TOX815,0,0,0,0,0,0,,0,0,0,0,0,215.237,1.2068,0,1,26.1
O=C(Oc1ccccc1)Oc1ccccc1,TOX540,0,0,0,0,0,0,0,0,0,0,0,0,214.22,3.2644,0,3,35.53
C[Hg]Cl,TOX813,0,0,0,,0,,1,,1,1,,1,251.078,1.2708,0,0,0
S=c1[nH]cnc2[nH]cnc12,TOX810,0,0,1,,0,0,,1,0,0,0,1,152.182,1.01549,2,3,57.36
[Hg+2],TOX811,0,1,1,,,1,1,,,1,,1,200.59,-0.0025,0,0,0
CCCCCCCCCCCCNC(=N)N,TOX548,0,0,0,0,0,0,0,,0,0,,0,227.396,3.39037,3,1,61.9
CN(C)CCN(Cc1cccs1)c1ccccn1,TOX818,0,0,0,0,0,0,0,0,0,0,0,0,261.394,2.7113,0,4,19.37
COc1nn(CSP(=S)(OC)OC)c(=O)s1,TOX819,0,0,0,0,0,0,0,0,0,,0,0,302.339,1.5214,0,9,62.58
NC1=NCC2c3ccccc3Cc3ccccc3N12,TOX26502,0,0,0,0,0,0,0,0,0,0,0,,249.317,2.4668,1,3,41.62
CC(=O)[C@H]1CC[C@H]2[C@@H]3CC[C@H]4C[C@](C)(O)CC[C@]4(C)[C@H]3CC[C@]12C,TOX26503,0,0,0,0,0,0,0,0,0,0,0,0,332.528,4.9853,1,2,37.3
O=C([O-])CCC/C=C\C[C@H]1[C@@H](O)C[C@@H](O)[C@@H]1/C=C/[C@@H](O)COc1cccc(Cl)c1,TOX26500,0,0,0,0,0,0,0,,0,,,0,423.913,1.8603,3,6,110.05
O=C(O)Cc1ccc(CCNS(=O)(=O)c2ccc(Cl)cc2)cc1,TOX26501,0,0,0,0,0,0,1,0,0,0,0,0,353.827,2.4881,2,3,83.47
NC(=O)c1cn(Cc2c(F)cccc2F)nn1,TOX26506,0,0,0,0,0,0,0,0,0,0,0,0,238.197,0.7035,1,4,73.8
COc1ccc(C=CC(=O)OCCC(C)C)cc1,TOX26055,0,0,,,,0,0,,,,0,0,248.322,3.2977,0,3,35.53
O=C(NC1CCN(CCc2c[nH]c3ccccc23)CC1)c1ccccc1,TOX26504,0,0,,0,0,0,0,0,0,0,0,0,347.462,3.6048,2,2,48.13
CCn1cc[n+](C)c1C.O=S(=O)([O-])C(F)(F)F,TOX29089,0,0,0,0,1,0,0,0,0,0,0,0,274.264,0.69232,0,4,66.01
Clc1ccc2cc3ccccc3cc2c1,TOX29086,0,,1,,,,,0,0,,,1,212.679,4.6464,0,0,0
CCCCn1cc[n+](C)c1.F[B-](F)(F)F,TOX29087,0,0,0,0,0,0,0,1,0,0,0,0,226.026,2.4127,0,1,8.81
F/C(COc1ccc2c(c1)[nH]c1ccccc12)=C1/CN2CCC1CC2,TOX26508,0,0,1,,0,0,,,0,,,0,336.41,4.6491,1,2,28.26
CC(C)Cc1ccc([C@@H](C)C(=O)NS(C)(=O)=O)cc1,TOX26509,0,0,0,0,0,0,0,,0,,0,0,283.393,2.0644,1,3,63.24
CCCCN(CCCC)C(=S)SSC(=S)N(CCCC)CCCC,TOX29082,0,0,0,,0,0,,,0,1,,0,408.768,6.742,0,4,6.48
CCC[n+]1ccn(C)c1C.O=S(=O)([N-]S(=O)(=O)C(F)(F)F)C(F)(F)F,TOX29083,0,0,0,0,0,0,0,0,0,0,,0,419.369,2.09032,0,5,91.19
Brc1c2ccccc2cc2ccccc12,TOX29080,0,,0,,1,,1,,0,,,1,257.13,4.7555,0,0,0
CCO/C=C1\N=C(c2ccccc2)OC1=O,TOX29081,0,0,,0,0,0,0,0,0,0,0,0,217.224,1.8679,0,4,47.89
CNc1cc(OC)c(C(=O)N[C@H]2CCN(Cc3ccccc3)[C@H]2C)cc1Cl,TOX22612,0,0,0,0,0,0,0,,0,,0,0,387.911,3.7831,2,4,53.6
CCN1CCCC1CNC(=O)c1cc(S(=O)(=O)CC)c(N)cc1OC,TOX22613,0,0,0,0,0,0,0,0,0,0,0,0,369.487,1.2851,2,6,101.73
COc1cc2c(cc1OC)C1CC(=O)C(CC(C)C)CN1CC2,TOX22614,0,0,0,0,0,0,0,0,0,0,,0,317.429,3.2381,0,4,38.77
Cc1cc(C)cc(C(=O)OC2C[C@@H]3CC[C@H](C2)N3C)c1,TOX22618,0,0,0,0,0,0,0,,0,,0,0,273.376,3.08544,0,3,29.54
CC[N+]1(C)CCCC1.O=S(=O)([O-])C(F)(F)F,TOX29331,0,0,0,0,0,0,0,0,0,0,0,0,263.281,1.2981,0,3,57.2
COP(=O)(OC)SCn1c(=O)oc2cc(Cl)cnc21,TOX14818,0,0,1,,0,0,0,1,0,0,,,324.682,2.7345,0,8,83.56
CNC(=O)/C=C(\C)OP(=O)(OC)OC,TOX14816,0,0,0,0,0,0,0,0,0,0,0,0,223.165,1.0537,1,5,73.86
Cc1occc1SSc1ccoc1C,TOX27673,0,,0,,0,0,0,,0,1,0,1,226.322,4.28884,0,4,26.28
Cc1cc(C(F)(C(F)(F)F)C(F)(F)F)ccc1NC(=O)c1cccc(I)c1C(=O)NC(C)(C)CS(C)(=O)=O,TOX27672,0,0,0,0,,0,,,0,1,1,0,682.396,5.69432,2,4,92.34
CC=CC(=O)CC,TOX27670,0,0,0,0,0,0,0,0,0,0,0,0,98.145,1.5416,0,1,17.07
CC1OCCC1=O,TOX27677,0,0,0,0,0,0,0,0,0,0,0,0,100.117,0.3643,0,2,26.3
CC1CCCC(=O)C1=O,TOX27675,0,0,0,0,0,0,0,0,0,0,0,0,126.155,0.9446,0,2,34.14
CC1=C(O)C(=O)OC1C,TOX27674,0,0,0,0,0,0,0,,0,0,0,0,128.127,0.7637,1,3,46.53
CCCCCc1ccco1,TOX27679,0,0,0,,0,0,,,0,,1,,138.21,3.0123,0,1,13.14
c1cnc2c(n1)CCCC2,TOX27678,0,0,0,0,0,0,0,0,0,0,0,0,134.182,1.3554,0,2,25.78
CCCCc1ccc2cccc(S(=O)(=O)[O-])c2c1,TOX21703,0,0,0,0,0,0,0,0,0,0,0,0,263.338,3.0865,0,3,57.2
Cc1cc(S(=O)(=O)[O-])ccc1/N=N/c1c(O)ccc2ccccc12,TOX21709,0,0,1,,0,0,0,,0,0,,0,341.368,4.17332,1,6,102.15
Cc1ccc(N=Nc2c(O)ccc(N=Nc3ccc(S(=O)(=O)[O-])cc3)c2O)c(C)c1,TOX21708,0,0,1,0,0,0,0,0,0,0,,0,425.446,5.44954,2,9,147.1
Nc1cnn([C@@H]2O[C@H](CO)[C@@H](O)[C@H]2O)c(=O)n1,TOX117,0,0,0,0,0,0,,0,0,0,,1,244.207,-3.168,4,9,143.72
CCNc1nc(Cl)nc(NC(C)(C)C)n1,TOX7608,0,0,,,1,1,0,0,0,0,,0,229.715,2.1672,2,5,62.73
NS(=O)(=O)c1cc2c(cc1Cl)N=CNS2(=O)=O,TOX2800,0,0,0,0,0,0,0,0,0,0,0,0,295.729,-0.0609,2,5,118.69
Oc1c(Cl)cc(Cl)c2cccnc12,TOX2801,0,,1,,,,0,,1,1,1,1,214.051,3.2472,1,2,33.12
NC(=O)OCC(O)COc1ccc(Cl)cc1,TOX2803,0,0,,0,0,0,0,,0,,0,0,245.662,1.175,2,4,81.78
CN(C)CCCN1c2ccccc2Sc2ccc(Cl)cc21,TOX2808,0,0,0,0,,0,,,0,0,,1,318.873,4.8944,0,3,6.48
CCCCCCCCCCCCCCn1cc[n+](C)c1,TOX29085,0,,0,1,,,,1,0,,1,,279.492,5.0137,0,1,8.81
O=[Cr](=O)([O-])O[Cr](=O)(=O)[O-],TOX5948,0,,0,,0,0,,1,0,0,,1,215.985,-2.9266,0,7,123.63
O=P(Cl)(Cl)Cl,TOX9710,0,0,0,0,0,0,0,0,0,0,0,0,153.332,2.8109,0,1,17.07
CCN(Cc1cccc(S(=O)(=O)[O-])c1)c1ccc(C(=C2C=CC(=[N+](CC)Cc3cccc(S(=O)(=O)[O-])c3)C=C2)c2ccccc2)cc1,TOX671,0,0,0,0,0,0,,1,0,0,0,0,667.829,6.1228,0,7,120.65
CC(C)COC(=O)COc1cc(Cl)c(Cl)cc1Cl,TOX6074,0,0,0,0,0,0,0,,0,0,,0,311.592,4.2248,0,3,35.53
O=C(OC[C@H]1O[C@@H](OC(=O)c2cc(O)c(O)c(OC(=O)c3cc(O)c(O)c(O)c3)c2)[C@H](OC(=O)c2cc(O)c(O)c(OC(=O)c3cc(O)c(O)c(O)c3)c2)[C@@H](OC(=O)c2cc(O)c(O)c(OC(=O)c3cc(O)c(O)c(O)c3)c2)[C@@H]1OC(=O)c1cc(O)c(O)c(OC(=O)c2cc(O)c(O)c(O)c2)c1)c1cc(O)c(O)c(OC(=O)c2cc(O)c(O)c(O)c2)c1,TOX6076,1,0,1,,0,0,,1,1,,1,1,1701.206,4.8381,25,46,777.98
CN(C)CCOC(c1ccccc1)c1ccccc1,TOX537,0,0,0,0,0,1,0,0,0,0,0,0,255.361,3.3542,0,2,12.47
COC(=O)c1ccc(C)cc1,TOX5668,0,0,0,0,0,0,0,0,0,0,0,0,150.177,1.78162,0,2,26.3
CN(C)CCCN1c2ccccc2C(C)(C)c2ccccc21,TOX2941,0,0,0,0,0,0,,,0,,,0,294.442,4.4157,0,2,6.48
COc1ccc([C@@H]2Sc3ccccc3N(CCN(C)C)C(=O)[C@@H]2OC(C)=O)cc1,TOX2940,0,0,0,0,0,,0,0,0,0,0,,414.527,3.3685,0,6,59.08
CC(=O)C=Cc1ccccc1,TOX5662,0,0,0,0,1,0,0,0,0,0,0,0,146.189,2.2888,0,1,17.07
Cc1c[nH]c(=S)[nH]c1=O,TOX5665,0,0,0,0,0,0,0,0,0,0,0,0,142.183,0.74091,2,2,48.65
COc1ccc2cc1Oc1cc3c(cc1OC)CC[N+](C)(C)[C@H]3Cc1ccc(cc1)Oc1c(OC)c(OC)cc3c1[C@@H](C2)[N+](C)(C)CC3,TOX2944,0,0,0,0,0,0,0,0,0,0,0,0,652.832,7.4516,0,6,55.38
CCCCC[C@H](O)/C=C/[C@H]1[C@H](O)CC(=O)[C@@H]1C/C=C\CCCC(=O)O,TOX2947,0,,0,0,,,0,0,0,0,0,0,352.471,3.2511,3,4,94.83
CCCCC[C@H](O)/C=C/[C@H]1[C@H](O)C[C@H](O)[C@@H]1C/C=C\CCCC(=O)O,TOX2946,0,0,0,0,1,,0,,0,,0,0,354.487,3.0429,4,4,97.99
CC12CCC(CC1)C(C)(C)O2,TOX616,0,0,1,0,0,0,0,0,0,0,0,0,154.253,2.7441,0,1,9.23
C=COCC1CCC(CO)CC1,TOX9575,0,0,0,0,0,0,0,0,0,0,0,0,170.252,1.9452,1,2,29.46
CC(=O)/C=C/C1=C(C)CCCC1(C)C,TOX1769,0,0,0,0,0,0,0,0,0,0,0,0,192.302,3.6582,0,1,17.07
CC(=O)NC1CCSC1=O,TOX25888,0,0,0,0,0,0,0,0,0,0,0,0,159.21,0.1546,1,3,46.17
CC(C)(C)CC(C)(C)c1ccc(O)c(Cc2ccc(Cl)cc2Cl)c1,TOX25889,0,,0,0,,,,0,0,,1,,365.344,7.0036,1,1,20.23
CC1COc2ccccc2N1C(=O)C(Cl)Cl,TOX9572,0,0,1,,0,,,1,1,0,0,1,260.12,2.6042,0,2,29.54
CC(N)CN,TOX1761,0,0,0,,0,0,0,0,0,0,0,0,74.127,-0.7077,2,2,52.04
CCC(C)O,TOX1762,0,0,0,0,,0,0,0,0,0,0,0,74.123,0.7772,1,1,20.23
CCCCC(CC)CNC(=N)NC(=N)NCCCCCCNC(=N)NC(=N)NCC(CC)CCCC,TOX25881,0,,,,,,,,,,,,508.804,4.25628,10,4,167.58
CC(O)CN,TOX1764,0,0,0,0,0,0,0,0,0,0,0,0,75.111,-0.6741,2,2,46.25
CO/N=C(\C(=O)N[C@@H]1C(=O)N2C(C(=O)[O-])=C(CSc3nc(=O)c([O-])nn3C)CS[C@H]12)c1csc(N)n1,TOX25887,0,0,,0,,0,0,0,0,0,0,0,552.576,-3.1657,2,16,220.88
O=c1oc2cc(O)ccc2s1,TOX25885,0,0,0,0,0,0,0,,0,,0,0,168.173,1.5601,1,4,50.44
C=CCc1ccc(O)c(OC)c1,TOX617,0,0,0,0,0,0,0,0,0,0,0,0,164.204,2.1293,1,2,29.46
COC(=O)[C@@H](N)CCCN/C(N)=N/[N+](=O)[O-],TOX20540,0,0,0,0,0,0,0,0,0,0,0,0,233.228,-1.6371,3,5,145.87
CC1(S(=O)(=O)[O-])CC(=O)c2ccccc2C1=O,TOX20547,0,0,1,,,,,,0,,,1,253.255,0.7596,0,5,91.34
Cc1nnc2n1-c1sc(CCC(=O)N3CCOCC3)cc1C(c1ccccc1Cl)=NC2,TOX28900,0,0,0,0,0,0,0,0,0,0,,0,455.971,3.43302,0,7,72.61
C[C@H](N[C@H](CCc1ccccc1)C(=O)O)C(=O)N1CCC[C@H]1C(=O)O,TOX28901,0,0,0,0,0,0,0,0,0,0,0,0,348.399,1.1261,3,4,106.94
CCC(C)[C@H]1O[C@]2(C=C[C@@H]1C)C[C@@H]1C[C@@H](CC=C(C)[C@@H](O[C@H]3C[C@H](OC)[C@@H](O[C@H]4C[C@H](OC)[C@H](NC(C)=O)[C@H](C)O4)[C@H](C)O3)[C@@H](C)C=CC=C3CO[C@@H]4[C@H](O)C(C)=C[C@@H](C(=O)O1)[C@]34O)O2,TOX28903,0,0,0,,,0,,,0,,1,,914.143,5.5212,3,14,178.93
COc1c(Br)cc(Br)c(C)c1Br,TOX24939,0,0,0,0,0,0,0,0,0,0,,0,358.855,4.29112,0,1,9.23
C=C[C@H]1CN2CC[C@H]1C[C@H]2[C@H](O)c1ccnc2ccc(OC)cc12.C=C[C@H]1CN2CC[C@H]1C[C@H]2[C@H](O)c1ccnc2ccc(OC)cc12,TOX28905,1,0,1,,1,0,0,,0,,0,0,648.848,6.3464,2,8,91.18
CN(C)CCc1c[nH]c2ccc(CS(=O)(=O)N3CCCC3)cc12,TOX24289,0,0,0,0,0,0,0,0,0,0,0,0,335.473,2.1976,1,3,56.41
O=C1/C(=C2\Nc3ccc(S(=O)(=O)O)cc3C2=O)Nc2ccc(S(=O)(=O)O)cc21,TOX24288,0,0,0,0,1,0,0,,0,,0,0,422.396,1.3082,4,8,166.94
CC(=O)O[Cr](O)OC(C)=O.CC(=O)O[Cr](O)OC(C)=O.CC(=O)O[Cr](OC(C)=O)OC(C)=O,TOX24935,0,0,0,0,0,0,0,,0,0,0,0,603.31,-1.0249,2,16,224.56
CO[C@H]1CC(O[C@H]2C[C@H]([C@H]3O[C@](C)(O)[C@H](C)C[C@@H]3C)O[C@H]2[C@]2(C)CC[C@H]([C@]3(C)CC[C@]4(C[C@H](O)[C@@H](C)[C@@H]([C@@H](C)[C@@H]5O[C@](O)(CC(=O)[O-])[C@@H](C)[C@H](OC)[C@H]5OC)O4)O3)O2)O[C@@H](C)[C@@H]1OC,TOX28909,0,0,0,0,,0,0,,0,0,,1,916.132,2.9822,3,17,211.58
C=CC(=O)OCCn1c(=O)n(CCOC(=O)C=C)c(=O)n(CCOC(=O)C=C)c1=O,TOX24936,0,1,0,,,1,1,,1,,0,,423.378,-1.6407,0,12,144.9
C=C(C)C(=O)OCCNC(C)(C)C,TOX24931,0,0,0,0,0,0,0,0,0,0,0,0,185.267,1.4938,1,3,38.33
NS(=O)(=O)c1ccccc1OC(F)(F)F,TOX24930,0,0,0,0,0,0,0,0,0,0,0,0,241.19,1.2326,1,3,69.39
O=C=NCC1CCCC(CN=C=O)C1,TOX24933,0,0,0,0,0,0,0,0,0,0,0,0,194.234,1.4644,0,4,58.86
C=C[C@H]1CN2CCC1C[C@@H]2[C@@H](O)c1ccnc2ccccc12,TOX25082,0,0,,,0,0,0,,0,,,0,294.398,3.1646,1,3,36.36
Cc1cc(N)c2cc(NC(=O)Nc3ccc4nc(C)cc(N)c4c3)ccc2n1,TOX25083,,,,,,,,,,0,,,372.432,4.20824,4,5,118.95
O=C(O)c1ccccc1O.Oc1cccc2cccnc12,TOX25081,0,0,0,,1,1,,0,0,0,,,283.283,3.0308,3,4,90.65
C[C@]12CC[C@@H]3c4ccc(O)cc4CC[C@H]3[C@@H]1CC[C@@H]2OP(=O)(O)O,TOX25086,1,,0,0,1,1,0,,0,,0,0,352.367,3.7262,3,3,86.99
O=C(O)[C@@H](S)[C@H](S)C(=O)O,TOX25084,0,0,0,0,,0,,1,0,0,0,,182.222,-0.2476,4,4,74.6
CN1CCN(CCCN2c3ccccc3Sc3ccc(C(F)(F)F)cc32)CC1,TOX25085,0,0,0,,0,0,,,,0,,,407.505,4.9456,0,4,9.72
Cc1ncc(CO)c(CN)c1O,TOX25088,,,,,,,,0,,0,,,168.196,0.04662,3,4,79.37
NS(=O)(=O)c1ccc(C(=O)O)cc1,TOX25089,0,0,0,0,0,0,0,0,0,0,0,0,201.203,0.0322,2,3,97.46
O=C(CCS)OCC(COC(=O)CCS)(COC(=O)CCS)COC(=O)CCS,TOX24728,0,0,0,0,0,0,0,,0,0,,1,488.671,1.4252,4,12,105.2
C[C@@H]1NC(=O)[C@@H](N)CNC(=O)[C@H]([C@@H]2CCNC(N)=N2)NC(=O)/C(=C/NC(N)=O)NC(=O)[C@H](CNC(=O)C[C@@H](N)CCCN)NC1=O,TOX26652,,,,,,,,0,,0,,,652.718,-7.2072,13,13,358.19
OCCOCCN1CCN(C2=Nc3ccccc3Sc3ccccc32)CC1,TOX3546,0,0,0,0,0,0,0,0,0,0,,0,383.517,2.856,1,6,48.3
Cc1cc(/C=C/c2ccc3cc(N(C)C)ccc3[n+]2C)c(C)n1-c1ccccc1.Cc1cc(/C=C/c2ccc3cc(N(C)C)ccc3[n+]2C)c(C)n1-c1ccccc1.O=C([O-])c1cc2ccccc2c(Cc2c(O)c(C(=O)[O-])cc3ccccc23)c1O,TOX3545,0,0,,,,0,0,,0,,1,1,1151.421,12.33848,2,10,144.82
COc1ccc(CN(CCN(C)C)c2ccccn2)cc1,TOX3542,0,0,0,0,0,0,0,0,0,0,1,0,285.391,2.6584,0,4,28.6
CN(C)C(=O)Oc1ccc[n+](C)c1,TOX3540,1,0,0,0,1,0,0,0,0,0,0,0,181.215,0.5715,0,2,33.42
Cc1ncc(CO)c(CO)c1O,TOX10780,0,0,0,0,0,0,0,0,0,0,0,0,169.18,0.08022,3,4,73.58
CCC1NC(=O)c2cc(S(N)(=O)=O)c(Cl)cc2N1,TOX3548,0,0,0,0,0,0,0,0,0,0,,0,289.744,0.8788,3,4,101.29
C=C[C@H]1CN2CCC1C[C@@H]2[C@@H](O)c1ccnc2ccc(OC)cc12,TOX3549,0,0,1,0,1,1,0,0,0,0,,0,324.424,3.1732,1,4,45.59
Brc1cc2ccccc2c2ccccc12,TOX29277,0,0,,0,0,0,0,0,0,0,,0,257.13,4.7555,0,0,0
CC(C)(N)CO,TOX7032,0,0,,0,0,0,0,0,0,0,0,0,89.138,-0.284,2,2,46.25
CC(C)(CO)CO,TOX7036,0,0,0,0,0,1,0,0,0,0,0,0,104.149,-0.0028,2,2,40.46
O=S1(=O)CCCC1,TOX7037,0,0,0,0,0,0,0,0,0,0,0,0,120.173,0.195,0,2,34.14
O=[N+]([O-])C(CO)(CO)CO,TOX7034,0,0,0,0,0,0,0,1,0,0,0,0,151.118,-2.0212,3,5,103.83
OCC(CO)(CO)COCC(CO)(CO)CO,TOX7039,0,0,0,0,0,0,0,0,0,0,,0,254.279,-3.0704,6,7,130.61
O=[N+]([O-])OCCN(CCO[N+](=O)[O-])CCO[N+](=O)[O-],TOX3722,0,0,0,0,0,0,0,0,0,0,0,0,284.181,-1.0867,0,10,160.35
NC(CO)(CO)CO,TOX3723,0,0,0,0,0,0,0,0,0,0,0,0,121.136,-2.3392,4,4,86.71
O=C(Cl)c1cc(C(=O)Cl)cc(C(=O)Cl)c1,TOX24429,0,0,,,0,0,0,,0,1,0,1,265.479,2.8236,0,3,51.21
CO[Si](CCCS)(OC)OC,TOX24428,0,0,,0,0,0,0,0,0,0,0,0,196.344,1.1844,1,4,27.69
COc1cc2c3cc1Oc1cc(ccc1O)C[C@@H]1c4c(cc(OC)c(O)c4Oc4ccc(cc4)C[C@@H]3N(C)CC2)CC[N+]1(C)C,TOX3727,0,0,0,0,0,0,0,0,0,0,0,0,609.743,6.701,2,7,80.62
O=C(O[C@@H]1C[C@@H]2CC[C@H](C1)[N+]21CCCC1)C(O)(c1ccccc1)c1ccccc1,TOX3724,0,0,0,0,0,0,0,0,0,0,0,0,392.519,3.7697,1,3,46.53
COc1cc(C(=O)NC2CCCNC2)cc(OC)c1OC,TOX3725,0,0,0,0,0,0,0,0,0,0,0,0,294.351,1.1942,2,5,68.82
C[N+](C)=CCl,TOX24423,0,0,0,0,0,0,0,0,0,0,0,0,92.549,0.5256,0,0,3.01
CC(=O)c1cccnc1,TOX24421,0,0,0,0,0,0,0,0,0,0,0,0,121.139,1.2842,0,2,29.96
O=S1(=O)OC(c2ccc([O-])cc2)(c2ccc(O)cc2)c2ccccc21,TOX24420,0,0,0,,0,0,0,0,0,0,,0,353.375,2.4766,1,5,86.66
O=CN1CCOCC1,TOX24427,0,0,0,0,0,0,0,0,0,0,0,0,115.132,-0.525,0,2,29.54
COC(=O)CCC(=O)O,TOX24425,0,0,0,0,0,0,0,0,0,0,0,0,132.115,0.0242,1,3,63.6
NCc1cccnc1,TOX24424,0,0,0,0,0,0,0,0,0,0,0,0,108.144,0.5403,1,2,38.91
CCCCCCCCn1sc(Cl)c(Cl)c1=O,TOX12315,0,,0,,,0,0,,0,1,,1,282.236,4.5771,0,3,22
Cc1cc(O)cc(C)c1Cl,TOX12316,0,0,0,0,0,0,0,0,0,0,1,0,156.612,2.66244,1,1,20.23
O=[Zr](Cl)Cl,TOX29361,0,0,0,0,0,0,0,,0,0,0,0,178.129,1.2577,0,1,17.07
CSc1ccc2c(c1)N(CCC1CCCCN1C)c1ccccc1S2,TOX3656,0,0,0,,,0,,,,0,,,370.587,5.8856,0,4,6.48
c1ccc2cnncc2c1,TOX29367,0,0,0,0,0,0,0,0,0,0,0,0,130.15,1.6298,0,2,25.78
COC(=O)c1ccc(CBr)cc1,TOX29366,0,0,1,,1,0,0,0,1,0,0,0,229.073,2.3681,0,2,26.3
CN1CCc2cc(Cl)c(O)cc2[C@H]2c3ccccc3CC[C@@H]21,TOX23814,0,0,0,0,0,0,0,0,0,0,,0,313.828,3.9802,1,2,23.47
O=P(O)(OCc1ccccc1)OCc1ccccc1,TOX13402,0,0,0,0,0,0,0,0,0,0,0,0,278.244,3.5204,1,3,55.76
S=C=NCc1ccccc1,TOX155,0,0,,0,0,0,,,0,1,1,1,149.218,2.2894,0,2,12.36
Oc1ccc(Cl)cc1Cc1ccccc1,TOX154,0,0,0,,0,0,0,1,0,0,1,0,218.683,3.6364,1,1,20.23
ClCc1ccccc1,TOX153,0,0,0,0,0,0,0,0,0,0,0,0,126.586,2.4254,0,0,0
OCc1ccccc1,TOX152,0,0,0,0,0,0,0,0,0,0,0,0,108.14,1.1789,1,1,20.23
CC(=O)OCc1ccccc1,TOX151,0,0,0,0,0,0,0,0,0,0,0,0,150.177,1.7497,0,2,26.3
COCCc1ccc(OCC(O)CNC(C)C)cc1.COCCc1ccc(OCC(O)CNC(C)C)cc1,TOX17248,0,0,0,0,0,0,0,0,0,0,0,0,534.738,3.2264,4,8,101.44
CN(C)C(=N)NC(=N)N,TOX3270,0,0,0,,0,0,0,0,0,0,0,0,129.167,-1.03416,4,2,88.99
CCCC[Sn](CCCC)(OC(C)=O)OC(C)=O,TOX419,0,,,,,0,,1,,,1,1,351.031,3.155,0,4,52.6
C[NH+](C)CCC(c1ccccc1)c1cccc[nH+]1,TOX5866,0,0,0,0,1,0,0,0,0,0,0,0,242.366,1.1672,1,0,18.58
CCOc1ccc(N)cc1,TOX5864,0,0,1,1,0,0,0,,0,0,0,0,137.182,1.6675,1,2,35.25
CC(C)=CCC[C@H](C)CCO,TOX21550,0,0,0,0,0,0,0,0,0,0,0,0,156.269,2.7513,1,1,20.23
CCOc1cccc(N)c1,TOX5862,0,0,,0,0,0,0,0,0,0,0,0,137.182,1.6675,1,2,35.25
Nc1ccccc1C(=O)OCCc1ccccc1,TOX5861,1,0,1,,1,0,0,0,1,0,,0,241.29,2.6683,1,3,52.32
CC(C)CC(O)CC(C)C,TOX6802,0,0,0,0,0,0,0,0,0,0,0,0,144.258,2.4395,1,1,20.23
C=C(C)C(=O)OCCOP(=O)(O)OCCOC(=O)C(=C)C,TOX24916,0,0,0,0,0,0,0,0,0,0,0,0,322.25,1.3586,1,7,108.36
CC(C)OS(C)(=O)=O,TOX11497,,0,0,0,0,0,0,0,0,0,,0,138.188,0.371,0,3,43.37
c1ccc2c(c1)OCC(CN1CCCCC1)O2,TOX26269,0,0,0,0,0,0,0,,0,,0,0,233.311,2.3123,0,3,21.7
C=CCN1CCCC1CNC(=O)c1cc(S(N)(=O)=O)cc(OC)c1OC,TOX26268,0,0,0,0,0,0,0,,0,,0,0,383.47,0.7314,2,6,110.96
C=C(C)OC(C)=O,TOX11492,0,0,0,0,0,0,0,0,0,0,0,0,100.117,1.0831,0,2,26.3
Cc1cc(O)cc2c1O[C@](C)(CCC[C@H](C)CCC[C@H](C)CCCC(C)C)CC2,TOX26263,0,0,0,0,0,0,0,0,0,0,0,0,402.663,8.22342,1,2,29.46
Cc1ncc(C[n+]2csc(CCOP(=O)(O)OP(=O)(O)O)c2C)c(N)n1,TOX26262,0,0,0,0,0,0,0,,0,,0,0,425.32,0.84174,4,8,168.97
NC(=O)[C@H]1O[C@@H](O)[C@H](O)[C@@H](O)[C@@H]1O,TOX26261,0,0,0,0,0,0,0,,0,,0,0,193.155,-3.7284,5,6,133.24
O=C1CC[C@@H](C(=O)O)N1,TOX26260,0,0,0,0,0,0,0,0,0,0,0,0,129.115,-0.6504,2,2,66.4
CN1C(=S)CN=C(c2ccccc2)c2cc(Cl)ccc21,TOX26267,0,0,0,,,0,0,0,,0,,0,300.814,3.9546,0,2,15.6
CC(C)(C)OC(=O)c1ncn2c1[C@@H]1CCCN1C(=O)c1c(Br)cccc1-2,TOX26266,0,0,,0,0,0,0,,0,0,0,0,418.291,3.8808,0,5,64.43
CCC(Cc1c(I)cc(I)c(O)c1I)C(=O)O,TOX26265,0,0,0,0,,,,,0,,,0,571.918,3.8593,2,2,57.53
CCOc1cc(NC(C)=O)ccc1C(=O)OC,TOX26264,0,0,,0,0,0,0,0,0,0,0,0,237.255,1.8303,1,4,64.63
CC(O)C#CC(C)O,TOX24910,0,,0,,0,0,1,,,,,0,114.144,-0.2486,2,2,40.46
COc1ccc(N)cc1N,TOX27242,0,0,1,,0,,0,1,0,1,1,1,138.17,0.8596,2,3,61.27
CC1(C)[C@@H](O[C@H]2O[C@H](C(=O)O)[C@@H](O)[C@H](O)[C@H]2O[C@@H]2O[C@H](C(=O)[O-])[C@@H](O)[C@H](O)[C@H]2O)CC[C@@]2(C)[C@H]1CC[C@]1(C)[C@@H]2C(=O)C=C2[C@@H]3C[C@@](C)(C(=O)O)CC[C@]3(C)CC[C@]21C,TOX27243,0,0,0,0,0,0,0,0,0,0,0,0,821.934,0.9109,7,14,269.87
O=C1NC(=O)C(=O)C(=O)N1,TOX27241,0,0,0,0,0,0,0,0,0,0,0,0,142.07,-2.0785,2,4,92.34
CC(C)(C)c1cc(/C=C2\SC(=N)NC2=O)cc(C(C)(C)C)c1O,TOX27246,0,0,0,,,,,1,,,1,,332.469,4.12587,3,4,73.18
OCCCC1CCCCC1,TOX27244,0,0,0,0,0,0,0,0,0,0,0,0,142.242,2.3392,1,1,20.23
Cc1cc2c3c(c1)C(c1ccccc1)=N[C@@H](NC(=O)c1ccncc1)C(=O)N3CC2,TOX27248,0,0,0,0,0,0,1,,0,0,0,0,396.45,2.88622,1,4,74.66
CCc1cc(C2=C(C(=O)[O-])N(c3ccccc3C(F)(F)F)S(=O)(=O)c3ccccc32)cc2c1OCO2,TOX27249,0,0,0,0,0,0,,,0,0,1,0,516.473,3.7147,0,6,95.97
O=S(=O)([O-])c1ccc2c(/N=N\c3ccc(S(=O)(=O)[O-])c4ccccc34)c(O)c(S(=O)(=O)[O-])cc2c1,TOX1232,0,0,0,0,0,0,0,0,0,0,0,0,535.513,2.8263,1,12,216.55
O=C=Nc1ccc(Cl)cc1,TOX20732,0,0,,,,0,0,,,0,1,0,153.568,2.3073,0,2,29.43
CC(C)OC(=O)c1ccccc1C(=O)OC(C)C,TOX20731,0,0,0,0,0,0,0,0,0,0,0,0,250.294,2.817,0,4,52.6
CO[C@H]1[C@H]([C@@]2(C)O[C@@H]2CC=C(C)C)[C@]2(CC[C@H]1OC(=O)/C=C/C=C/C=C/C=C/C(=O)O)CO2,TOX20736,0,0,0,1,0,0,0,1,0,0,0,0,458.551,3.9154,1,6,97.89
C1CCC2(CCCCO2)OC1,TOX20735,0,0,0,0,0,0,0,0,0,0,0,0,156.225,2.0837,0,2,18.46
CCCCC(CC)COC(=O)c1ccccc1O,TOX20734,,,,,,,,0,,0,,,250.338,3.7654,1,3,46.53
C[C@H]1O[C@H](O[C@@H]2[C@@H](O)[C@@H](O)[C@H](O)[C@H](O)[C@H]2O)[C@@H](N)C[C@@H]1NC(=N)C(=O)O,TOX20739,0,0,0,0,0,0,0,0,0,0,0,0,379.366,-4.32803,9,10,218.81
CN(C)CCCN1c2ccccc2CCc2ccccc21,TOX20738,0,0,0,0,,0,,,0,0,,0,280.415,3.875,0,2,6.48
CCCCOCCO,TOX4097,0,0,0,0,0,0,0,0,0,0,0,0,118.176,0.7954,1,2,29.46
[O-][n+]1ccccc1[S-],TOX22390,0,1,0,,,0,1,,1,1,1,,126.16,0.2258,0,2,26.94
CCCN(CCC)C(=O)SCC,TOX4091,0,0,0,0,0,0,0,0,0,0,0,0,189.324,2.9815,0,2,20.31
O=S(=O)([O-])c1cccc2ccccc12,TOX22394,0,0,0,0,0,0,0,0,0,0,0,0,207.23,1.7439,0,3,57.2
CC(C)C1=CC2=CC[C@H]3[C@](C)(C(=O)[O-])CCC[C@]3(C)[C@H]2CC1,TOX22399,0,0,1,0,0,0,,,0,0,,,301.45,3.8715,0,2,40.13
CN(C)c1ccc(C(=O)c2ccc(N(C)C)cc2)cc1,TOX894,0,1,1,,,,0,0,1,0,1,1,268.36,3.0496,0,3,23.55
N#CCCC#N,TOX6059,0,0,0,0,0,0,0,0,0,0,0,0,80.09,0.81376,0,2,47.58
Cc1ncc([N+](=O)[O-])n1CCO,TOX892,0,0,0,0,0,0,0,0,0,0,0,0,171.156,0.09202,1,5,81.19
Nc1c(CC(=O)[O-])cccc1C(=O)c1ccccc1,TOX28584,0,,0,0,1,0,1,,0,,0,0,254.265,0.7922,1,4,83.22
C[N+]1(C)[C@H]2CC[C@@H]1C[C@H](OC(=O)C(CO)c1ccccc1)C2,TOX25103,1,0,0,0,1,0,0,0,0,0,0,0,304.41,2.0755,1,3,46.53
CC(Cl)(Cl)C(=O)O,TOX1575,0,0,0,0,0,0,0,0,0,0,0,0,142.969,1.2648,1,1,37.3
CN[C@@H]1[C@H](O[C@H]2[C@H](O[C@@H]3[C@@H](NC(=N)N)[C@H](O)[C@@H](NC(=N)N)[C@H](O)[C@H]3O)O[C@@H](C)[C@]2(O)C=O)O[C@@H](CO)[C@H](O)[C@H]1O.CN[C@@H]1[C@H](O[C@H]2[C@H](O[C@@H]3[C@@H](NC(=N)N)[C@H](O)[C@@H](NC(=N)N)[C@H](O)[C@H]3O)O[C@@H](C)[C@]2(O)C=O)O[C@@H](CO)[C@H](O)[C@H]1O,TOX6053,0,0,0,0,0,0,0,,0,,0,0,1163.16,-15.48352,28,30,662.86
O=C(CCl)CCl,TOX1577,0,,0,,0,1,1,,1,0,,1,126.97,1.0331,0,1,17.07
CC(=O)C(Cl)Cl,TOX1576,0,0,0,0,0,0,0,0,0,0,0,0,126.97,1.3791,0,1,17.07
CC(C)(c1ccccc1)c1ccc(O)cc1,TOX2536,0,0,0,,1,1,0,1,0,0,1,,212.292,3.7181,1,1,20.23
Cc1cc(O)c2c(O)c3c(O)cccc3cc2c1,TOX28597,0,0,1,0,0,0,1,1,0,0,1,0,240.258,3.41822,3,3,60.69
CCC(=O)[N-]S(=O)(=O)c1ccc(-c2c(-c3ccccc3)noc2C)cc1,TOX28596,0,0,0,,0,0,,,0,,0,0,369.422,4.31602,0,5,91.34
Cc1ccccc1N1CCN(CCc2nnc3n2CCCC3)CC1,TOX28595,0,0,0,0,1,1,0,0,0,0,0,0,325.46,2.28752,0,5,37.19
C=Cc1ccc(S(=O)(=O)[O-])cc1,TOX24635,0,0,0,0,0,0,,1,0,0,,0,183.208,1.2337,0,3,57.2
C[C@]12CC[C@@H]3c4ccc(OC(=O)N(CCCl)CCCl)cc4CC[C@H]3[C@@H]1CC[C@@H]2OP(=O)(O)O,TOX28593,1,0,0,0,1,1,,,0,,0,1,520.39,5.299,2,4,96.3
CC1Cc2ccccc2N1NC(=O)c1ccc(Cl)c(S(N)(=O)=O)c1,TOX24633,0,0,0,0,0,0,0,0,0,0,0,0,365.842,2.0834,2,4,92.5
CC(=O)OC(C)C(=O)OCC[N+](C)(C)C.CC(=O)OC(C)C(=O)OCC[N+](C)(C)C.O=S(=O)([O-])c1cccc2c(S(=O)(=O)[O-])cccc12,TOX28591,0,0,0,0,1,0,0,,0,,0,0,722.832,1.0228,0,14,219.6
CC(=O)CC(=O)Nc1ccc2[nH]c(=O)[nH]c2c1,TOX24631,0,0,0,,0,0,0,0,0,0,0,0,233.227,0.7738,3,3,94.82
CCO[Si](C)(CCCOCC1CO1)OCC,TOX24638,0,0,0,0,0,0,0,0,0,0,0,0,248.395,1.9369,0,4,40.22
O=[N+]([O-])c1cc(C(F)(F)F)c(Cl)c([N+](=O)[O-])c1Cl,TOX24639,0,0,0,,,,,,,,,,304.995,3.8286,0,4,86.28
CCCCOCCOCCOCCO,TOX1520,0,0,0,0,0,0,0,0,0,1,0,0,206.282,0.8286,1,4,47.92
CCCCCCCC/C=C/C(=O)[O-].CCCCCCCC/C=C/C(=O)[O-],TOX31685,,,,,,,,0,,0,,,366.542,4.0862,0,4,80.26
Nc1cc(C(F)(F)F)ccc1S,TOX31681,,,,,,,,,,1,,,193.193,2.5763,2,2,26.02
Cc1cccc(Cc2c[nH]cn2)c1C,TOX28587,0,,,,0,0,0,0,0,,0,0,186.258,2.61734,1,1,28.68
CCOC(=O)CC(=O)OCC,TOX1863,0,0,,0,0,0,0,0,0,0,0,0,160.169,0.5027,0,4,52.6
COc1ccc(CNCC(O)COc2ccc3[nH]c(=O)ccc3c2)cc1OC,TOX28739,0,0,0,0,0,0,0,,0,,0,0,384.432,2.0748,3,6,92.81
COC(=O)C1=C(C)NC(COC(N)=O)=C(C(=O)OC(C)C)C1c1cccc(Cl)c1Cl,TOX28738,0,1,,,0,,1,1,0,1,,1,457.31,3.4282,2,7,116.95
CCNC(=O)NCCCOc1cccc(CN2CCCCC2)c1,TOX28732,0,0,0,0,0,0,0,0,0,0,0,0,319.449,2.7605,2,3,53.6
CC(=O)SCC(CC(=O)c1ccc(C)cc1)C(=O)O,TOX28731,0,0,0,0,0,0,0,0,0,0,0,0,280.345,2.54832,1,4,71.44
CCOC(=O)Cn1cccc1-c1nc(-c2ccc(OC)cc2)c(-c2ccc(OC)cc2)s1,TOX28730,0,0,0,0,0,0,0,1,0,,0,,448.544,5.5259,0,7,62.58
O=C(CCCN1CCN(c2ccc(F)cc2)CC1)NC1c2ccccc2CSc2ccccc21,TOX28737,0,0,0,,0,0,,,0,0,,0,475.633,5.2394,1,4,35.58
CC(C)(C)NC[C@H](O)c1ccc(O)cc1Cl,TOX28736,0,0,0,0,0,0,0,0,0,0,0,0,243.734,2.4671,3,3,52.49
CCCCC/C=C\C/C=C\CCCCCCCC(=O)NC(C)c1ccccc1,TOX28735,0,0,0,0,0,0,0,1,0,0,0,0,383.62,7.6773,1,1,29.1
CC(NN)c1ccccc1,TOX28734,0,0,,0,,0,0,0,0,0,0,0,136.198,1.2109,2,2,38.05
O=Cc1ccc(Cl)cc1,TOX1860,,,0,,0,0,0,0,0,0,,0,140.569,2.1525,0,1,17.07
CCN(C)C(=O)Oc1cccc([C@H](C)N(C)C)c1,TOX27818,0,0,0,0,0,0,0,0,0,0,0,0,250.342,2.7597,0,3,32.78
CNC(=O)c1cc(Oc2ccc(NC(=O)Nc3ccc(Cl)c(C(F)(F)F)c3)cc2)ccn1,TOX27817,0,,0,,,0,,,,,1,1,464.831,5.5497,3,4,92.35
CCN(CC)C(C)C(=O)c1ccccc1,TOX27816,0,0,,0,0,0,0,0,0,0,0,0,205.301,2.5996,0,2,20.31
CCN1CC(CCN2CCOCC2)C(c2ccccc2)(c2ccccc2)C1=O,TOX27815,0,0,0,0,0,0,0,,0,0,0,0,378.516,3.1733,0,3,32.78
Cc1cccc(C(=O)O)c1[N+](=O)[O-],TOX5640,0,0,0,0,0,0,0,0,0,0,0,0,181.147,1.60142,1,3,80.44
CCN(CC)CCOC(=O)C1(c2ccccc2)CCCC1.CCN(CC)CCOC(=O)C1(c2ccccc2)CCCC1.O=S(=O)(O)CCS(=O)(=O)O,TOX27811,0,0,0,0,0,0,0,0,0,0,0,0,769.036,5.5288,2,10,167.82
Clc1ccccn1,TOX4810,0,0,0,0,0,0,0,0,0,0,0,0,113.547,1.735,0,1,12.89
CCC(=O)/C=C/C1C(C)=CCCC1(C)C,TOX6240,0,0,0,0,0,0,0,0,0,0,0,0,206.329,3.9042,0,1,17.07
CC1CC(OC(=O)c2ccccc2O)CC(C)(C)C1,TOX6241,0,0,0,0,0,0,0,0,0,1,0,0,262.349,3.7638,1,3,46.53
CCCCCCCCCO,TOX2008,0,0,0,0,0,0,0,0,0,0,0,0,144.258,2.7293,1,1,20.23
CCCCCCNCCCCCC,TOX2009,0,0,0,0,0,0,0,0,0,0,0,0,185.355,3.7366,1,1,12.03
CCN(CC)c1ccc(N)cc1,TOX5058,0,0,1,,,0,0,1,,1,1,,164.252,2.115,1,2,29.26
ClCCCCl,TOX2004,0,0,0,0,0,0,0,0,0,0,0,0,112.987,1.8541,0,0,0
CCCCCCOC(C)=O,TOX2006,0,0,0,0,0,0,0,0,0,0,0,0,144.214,2.1298,0,2,26.3
CCCCC(CC)COC(=O)CCCCCCCCC(=O)OCC(CC)CCCC,TOX5055,0,0,0,0,,0,0,0,0,0,0,0,426.682,7.6264,0,4,52.6
CCOC(C)=O,TOX2001,0,0,0,0,0,0,0,0,0,0,,0,88.106,0.5694,0,2,26.3
NCCNCCN,TOX5050,1,1,0,0,0,0,0,0,0,0,0,0,103.169,-1.5066,3,3,64.07
CCOP(=O)(CC)OCC,TOX5051,0,0,0,0,0,0,0,0,0,0,,0,166.157,2.2724,0,3,35.53
Cc1c2oc3c(C)ccc(C(=O)N[C@@H]4C(=O)N[C@H](C(C)C)C(=O)N5CCC[C@H]5C(=O)N(C)CC(=O)N(C)[C@@H](C(C)C)C(=O)O[C@@H]4C)c3nc-2c(C(=O)N[C@@H]2C(=O)N[C@H](C(C)C)C(=O)N3CCC[C@H]3C(=O)N(C)CC(=O)N(C)[C@@H](C(C)C)C(=O)O[C@@H]2C)c(N)c1=O,TOX31,0,,0,1,,0,,,0,0,,1,1255.438,0.72564,5,18,359.98
NC(=O)CCCCC(N)=O,TOX32,0,0,0,0,0,0,0,0,0,0,0,0,144.174,-0.4826,2,2,86.18
CNC(=O)ON=CC(C)(C)SC,TOX39,0,0,0,0,0,0,0,0,0,0,0,0,190.268,1.4698,1,4,50.69
C=CCOc1ccc(CC(=O)O)cc1Cl,TOX38,1,0,0,0,1,1,1,,0,,0,0,226.659,2.5319,1,2,46.53
NN,TOX703,0,0,1,0,0,0,0,0,0,0,0,0,32.046,-1.1812,2,2,52.04
N[C@@H](Cc1cnc[nH]1)C(=O)O,TOX700,0,0,,0,,0,0,,0,,0,,155.157,-0.6359,3,3,92
NNc1nc(-c2ccccc2)cs1,TOX707,0,0,1,,0,0,0,1,0,1,1,,191.259,2.0957,2,4,50.94
NNc1nc(-c2ccc(N)cc2)cs1,TOX704,0,0,1,,0,0,,1,0,,1,0,206.274,1.6779,3,5,76.96
Cc1ccccc1CO[C@H]1C[C@]2(C(C)C)CC[C@@]1(C)O2,TOX14456,0,0,,,0,0,0,0,0,0,0,0,274.404,4.24782,0,2,18.46
NNc1ccc(C(=O)O)cc1,TOX708,1,0,,,,0,0,0,0,0,0,0,152.153,0.6704,3,3,75.35
CCCCCCOc1ccccc1C(=O)O,TOX18924,0,0,0,0,,0,0,0,0,0,0,0,222.284,3.3439,1,2,46.53
O=C(OCc1ccccc1)C(=O)OCc1ccccc1,TOX18926,0,0,0,0,0,0,0,0,0,0,0,0,270.284,2.4732,0,4,52.6
CCCSc1ccc2[nH]c(NC(=O)OC)nc2c1,TOX2563,0,,1,,1,0,0,0,1,1,1,1,265.338,3.2433,2,4,67.01
CCc1cccc(C)c1N(C(=O)CCl)[C@@H](C)COC,TOX12431,0,0,0,,0,0,,1,0,0,,0,283.799,3.16412,0,2,29.54
O=C(O)c1ccccc1C(=O)Nc1cccc2ccccc12,TOX12437,0,0,1,,0,0,0,1,0,0,,0,291.306,3.7903,2,2,66.4
CCC(=O)OC1(c2ccccc2)CCN(C)CC1,TOX28847,0,,0,0,0,0,0,0,0,0,0,0,247.338,2.5607,0,3,29.54
COc1cc(-c2ccc(=O)[nH]n2)ccc1OC(F)F,TOX22559,0,0,,0,,0,0,0,1,0,0,0,268.219,2.0469,1,4,64.21
CCOc1ccc([N+](=O)[O-])cc1,TOX6655,0,0,0,,1,1,,,0,,1,,167.164,1.9935,0,3,52.37
CCCCN(CCCC)CCCOC(=O)c1ccc(N)cc1,TOX25300,0,0,0,0,0,0,0,0,0,0,0,0,306.45,3.7179,1,4,55.56
CCCCOc1cc(C(=O)NCCN(CC)CC)c2ccccc2n1,TOX25271,0,0,0,0,0,0,0,0,0,0,,0,343.471,3.4853,1,4,54.46
CC(C)(c1cc(Br)c(OCC(Br)CBr)c(Br)c1)c1cc(Br)c(OCC(Br)CBr)c(Br)c1,TOX12129,0,0,0,0,0,0,0,0,0,0,0,0,943.621,10.1369,0,2,18.46
CC(C)c1ccc(C(C)C)cc1,TOX6652,0,0,0,0,0,0,0,0,0,0,0,0,162.276,3.9334,0,0,0
COc1c2occc2cc2ccc(=O)oc12,TOX830,0,0,1,0,0,1,0,0,0,0,0,0,216.192,2.5478,0,4,52.58
COC(C)(C)C,TOX833,0,0,0,0,0,0,0,0,0,0,0,0,88.15,1.4313,0,1,9.23
COC(N)=O,TOX834,0,0,0,0,0,0,0,0,0,0,0,0,75.067,-0.2885,1,2,52.32
COC(=O)NN,TOX835,0,0,,0,0,0,0,0,0,0,,0,90.082,-0.7839,2,3,64.35
Cc1cccc(/N=N/c2ccc(N(C)C)cc2)c1,TOX838,1,0,1,,1,0,0,1,1,0,1,0,239.322,4.47642,0,3,27.96
CCCc1nn(C)c2c(=O)[nH]c(-c3cc(S(=O)(=O)N4CCN(C)CC4)ccc3OCC)nc12.O=C(O)CC(O)(CC(=O)O)C(=O)O,TOX26076,0,0,0,0,0,0,0,0,0,0,,0,666.71,0.3624,5,12,245.55
O=C(O)CNC(=O)c1ccccc1,TOX26073,0,0,0,0,0,0,0,0,0,0,0,0,179.175,0.501,2,2,66.4
CCCCN1CCCC[C@H]1C(=O)Nc1c(C)cccc1C,TOX26071,0,0,0,0,0,0,0,0,0,0,,0,288.435,3.89654,1,2,32.34
CC(C)(C)OC(=O)N1C[C@@H](F)C[C@H]1C(=O)O,TOX29098,0,0,0,0,0,0,0,0,0,0,0,0,233.239,1.4185,1,3,66.84
CC(=O)Oc1c(C)cc(OCC(O)CNC(C)C)c(C)c1C,TOX26078,1,0,0,,1,1,0,,0,,0,0,309.406,2.27486,2,5,67.79
O=C(OCC1CO1)C1CCCCC1C(=O)OCC1CO1,TOX4875,0,0,0,,0,0,0,1,1,0,0,1,284.308,0.6768,0,6,77.66
Oc1nc(O)nc(O)n1,TOX4873,0,0,0,0,0,0,0,0,0,0,0,0,129.075,-1.0116,3,6,99.36
N#CC1(O)CCCCC1,TOX4878,0,0,0,0,0,0,0,0,0,0,0,0,125.171,1.20518,1,2,44.02
CCOC(=O)c1ncn2c1CN(C)C(=O)c1cc(F)ccc1-2,TOX3064,0,0,0,0,0,0,0,0,0,0,0,0,303.293,1.7737,0,5,64.43
CNCCC(Oc1ccc(C(F)(F)F)cc1)c1ccccc1,TOX3067,0,0,0,,,0,,0,0,0,,,309.331,4.435,1,2,21.26
C[C@]12C[C@H](O)[C@@]3(F)[C@@H](CCC4=CC(=O)CC[C@@]43C)[C@@H]1CC[C@]2(O)C(=O)CO,TOX3061,1,1,0,,1,0,0,0,0,0,0,0,380.456,1.8737,3,5,94.83
CCCCCCCCCCCCCCCCCCOCC(O)CO,TOX8956,1,0,,,0,,0,0,0,0,0,0,344.58,5.6177,2,3,49.69
OCCN1CCN(CCCN2c3ccccc3Sc3ccc(C(F)(F)F)cc32)CC1,TOX3068,0,0,,,0,0,,,0,,,,437.531,4.3081,1,5,29.95
CSCCC=O,TOX7528,0,0,0,0,0,0,0,0,0,0,0,0,104.174,0.9384,0,2,17.07
CC(C)(C)C(=O)Cl,TOX7529,0,0,0,0,0,0,0,0,0,0,0,0,120.579,1.7979,0,1,17.07
CCCCC(CC)COC(=O)Cl,TOX7832,0,0,0,0,0,0,0,0,0,0,0,0,192.686,3.5782,0,2,26.3
CCCCC(CC)C(=O)[O-],TOX7525,0,0,0,0,0,0,0,0,0,0,0,0,143.206,0.9527,0,2,40.13
BrC1CCC(Br)C(Br)CCC(Br)C(Br)CCC1Br,TOX7527,0,0,0,,,0,0,1,0,,1,,641.7,6.9216,0,0,0
COCN(COC)c1nc(N(COC)COC)nc(N(COC)COC)n1,TOX7520,0,0,0,0,0,0,0,0,0,0,0,0,390.441,-0.0858,0,12,103.77
O=Cc1cccc(Br)c1,TOX7521,0,0,0,0,0,0,0,0,0,0,0,0,185.02,2.2616,0,1,17.07
CC(C)(C)CC(C)(C)c1ccc(O)c(-n2nc3ccccc3n2)c1,TOX7522,0,0,1,0,0,0,0,,0,0,1,0,323.44,4.8399,1,4,50.94
C/C=C/C=C/C(=O)[O-],TOX7835,0,0,0,0,0,0,0,0,0,0,0,0,111.12,-0.1314,0,2,40.13
Cc1cc(C)nc(Nc2ccccc2)n1,TOX14877,0,0,1,,,0,0,0,0,0,0,0,199.257,2.83704,1,3,37.81
CC(C)C[C@@H](NC(=O)[C@@H](O)[C@H](N)Cc1ccccc1)C(=O)O,TOX25759,1,0,0,0,0,0,0,,0,,0,0,308.378,0.5328,4,4,112.65
Nc1cnn(-c2ccccc2)c(=O)c1Cl,TOX14872,0,0,,0,0,0,0,0,0,0,0,0,221.647,1.4681,1,4,60.91
CCOC(=O)COc1cc(-c2nn(C)c(OC(F)F)c2Cl)c(F)cc1Cl,TOX14871,0,,1,0,0,0,0,0,0,0,,0,413.179,4.0763,0,6,62.58
CCCCCC=CCC(=O)OC,TOX27659,0,0,0,0,0,0,0,0,0,0,0,0,170.252,2.686,0,2,26.3
S=C1SCN(Cc2ccccc2)CN1Cc1ccccc1,TOX26257,0,0,0,0,1,0,1,,0,,1,0,314.479,3.9375,0,3,6.48
CCCCCCCCC(=O)OCC,TOX27651,0,0,0,0,0,0,0,0,0,0,0,0,186.295,3.3001,0,2,26.3
CCCCCCCC#N,TOX27655,0,0,0,0,0,0,0,0,0,,0,0,125.215,2.87048,0,1,23.79
CCCCCCCCCCCCCC(=O)OCC,TOX27654,0,0,0,0,0,0,0,0,0,0,0,0,256.43,5.2506,0,2,26.3
CCCCCCC(O)CCOC(C)=O,TOX27657,0,0,0,0,0,0,0,0,0,0,0,0,202.294,2.2709,1,3,46.53
C=CCCCCCCCCO,TOX27656,0,0,0,0,0,0,0,0,0,0,0,0,156.269,2.8954,1,1,20.23
CC(=O)NC1(c2cccc(F)c2)CCN(CC[C@@]2(c3ccc(Cl)c(Cl)c3)CN(c3ccccc3)C(=O)CO2)CC1.O=C(O)CCC(=O)O,TOX27387,0,,0,,,0,,,0,0,,,702.607,5.8445,3,6,136.48
COCCOc1cc2cc(C(=O)NC3CCN(C(C)C)CC3)n(CC(=O)Nc3ccc(Cl)cn3)c2cn1,TOX27385,0,0,1,0,,0,0,,0,0,0,0,529.041,3.3512,2,8,110.61
O=C([O-])c1ccc2c(c1)nc(C(=O)NC1CCN(C3CC3)CC1)n2Cc1cc(-c2ccc(Cl)s2)on1,TOX27383,0,,,0,0,0,,0,0,0,,0,525.01,3.1746,1,9,116.32
CCCOc1sc(C(=O)N2CCC(c3cc(CN)ccc3F)CC2)c(C)c1Br,TOX27381,0,1,,,,,,,0,,,,469.42,5.22542,1,4,55.56
CCOC(=O)c1ccc([C@H]2CC[C@H](NC[C@H](O)COc3ccc(O)c(NS(C)(=O)=O)c3)CC2)cc1,TOX27389,0,0,0,,,0,,,0,0,,,506.621,2.9961,4,8,134.19
Nc1nc(N)c(-c2ccccc2)s1,TOX26388,0,0,0,0,0,0,0,0,0,0,0,0,191.259,1.9745,2,4,64.93
Cc1cccc(C)c1NC(=O)CN(CC(=O)O)CC(=O)O,TOX26389,0,0,,0,0,0,0,0,0,0,0,0,294.307,0.71314,3,4,106.94
CCCCCCCCCCCCCCCC[n+]1ccccc1,TOX13307,0,0,0,1,,0,,1,,,,,304.542,6.4554,0,0,3.88
CCCCCCCCCCCCCCCCN,TOX5390,,,,,,,,0,,0,,,241.463,5.4264,1,1,26.02
COc1ccc(C(=O)N2CCN(CC(=O)N3CCOCC3)CC2)cc1,TOX26384,0,0,,0,0,0,0,0,0,0,0,0,347.415,0.3118,0,5,62.32
Cc1c(C)n(CCN(C)C)c2ccc(C(=O)OCCN(C)C)cc12,TOX26385,,,,,,,,,,0,,,331.46,2.53814,0,5,37.71
COc1cc(C=C2CCCC(=Cc3ccc(O)c(OC)c3)C2=O)ccc1O,TOX26386,0,,0,,,0,,1,,1,1,,366.413,4.335,2,5,75.99
CNC(=O)NC(O)C(Cl)(Cl)Cl,TOX26383,0,0,0,0,0,0,0,0,0,0,,0,221.471,0.604,3,2,61.36
CCNC(=O)C1CC(C)CCC1C(C)C,TOX27039,0,0,0,0,0,0,0,0,0,0,0,0,211.349,2.8309,1,1,29.1
CCc1ccc(O)c(OC)c1,TOX27038,0,0,0,0,0,0,0,0,0,0,0,0,152.193,1.9632,1,2,29.46
CCCCCCC/C=C/C=O,TOX27035,0,,,0,0,0,0,,0,0,0,0,154.253,3.102,0,1,17.07
CC/C=C\CC/C=C/C(OCC)OCC,TOX27034,0,0,0,0,0,0,0,1,0,,,0,212.333,3.6881,0,2,18.46
CS(=O)(=O)c1ccc(C(=O)C2C(=O)CCCC2=O)c(Cl)c1COCC(F)(F)F,TOX27037,0,0,0,0,0,0,0,0,0,0,0,0,440.823,2.9434,0,6,94.58
CN(C)C1CSSSC1,TOX27036,0,0,0,,0,0,0,1,0,0,0,0,181.351,1.9598,0,4,3.24
c1ccc(CN(Cc2ccccc2)Cc2ccccc2)cc1,TOX27031,0,0,0,0,1,0,0,,0,0,,0,287.406,4.889,0,1,3.24
C[C@@H](O)C(=O)O,TOX27030,0,0,0,0,1,0,0,0,0,0,0,0,90.078,-0.5482,2,2,57.53
OC[C@H]1O[C@@H]2O[C@@H]3[C@@H](CO)O[C@H](O[C@@H]4[C@@H](CO)O[C@H](O[C@@H]5[C@@H](CO)O[C@H](O[C@@H]6[C@@H](CO)O[C@H](O[C@@H]7[C@@H](CO)O[C@H](O[C@@H]8[C@@H](CO)O[C@H](O[C@@H]9[C@@H](CO)O[C@H](O[C@H]1[C@H](O)[C@H]2O)[C@H](O)[C@H]9O)[C@H](O)[C@H]8O)[C@H](O)[C@H]7O)[C@H](O)[C@H]6O)[C@H](O)[C@H]5O)[C@H](O)[C@H]4O)[C@H](O)[C@H]3O,TOX27033,0,0,0,0,0,0,0,0,0,0,0,0,1297.128,-17.4064,24,40,633.2
CC1=CC[C@@]23CC1C(C)(C)[C@@H]2CC[C@H]3C,TOX27032,0,0,0,0,0,0,0,0,0,0,0,0,204.357,4.415,0,0,0
O=C(OCCCCCOC(=O)c1ccccc1)c1ccccc1,TOX27538,0,0,0,0,,0,0,0,0,0,0,0,312.365,3.8707,0,4,52.6
CCCCOCCOCCSC#N,TOX4674,0,0,0,0,0,0,0,0,0,0,0,0,203.307,2.03398,0,4,42.25
O=C(N[C@H]1CN2CCC1CC2)c1ccc2c(c1)OCCO2,TOX27285,0,0,0,0,0,0,0,0,0,0,0,0,288.347,1.2818,1,4,50.8
Nc1nc(Cl)nc2c1ncn2[C@H]1C[C@H](O)[C@@H](CO)O1,TOX2828,0,0,0,0,1,0,0,0,0,0,0,1,285.691,-0.2974,3,8,119.31
CC[C@H]1OC(=O)[C@H](C)[C@@H](O[C@H]2C[C@@](C)(OC)[C@@H](O)[C@H](C)O2)C(C)[C@@H](O[C@@H]2O[C@H](C)C[C@H](N(C)C)[C@H]2O)[C@](C)(OC)C[C@@H](C)C(=O)[C@H](C)[C@@H](O)[C@]1(C)O,TOX2829,0,0,0,0,0,0,0,0,0,0,0,0,747.964,2.4397,4,14,182.91
COc1cc(N)c(Cl)cc1C(=O)NC1CCN(CCCOc2ccc(F)cc2)CC1OC,TOX2825,0,0,,0,,0,0,0,0,0,,0,465.953,3.3581,2,6,86.05
CCn1nc(C(=O)O)c(=O)c2cc3c(cc21)OCO3,TOX2822,0,0,0,0,0,0,0,0,0,0,0,0,262.221,0.8433,1,6,90.65
C(=C/c1ccccc1)\CN1CCN(C(c2ccccc2)c2ccccc2)CC1,TOX2821,0,0,0,0,0,0,0,1,0,0,0,0,368.524,5.107,0,2,6.48
BrCCCBr,TOX1902,0,0,0,0,0,0,0,0,0,0,0,0,201.889,2.1663,0,0,0
COc1ccc(C(Cl)=C(c2ccc(OC)cc2)c2ccc(OC)cc2)cc1,TOX1299,0,0,0,1,0,0,0,0,0,0,1,0,380.871,5.8678,0,3,27.69
CCCCCCCCCCCCCOS(=O)(=O)[O-],TOX9776,0,,0,0,0,0,0,0,0,0,,,279.422,3.7742,0,4,66.43
Cc1cc(C)nc(NS(=O)(=O)c2ccc(N)cc2)n1,TOX1290,0,0,0,0,1,0,0,0,0,0,0,0,278.337,1.47644,2,5,97.97
O=S(=O)([O-])[O-].[Na+].[Na+],TOX1291,0,0,0,0,,0,0,0,0,0,0,0,142.043,-7.33,0,4,80.26
Cc1noc(NS(=O)(=O)c2ccc(N)cc2)c1C,TOX1292,0,1,0,0,1,0,0,0,0,0,0,0,267.31,1.67444,2,5,98.22
COc1cc([C@H]2Oc3cc([C@H]4Oc5cc(O)cc(O)c5C(=O)[C@@H]4O)ccc3O[C@@H]2CO)ccc1O,TOX6018,0,,1,,,0,0,0,0,1,,0,482.441,2.3627,5,10,155.14
O=S1(=O)CC=CC1,TOX1294,0,0,0,0,0,0,0,0,0,0,0,0,118.157,-0.029,0,2,34.14
CCCCC1(COC(=O)CCC(=O)O)C(=O)N(c2ccccc2)N(c2ccccc2)C1=O,TOX1296,0,0,0,1,0,0,0,1,0,0,0,0,438.48,3.566,1,5,104.22
CNCCO,TOX5603,0,0,0,0,0,0,0,0,0,0,0,0,75.111,-0.8019,2,2,32.26
NS(=O)(=O)c1cc(Cl)c(Cl)c(S(N)(=O)=O)c1,TOX2922,0,0,0,0,0,0,,,0,,0,0,305.164,0.2882,2,4,120.32
CN(C)c1ccc2nc3ccc(N(C)C)cc3[s+]c2c1,TOX3296,0,0,1,1,,,0,1,0,0,1,1,284.408,3.8626,0,3,19.37
C=CCc1ccc(OC)c(OC)c1,TOX5607,0,0,0,0,1,0,0,0,0,0,0,0,178.231,2.4323,0,2,18.46
CCN(CC)CCOC(=O)C1(C2CCCCC2)CCCCC1,TOX2926,0,0,0,,0,0,0,0,0,0,,0,309.494,4.4022,0,3,29.54
CCOC(C)(C)C,TOX5604,0,0,0,0,0,0,0,,0,0,,0,102.177,1.8214,0,1,9.23
COC=O,TOX5609,0,0,0,0,0,0,0,0,0,,,0,60.052,-0.2108,0,2,26.3
CNC(=O)C[C@@H](N)C(=O)N[C@@H](C(=O)N[C@@H]1C(=O)N2[C@@H](C(=O)O)C(C)(C)S[C@H]12)c1ccc(O)cc1,TOX26921,0,0,0,0,0,0,0,,0,,0,0,493.542,-1.3554,6,8,191.16
C#C[C@]1(OC(C)=O)CC[C@H]2[C@@H]3CCC4=C/C(=N/O)CC[C@@H]4[C@H]3CC[C@@]21CC,TOX26922,1,1,,,1,1,,0,0,,,1,369.505,4.7145,1,4,58.89
CC1=C(/C=C/C(C)=C/C=C/C(C)=C/C(=O)Oc2c(C)c(C)c3c(c2C)CC[C@@](C)(CCC[C@H](C)CCC[C@H](C)CCCC(C)C)O3)C(C)(C)CCC1,TOX26923,0,0,0,1,0,0,0,,0,,0,0,713.144,14.57166,0,3,35.53
COC(=O)CCC[N+](C)(C)C,TOX26924,0,0,0,0,0,0,0,,0,,0,0,160.237,0.6458,0,2,26.3
C[N+]1(CC2COC(c3ccccc3)(C3CCCCC3)O2)CCCCC1,TOX26925,0,0,0,0,0,0,0,0,0,0,0,0,344.519,4.4656,0,2,18.46
CC[C@H](C)[C@H](NC(=O)[C@H](Cc1ccccc1)NC(=O)[C@H](C)NC(=O)[C@H](CC(=O)O)NC(=O)[C@H](CCCCN)NC(=O)[C@H](CO)NC(=O)[C@@H]1CCCN1C(=O)[C@@H]1CCC(=O)N1)C(=O)NCC(=O)N[C@@H](CC(C)C)C(=O)N[C@@H](CCSC)C(N)=O,TOX26926,0,0,0,,0,0,0,,0,,0,0,1188.417,-3.5602,14,16,437.95
CC(CC=O)CCCC(C)(C)O,TOX22232,0,0,0,0,0,0,0,0,0,0,0,0,172.268,2.1527,1,2,37.3
CCCCCCCCO[C@@H]1O[C@H](CO)[C@@H](O)[C@H](O)[C@H]1O,TOX22234,0,0,0,0,0,0,0,0,0,0,,0,292.372,0.1634,4,6,99.38
CC(NCCC(c1ccccc1)c1ccccc1)c1ccccc1,TOX25860,0,0,,,,,,,,,1,,315.46,5.5594,1,1,12.03
COc1ccc(C[C@H](N)C(=O)N[C@@H]2[C@@H](CO)O[C@@H](n3cnc4c(N(C)C)ncnc43)[C@@H]2O)cc1,TOX25861,0,,,,,0,,,,,,1,471.518,-0.7937,4,11,160.88
CCN(CC)CCNC(=O)COc1ccc(OC)cc1,TOX25862,0,0,0,0,1,0,0,0,0,0,0,0,280.368,1.532,1,4,50.8
COc1ccccc1N1CCN(CCCC(=O)c2ccc(F)cc2)CC1,TOX25711,0,0,1,0,0,0,0,,0,,0,0,356.441,3.6194,0,4,32.78
Cc1cc(-c2ccccc2)nnc1NCCN1CCOCC1,TOX25864,0,0,0,,,0,0,0,0,0,0,0,298.39,2.19612,1,5,50.28
CC(=O)Nc1ccc(OC(=O)c2ccccc2O)cc1,TOX25865,0,0,0,0,,0,0,,0,,,0,271.272,2.5698,2,4,75.63
CC(=O)Oc1ccc2c(c1)CC[C@@H]1[C@@H]2CC[C@]2(C)[C@@H](O)CC[C@@H]12,TOX25867,1,1,0,0,1,1,0,0,0,0,1,,314.425,3.8289,1,3,46.53
Cc1ccc(C(=O)C(C)CN2CCCCC2)cc1,TOX25868,0,0,0,0,1,0,0,1,0,0,0,0,245.366,3.29972,0,2,20.31
CC(C)COC(=O)CCCCC(=O)OCC(C)C,TOX16690,0,0,0,0,0,0,0,0,0,0,0,0,258.358,2.9452,0,4,52.6
O=c1sc2ccccc2c(O)c1C1CC(c2ccc(-c3ccc(Br)cc3)cc2)Cc2ccccc21,TOX12374,,,,,,,,1,,1,,,539.494,8.2585,1,3,37.3
O=[N+]([O-])c1ccc(C=Cc2ccc([N+](=O)[O-])cc2S(=O)(=O)[O-])c(S(=O)(=O)[O-])c1,TOX7542,0,0,0,0,0,0,0,0,0,0,0,0,428.356,1.4816,0,10,200.68
CCNC1(c2cccs2)CCCCC1=O,TOX25539,0,0,0,0,0,0,0,,0,,0,0,223.341,2.696,1,3,29.1
CCN(O)CC,TOX7543,0,0,,,,0,0,0,0,0,0,0,89.138,0.7174,1,2,23.47
O=C1CN=C(c2ccccc2)c2cc(Cl)ccc2N1,TOX28926,0,0,0,0,0,0,0,,0,,0,0,270.719,3.1295,1,2,41.46
COc1cc(CC(C)N)c(OC)cc1Br,TOX28927,0,0,0,0,0,0,,,0,,0,0,274.158,2.356,1,3,44.48
Cc1ccc2c(Cl)cc(Cl)c(O)c2n1,TOX28924,0,1,0,,,,1,0,1,0,1,,228.078,3.55562,1,2,33.12
CN(C(=O)C(Cl)Cl)c1ccc(OC(=O)c2ccco2)cc1,TOX28925,0,0,0,0,1,,0,,0,0,0,0,328.151,3.2653,0,4,59.75
CCCCCc1cc(O)c2c(c1)OC(C)(C)c1ccc(C)cc1-2,TOX28922,0,,1,,,,,,,,1,,310.437,5.72782,1,2,29.46
CN1CC[C@@]23CCCC[C@@H]2[C@@H]1Cc1ccc(O)cc13,TOX28923,1,0,0,0,,0,0,,0,,0,0,257.377,3.0804,1,2,23.47
CO[C@@]1(NC(=O)Cc2cccs2)C(=O)N2C(C(=O)[O-])=C(COC(N)=O)CS[C@@H]21,TOX28921,0,0,0,0,0,0,0,,0,,0,0,426.452,-1.2361,2,9,151.09
Cc1onc(-c2c(Cl)cccc2Cl)c1C(=O)N[C@@H]1C(=O)N2[C@@H](C(=O)[O-])C(C)(C)S[C@H]12,TOX28928,,,,,,,,,,0,,,469.326,1.86742,1,7,115.57
COC(=O)CCc1ccc(OCC(O)CNC(C)C)cc1,TOX28929,0,0,0,0,0,0,0,0,0,0,0,0,295.379,1.5299,2,5,67.79
C=CC(=O)NC(C)C,TOX13754,0,0,0,0,0,0,0,0,0,0,0,0,113.16,0.697,1,1,29.1
O=C(Nc1ccccc1SSc1ccccc1NC(=O)c1ccccc1)c1ccccc1,TOX21629,0,,1,,1,,1,0,0,1,1,,456.592,6.9906,2,4,58.2
O=C1c2ccccc2C(=O)C1C(=O)C(c1ccccc1)c1ccccc1,TOX12378,,,,,,,,,,0,,,340.378,4.083,0,3,51.21
CCC(=O)OCC(=O)[C@@]1(OC(=O)CC)[C@H](C)C[C@H]2[C@H]3[C@H]([C@@H](O)C[C@@]21C)[C@@]1(C)C=CC(=O)C=C1C[C@H]3Cl,TOX25535,1,1,,,,0,0,,0,,0,0,521.05,3.9427,1,7,106.97
CC(C)c1cccc(C(C)C)c1O,TOX3523,0,0,0,0,0,0,0,0,0,0,1,0,178.275,3.639,1,1,20.23
CNC(C)CC1CCCCC1,TOX3526,0,0,0,0,0,0,0,,0,,0,0,155.285,2.5647,1,1,12.03
Cc1c(C(C)C)c(=O)n(-c2ccccc2)n1C,TOX3529,0,0,0,0,0,0,0,0,0,0,0,0,230.311,2.60782,0,3,26.93
[O-][Cl+3]([O-])([O-])[O-],TOX27003,0,0,0,0,1,0,0,0,0,0,0,0,99.449,-4.756,0,4,92.24
CCN(C)N=O,TOX1036,0,0,0,0,0,0,0,0,0,0,,0,88.11,0.6195,0,2,32.67
CCCCCO,TOX1741,0,0,0,0,0,0,0,0,0,0,,0,88.15,1.1689,1,1,20.23
O=NN(c1ccccc1)c1ccccc1,TOX1030,0,0,0,0,1,1,0,0,0,0,0,0,198.225,3.5061,0,2,32.67
O=Nc1ccc(Nc2ccccc2)cc1,TOX1031,0,,0,,1,1,1,1,1,1,1,1,198.225,3.8281,1,3,41.46
CCCN(CCC)N=O,TOX1032,0,0,0,0,0,0,0,0,0,0,0,0,130.191,1.7898,0,2,32.67
C[N+](C)(C)C,TOX9108,0,0,0,0,1,0,0,0,0,0,0,0,74.147,0.3224,0,0,0
O=NN1CCCCCCC1,TOX1039,0,0,0,0,,0,0,0,0,0,0,0,142.202,1.9339,0,2,32.67
COc1cc(OC)c(OC)cc1C=O,TOX2217,0,0,0,,0,0,0,0,0,0,0,0,196.202,1.5249,0,4,44.76
C=C(C)C(=O)OC(C)C,TOX2218,0,0,0,0,0,0,0,0,0,0,,0,128.171,1.5141,0,2,26.3
N=C(N)c1ccccc1,TOX24401,0,0,0,0,0,0,0,0,0,0,0,0,120.155,0.97067,2,1,49.87
CCCC[N+](CCCC)(CCCC)CCCC,TOX24400,0,0,0,0,0,0,0,0,0,0,0,0,242.471,5.0036,0,0,0
CC1CCN(CCCC(=O)c2ccc(F)cc2)CC1,TOX3298,0,0,0,0,0,0,0,0,0,0,0,0,263.356,3.5205,0,2,20.31
CC(=O)CC(=O)OC(C)(C)C,TOX24402,0,0,0,0,,0,0,0,0,0,0,0,158.197,1.3072,0,3,43.37
N=C(N)NN,TOX24405,0,0,1,0,0,0,0,0,0,0,0,0,74.087,-1.65683,4,2,87.92
OCCSSCCO,TOX24404,0,0,0,0,0,0,0,,0,0,0,0,154.256,0.3524,2,4,40.46
Cc1ccc(C(N)=O)cc1N,TOX24407,0,0,0,0,0,0,0,0,0,0,0,0,150.181,0.67612,2,2,69.11
ClCCCCCCCl,TOX24409,0,0,0,0,0,0,0,0,0,0,0,0,155.068,3.0244,0,0,0
CN1C(=O)CC(C)(c2ccccc2)C1=O,TOX3293,0,0,0,0,0,0,0,0,0,0,0,0,203.241,1.333,0,2,37.38
CO[C@H]1[C@@H](O)C[C@H](O[C@H]2[C@@H](O)C[C@H](O[C@H]3[C@@H](O)C[C@H](O[C@H]4CC[C@]5(C)[C@H]6C[C@@H](O)[C@]7(C)[C@@H](C8=CC(=O)OC8)CC[C@]7(O)[C@@H]6CC[C@@H]5C4)O[C@@H]3C)O[C@@H]2C)O[C@@H]1C,TOX3294,,,,1,,0,,,,,1,0,794.976,2.8722,5,14,192.06
C[C@](N)(Cc1ccc(O)c(O)c1)C(=O)O,TOX3295,0,0,0,0,0,0,0,0,0,0,0,0,211.217,0.4423,4,4,103.78
CCC(C)Nc1c([N+](=O)[O-])cc(C(C)(C)C)cc1[N+](=O)[O-],TOX12337,0,0,0,0,1,0,,0,0,0,,0,295.339,4.0109,1,5,98.31
C[C@H]1CCC[C@@H](C)N1CCCC(O)(c1ccccc1)c1ccccn1,TOX23839,,,,,,,,0,,0,,,338.495,4.3606,1,3,36.36
CN1CCN(C2=Nc3ccccc3Oc3ccc(Cl)cc32)CC1.O=C(O)CCC(=O)O,TOX25227,0,0,0,0,0,0,0,0,0,0,,0,445.903,3.7072,2,6,102.67
Nc1ccc2cc(S(=O)(=O)O)ccc2c1,TOX24743,0,0,0,0,0,0,0,0,0,0,0,0,223.253,1.6687,2,3,80.39
c1ccc2c(c1)cc1ccc3cccc4ccc2c1c34,TOX139,0,1,1,,,,1,1,0,1,,1,252.316,5.7372,0,0,0
Nc1ccc(-c2ccc(N)cc2)cc1,TOX137,0,0,1,1,0,0,0,1,1,0,1,0,184.242,2.518,2,2,52.04
N#CC(CCc1ccc(Cl)cc1)(Cn1cncn1)c1ccccc1,TOX12548,0,0,,1,,0,,,,0,,,336.826,4.02588,0,4,54.5
[Ba+2],TOX131,0,0,0,0,0,0,0,0,0,0,1,0,137.328,-0.3808,0,0,0
c1ccccc1,TOX135,0,0,0,0,0,0,0,0,0,0,,0,78.114,1.6866,0,0,0
O=Cc1ccccc1,TOX134,0,0,0,0,0,0,0,0,0,0,0,0,106.124,1.4991,0,1,17.07
C=CCCC,TOX5849,0,0,0,0,0,0,0,0,0,0,0,0,70.135,1.9725,0,0,0
CCOC(=O)CP(=O)(OCC)OCC,TOX21573,0,0,0,0,,0,0,0,0,0,0,0,224.193,1.8156,0,5,61.83
CC(C)(c1ccccc1)c1ccccc1,TOX27868,0,0,0,0,0,0,0,,0,0,,0,196.293,4.0125,0,0,0
O=C(O)COCC(=O)O,TOX21575,0,0,0,0,0,0,0,0,0,0,0,0,134.087,-0.8278,2,3,83.83
Clc1ccc(C(Cl)(Cl)Cl)cc1Cl,TOX5840,0,0,1,,0,0,0,,0,,,0,264.366,4.8201,0,0,0
CCCCC,TOX5846,0,0,,0,0,0,0,0,0,,,0,72.151,2.1965,0,0,0
N#CC(C#N)=C(C#N)C#N,TOX29385,0,0,0,0,0,0,0,1,0,0,,0,128.094,0.37732,0,4,95.16
C1CCC2=NCCCN2CC1,TOX29384,0,0,0,0,0,0,0,,0,0,0,0,152.241,1.6646,0,2,15.6
O=C(O)c1c2ccccc2cc2ccccc12,TOX29387,0,0,0,0,0,0,1,0,0,0,0,0,222.243,3.6912,1,1,37.3
O=C(CBr)c1ccccc1,TOX29386,0,0,,0,1,0,0,1,0,,0,0,199.047,2.2642,0,1,17.07
C[N+](C)(C)CC(=O)[O-],TOX2666,0,0,0,0,0,0,0,0,0,0,0,0,117.148,-1.5575,0,2,40.13
Nc1nc(Cl)cc(Cl)n1,TOX29380,0,0,1,0,0,0,0,,0,0,0,0,163.995,1.3656,1,3,51.8
COc1ccc(C=O)cc1O,TOX29383,0,0,0,,0,0,0,0,0,0,,0,152.149,1.2133,1,3,46.53
CCN(CC)CCNC(=O)c1ccc(N)cc1,TOX29382,0,0,0,0,0,0,0,0,0,0,0,0,235.331,1.3404,2,3,58.36
O=c1c(=O)c2cccc3cccc1c32,TOX29389,0,0,1,0,0,0,0,,0,,,1,182.178,2.2188,0,2,34.14
O=c1[nH][nH]c2ccccc12,TOX29388,0,0,1,0,0,0,,0,0,0,0,0,134.138,0.8562,2,1,48.65
CC1(C)C(=O)N(Cl)C(=O)N1Br,TOX12591,0,0,0,0,0,0,0,,0,0,0,0,241.472,1.4929,0,2,40.62
O=C1C(I)=CC(=C(c2cc(I)c([O-])c(I)c2)c2ccccc2C(=O)[O-])C=C1I,TOX26768,0,0,0,0,0,0,,1,0,0,1,,819.896,4.3553,0,4,80.26
CN(CCOc1ccc(CC2SC(=O)NC2=O)cc1)c1ccccn1,TOX3569,0,,0,0,0,0,1,1,0,0,1,0,357.435,2.4909,1,6,71.53
CNC(=O)N(c1ccccc1)c1ccccc1,TOX5593,0,0,0,0,0,0,0,0,0,0,0,0,226.279,3.1641,1,1,32.34
CN(CCO)CCO,TOX5591,0,0,0,0,0,0,0,0,0,0,,0,119.164,-1.0972,2,3,43.7
CC1CCCC1,TOX5590,0,0,0,0,0,0,0,1,0,,,,84.162,2.1965,0,0,0
C=CC(=O)NCNC(=O)C=C,TOX5595,0,0,0,,,0,,1,0,0,0,0,154.169,-0.4517,2,2,58.2
C[C@H](CN1CCOCC1)C(C(=O)N1CCCC1)(c1ccccc1)c1ccccc1,TOX28844,0,0,1,0,0,0,0,0,0,0,0,0,392.543,3.5634,0,3,32.78
N#CSCSC#N,TOX5599,0,,0,,,1,1,,1,1,,1,130.197,1.37246,0,4,47.58
Nc1ccccc1-c1ccccc1,TOX10189,0,0,0,0,,0,,0,0,0,0,0,169.227,2.9358,1,1,26.02
Cc1ccc(C(=O)c2ccccc2)cc1,TOX17741,0,0,,,1,0,0,0,0,0,0,0,196.249,3.22602,0,1,17.07
CCCCCCCCCCCCCC[P+](CCCC)(CCCC)CCCC,TOX14997,0,,,,,,,,,,1,,399.708,10.1054,0,0,0
CC(C)(C)c1cc(C(C)(C)C)c(O)c(C(C)(C)C)c1,TOX1311,0,0,0,,0,0,0,0,0,0,1,0,262.437,5.2847,1,1,20.23
CS(=O)(=O)c1ccc(C2=C(c3ccccc3)C(=O)OC2)cc1,TOX3567,0,0,0,0,0,0,0,,0,,0,0,314.362,2.5577,0,4,60.44
CC[C@@H](O)C(C[C@@H](C)N(C)C)(c1ccccc1)c1ccccc1,TOX28843,0,0,0,0,,0,,,0,,,0,311.469,4.0838,1,2,23.47
CCCCS,TOX6824,0,,0,0,0,0,0,0,0,0,0,0,90.191,1.7163,1,1,0
CC[C@H](O)C(C[C@H](C)N(C)C)(c1ccccc1)c1ccccc1,TOX28842,0,0,0,0,0,0,,0,0,0,,0,311.469,4.0838,1,2,23.47
Brc1c(NC2=NCCN2)ccc2nccnc12,TOX25221,0,0,0,0,0,0,0,0,0,0,,0,292.14,1.7634,2,5,62.2
C[C@]12C=CC3=C4CCC(=O)C=C4CC[C@H]3[C@@H]1CC[C@@H]2O,TOX14192,1,1,0,0,1,1,0,1,0,0,0,0,270.372,3.3293,1,2,37.3
C[S+](C)CCC(N)C(=O)O,TOX26713,0,0,0,0,0,0,0,,0,,0,0,164.25,-0.3337,2,2,63.32
NC(=O)OC[C@@H]1[C@H](NC(=O)/C(=N\OCC(=O)[O-])c2csc(N)n2)C(=O)N1S(=O)(=O)[O-],TOX26712,0,0,0,0,1,0,0,,0,,0,0,464.394,-4.553,3,14,259.56
Cc1ccc(C(C)(C)c2ccc(C)cc2)cc1,TOX26243,0,0,0,0,0,0,0,,0,,0,0,224.347,4.62934,0,0,0
COc1ccc(C(=O)c2ccc(C)cc2)c(O)c1,TOX26242,0,0,1,,1,0,0,0,0,0,0,0,242.274,2.94022,1,3,46.53
CCCCCCOC(=O)c1cccnc1,TOX26245,0,0,0,0,0,0,0,,0,,0,0,207.273,2.8187,0,3,39.19
COc1ccc(-c2noc(CC(=O)O)c2-c2ccc(OC)cc2)cc1,TOX26716,,,0,0,0,0,0,,0,,,0,339.347,3.6529,1,5,81.79
C/C(=N\Cc1ccccc1)c1ccccc1O,TOX26247,0,0,0,0,0,0,0,,0,,0,0,225.291,3.4014,1,2,32.59
CCCC(C)(COC(N)=O)COC(=O)NC1CC1,TOX26246,0,0,,0,0,0,0,,0,,0,0,258.318,1.7767,2,4,90.65
CN1C(=O)CN2CCc3ccccc3C2c2cc(Cl)ccc21,TOX26249,0,0,1,,0,0,0,,0,,0,1,312.8,3.2639,0,2,23.55
CCCCNC(=O)NS(=O)(=O)c1ccc(C)cc1,TOX1359,0,0,0,0,0,0,0,0,0,0,0,0,270.354,1.78302,2,3,75.27
CCCCCC[C@@H](O)C/C=C\CCCCCCCC(=O)OCC(O)CO,TOX22007,0,0,0,0,0,0,0,,0,0,0,0,372.546,3.8911,3,5,86.99
CCCCCCCC(=O)OCC(O)CO,TOX22006,0,0,0,0,0,0,0,0,0,0,0,0,218.293,1.2433,2,4,66.76
CCCCCCCCCCCCCC(=O)OCC(O)CO,TOX22005,0,0,0,,0,0,0,0,0,0,,0,302.455,3.5839,2,4,66.76
Cc1ccc(S(=O)(=O)NC(=O)NN2CCCCCC2)cc1,TOX1358,0,0,0,0,1,0,0,0,0,0,0,0,311.407,1.77392,2,4,78.51
C=CCN(CC=C)C(=O)C(Cl)Cl,TOX7997,0,0,0,0,0,0,0,0,0,0,0,0,208.088,1.9907,0,1,20.31
CCCCCCCCCCCCCCCCO,TOX7991,0,0,0,0,0,0,0,1,0,0,0,0,242.447,5.46,1,1,20.23
C=CCc1ccc(OC)cc1,TOX575,0,0,0,0,,0,0,0,0,0,0,0,148.205,2.4237,0,1,9.23
C=CC(=O)OC,TOX4183,0,0,0,0,0,0,0,0,0,0,,0,86.09,0.3454,0,2,26.3
O=C1c2cccc(O)c2C(=O)c2c(O)cc(CO)cc21,TOX10695,0,0,0,,,0,,1,0,0,1,,270.24,1.3655,3,5,94.83
C1CSCCS1,TOX4077,0,0,0,0,0,0,0,0,0,,0,0,120.242,1.4664,0,2,0
CN(C)C(=O)C(c1ccccc1)c1ccccc1,TOX4072,0,0,0,0,0,0,0,1,0,0,0,0,239.318,2.9067,0,1,20.31
OC[C@H]1O[C@@H]2O[C@@H]3[C@@H](CO)O[C@H](O[C@@H]4[C@@H](CO)O[C@H](O[C@@H]5[C@@H](CO)O[C@H](O[C@@H]6[C@@H](CO)O[C@H](O[C@@H]7[C@@H](CO)O[C@H](O[C@H]1[C@H](O)[C@H]2O)[C@H](O)[C@H]7O)[C@H](O)[C@H]6O)[C@H](O)[C@H]5O)[C@H](O)[C@H]4O)[C@H](O)[C@H]3O,TOX10698,0,0,0,0,1,0,0,1,0,0,0,0,972.846,-13.0548,18,30,474.9
CCCCCC[C@@H](O)C/C=C\CCCCCCCC(=O)OC,TOX9169,0,0,0,0,0,0,0,0,0,0,,0,312.494,5.1677,1,3,46.53
Nc1ncn([C@H]2C[C@H](O)[C@@H](CO)O2)c(=O)n1,TOX10432,0,0,0,,0,0,0,0,,0,0,,228.208,-2.1388,3,8,123.49
COC(=O)c1ccc(NC(C)=O)cc1OC,TOX31528,,,,,,,,0,,0,,,223.228,1.4402,1,4,64.63
COC(=O)c1cc(Cl)c(NC(C)=O)cc1OC,TOX31529,,,,,,,,0,,0,,,257.673,2.0936,1,4,64.63
Nc1ccc([N+](=O)[O-])c(C(F)(F)F)c1,TOX31520,,,,,,,,0,,0,,,206.123,2.1958,1,3,69.16
CCOC(=O)c1ccc(O)c(O)c1,TOX31521,,,,,,,,0,,0,,,182.175,1.2745,2,4,66.76
OC1(c2ccc(Cl)cc2)CCNCC1,TOX31522,,,,,,,,0,,0,,,211.692,1.911,2,2,32.26
Clc1ccccc1N1CCNCC1,TOX31523,,,,,,,,1,,0,,,196.681,1.7496,1,2,15.27
O=C(c1ccco1)N1CCNCC1,TOX31524,,,,,,,,0,,0,,,180.207,0.325,1,3,45.48
CC(=O)c1ccc(O)c(C(N)=O)c1,TOX31525,,,,,,,,0,,0,,,179.175,0.6937,2,3,80.39
CCCC(=O)Nc1ccc(O)c(C(C)=O)c1,TOX31526,,,,,,,,0,,0,,,221.256,2.3334,2,3,66.4
OC1(c2ccccc2)CCNCC1,TOX31527,,,,,,,,0,,0,,,177.247,1.2576,2,2,32.26
CC(=O)CC(=O)Nc1ccc(C)cc1C,TOX20719,0,0,0,0,0,0,0,0,0,0,,0,205.257,2.22104,1,2,46.17
COc1cc(Cl)c(OC)cc1N,TOX20718,0,0,1,0,0,0,0,,0,0,0,0,187.626,1.9394,1,3,44.48
CCOC(=O)c1ccccc1C,TOX20711,0,0,0,,0,0,0,0,0,0,0,0,164.204,2.17172,0,2,26.3
C[Si](C)(C)O[Si](C)(C)O[Si](C)(C)C,TOX20710,0,0,0,0,0,0,0,0,0,0,,0,236.536,3.3912,0,2,18.46
CCCCCCCCOC(=O)c1cc(O)c(O)c(O)c1,TOX20713,0,,,,,,,,0,,,1,282.336,3.3207,3,5,86.99
CC[Sn](Br)(CC)CC,TOX20712,0,1,0,,,1,1,,1,1,1,1,285.801,3.3865,0,0,0
C=CC(=O)OCCOc1ccccc1,TOX20715,0,,0,0,,0,0,,0,1,,1,192.214,1.7946,0,3,35.53
Cc1cc(C)c(N)c(Cl)c1,TOX20714,0,0,0,0,0,0,0,0,0,0,0,0,155.628,2.53904,1,1,26.02
CCC(C)(C)C1CCC(O)CC1,TOX20716,0,0,0,0,,0,0,0,0,0,0,0,170.296,2.9737,1,1,20.23
CCCOC(=O)c1ccccc1,TOX24878,0,0,0,0,0,0,0,0,0,0,0,0,164.204,2.2534,0,2,26.3
CCC(CO)(CO)COCC(CC)(CO)CO,TOX24879,0,0,0,0,0,0,0,0,0,0,0,0,250.335,-0.235,4,5,90.15
N=C1NC(=N)c2ccccc21,TOX24658,0,1,,,0,0,,1,1,0,,1,145.165,0.94054,3,2,59.73
C=C(C)C(=O)OCCCCOC(=O)C(=C)C,TOX24870,0,0,0,,0,0,0,0,0,0,0,0,226.272,2.0052,0,4,52.6
CCCCCCCCCCCC(=O)N(CC)CC,TOX24655,0,0,0,0,0,0,0,0,0,0,0,0,255.446,4.7757,0,1,20.31
N#CCCOCCOCCC#N,TOX24656,0,0,0,0,0,0,0,0,0,0,,0,168.196,0.84696,0,4,66.04
C=CC(=O)OCCCCCCCCCC,TOX24873,0,0,0,0,0,0,0,0,0,0,0,0,212.333,3.8563,0,2,26.3
Cc1ccc(N(CCO)CCO)cc1,TOX24650,0,0,,0,0,0,0,0,0,0,0,0,195.262,0.78602,2,3,43.7
CN(C)CCN(C)CCO,TOX24875,0,0,0,0,0,0,0,0,0,0,0,0,146.234,-0.5279,1,3,26.71
C(COCC1CO1)OCC1CO1,TOX24876,0,0,0,,0,0,0,1,0,,0,,174.196,-0.1828,0,4,43.52
CCC(=O)Nc1cccc(N)c1,TOX24877,0,0,0,0,0,0,0,0,0,0,0,0,164.208,1.6173,2,2,55.12
S=C(Nc1ccccc1)Nc1ccccc1,TOX6139,0,0,0,0,0,0,0,,0,1,,0,228.32,3.4955,2,1,24.06
O=C(N[C@H]1N=C(c2ccccc2F)c2cccc3c2N(CC3)C1=O)c1cc2ccccc2[nH]1,TOX28711,0,0,1,0,,0,0,0,0,0,0,,438.462,3.8032,2,3,77.56
CCOC(=O)Cc1cccc(-c2cc(CCCCCCc3ccc(O[C@H]4O[C@H](COC(C)=O)[C@@H](OC(C)=O)[C@H](OC(C)=O)[C@@H]4OC(C)=O)c(-c4cccc(CC(=O)OCC)c4)c3)ccc2O[C@H]2O[C@H](COC(C)=O)[C@@H](OC(C)=O)[C@H](OC(C)=O)[C@@H]2OC(C)=O)c1,TOX28710,0,0,0,0,0,0,0,,0,,0,0,1255.326,7.5012,0,24,299.92
CCc1cc(S(=O)(=O)[O-])c2cc(C(C)C)cccc1-2,TOX28713,0,0,0,0,0,0,0,,0,0,0,0,277.365,3.3813,0,3,57.2
O=C(N[C@@H]1N=C(c2ccccc2F)c2cccc3c2N(CC3)C1=O)c1cc2ccccc2[nH]1,TOX28712,0,0,1,0,,0,0,,1,0,1,,438.462,3.8032,2,3,77.56
CCC(C(=O)NC(=O)NC(C)=O)c1ccccc1,TOX28715,0,0,0,0,0,0,0,0,0,0,0,0,248.282,1.5525,2,3,75.27
O=C(O)CNC(=O)CNC(=O)CNC(=O)CSC(=O)c1ccccc1,TOX28714,0,0,0,0,0,0,0,0,0,0,0,0,367.383,-1.0068,4,6,141.67
Nc1ccn(C2CO[C@H](CO)O2)c(=O)n1,TOX28717,0,0,0,0,0,0,0,0,0,0,0,,213.193,-1.3107,2,7,99.6
CCN1CCN(c2cc(-c3ccc(F)cc3)c3c(n2)CCCCCC3)CC1,TOX28716,0,0,0,0,0,0,0,0,0,0,0,0,367.512,4.6886,0,3,19.37
CCOC(=O)OCC/C(SC(=O)OCC)=C(\C)N(C=O)Cc1cnc(C)nc1N,TOX28719,0,0,0,0,0,0,0,0,0,0,0,0,426.495,3.01002,1,10,133.94
CC[C@]1(O)C[C@@H]2CN(CCc3c([nH]c4ccccc34)[C@@](C(=O)OC)(c3cc4c(cc3OC)N(C)[C@H]3[C@@](O)(C(=O)OC)[C@H](OC(C)=O)[C@]5(CC)C=CCN6CC[C@]43[C@@H]65)C2)C1,TOX27831,0,,0,,,,,1,1,1,1,1,810.989,3.9909,3,12,154.1
CCC(=O)c1ccc2c(c1)N(CCCN1CCN(CCO)CC1)c1ccccc1S2,TOX27830,0,0,1,,0,0,,,0,,,0,425.598,3.882,1,6,47.02
OC(CCN1CCCCC1)(c1ccccc1)C1CC2C=CC1C2,TOX27832,0,0,0,0,0,0,0,0,0,0,0,0,311.469,3.9624,1,2,23.47
CCOP(=O)(OCC)OCC,TOX6228,0,0,1,0,0,0,0,0,0,0,0,0,182.156,2.204,0,4,44.76
Nc1ccc(F)cc1,TOX2027,0,0,,0,0,0,0,0,0,0,,0,111.119,1.4079,1,1,26.02
Oc1ccc(Cl)cc1Sc1cc(Cl)ccc1O,TOX6137,0,,0,,,0,0,0,,1,1,1,287.167,4.5558,2,3,40.46
CCC(C)n1c(=O)[nH]c(C)c(Br)c1=O,TOX2020,0,0,1,0,0,0,0,0,0,0,0,0,261.119,1.57852,1,3,54.86
CCOc1cc(OCC)c(C(C)=O)cc1OCC,TOX6220,0,0,,,,0,0,0,0,0,,0,252.31,3.0853,0,4,44.76
CC(=O)OCCOCCOCCOC(C)=O,TOX6223,0,0,0,0,0,0,0,0,0,0,0,0,234.248,0.1458,0,6,71.06
OCCC(F)(F)C(F)(F)C(F)(F)C(F)(F)C(F)(F)C(F)(F)C(F)(F)C(F)(F)F,TOX9904,0,0,0,0,0,0,0,0,0,0,0,0,464.115,5.3782,1,1,20.23
Cn1cnc2c1c(=O)[nH]c(=O)n2C,TOX6132,0,0,0,0,0,0,0,0,0,0,0,0,180.167,-1.0397,1,5,72.68
CCN(CC)c1ccc2c(C)cc(=O)oc2c1,TOX5035,1,,1,,0,,,,0,,,1,231.295,2.94762,0,3,33.45
CCN(CC)c1cccc(O)c1,TOX5037,0,0,1,0,1,,0,,0,0,,0,165.236,2.2384,1,2,23.47
Oc1ccc2ccccc2c1/N=N/c1ccccc1,TOX1135,0,0,1,0,1,0,0,1,0,0,1,0,248.285,4.9608,1,3,44.95
NC(=S)Nc1ccccc1,TOX1134,0,0,0,0,0,0,0,0,0,0,0,0,152.222,1.3421,2,1,38.05
Nc1c2ccccc2nc2ccccc12,TOX4457,0,,1,1,1,,,,0,,1,1,194.237,2.9702,1,2,38.91
CC[N+](CC)(CC)CCC(O)(c1ccccc1)C1CCCCC1,TOX3701,0,0,0,0,0,0,0,,0,,0,0,318.525,4.7211,1,1,20.23
CNP(=O)(OC)Oc1ccc(C(C)(C)C)cc1Cl,TOX17515,0,0,0,,0,0,,1,0,0,0,0,291.715,3.9902,1,3,47.56
CC(=O)NNc1ccccc1,TOX15,0,0,0,0,0,0,,0,0,0,0,0,150.181,1.1496,2,2,41.13
CC(=O)C1C(=O)C=C(C)OC1=O,TOX14,0,0,0,0,0,0,0,0,0,0,0,0,168.148,0.2213,0,4,60.44
Nc1ccc(Nc2ccccc2)cc1,TOX5895,0,0,,0,0,0,0,1,0,0,0,,184.242,3.0124,2,2,38.05
C/C=C(C(=C/C)/c1ccc(O)cc1)\c1ccc(O)cc1,TOX2382,0,0,0,0,1,1,0,1,0,1,1,1,266.34,4.6046,2,2,40.46
NNCCO,TOX728,0,0,0,0,,0,0,0,0,0,0,0,76.099,-1.558,3,3,58.28
Cc1ncc(C[n+]2csc(CCO)c2C)c(N)n1,TOX18762,0,0,0,0,0,0,0,0,0,0,0,0,265.362,0.60774,2,5,75.91
CCOc1ccc(NC(=O)CC(C)O)cc1,TOX721,0,0,0,0,0,0,0,0,0,0,0,0,223.272,1.7947,2,3,58.56
CCOP(=S)(OCC)SCSCC,TOX12459,0,0,0,,1,0,0,0,0,0,0,0,260.386,3.7277,0,5,18.46
C=CC(=O)OCCN(C)C,TOX5100,0,0,0,0,0,0,0,,0,0,0,0,143.186,0.2772,0,3,29.54
Nc1ccc2cc3ccccc3cc2c1,TOX4458,0,,1,,1,,,,1,,1,1,193.249,3.5752,1,1,26.02
CN(C)CCCOc1nn(Cc2ccccc2)c2ccccc12,TOX25293,0,0,0,0,0,0,0,,0,0,0,0,309.413,3.4151,0,4,30.29
CCN1CCCC(OC(=O)C(c2ccccc2)c2ccccc2)C1,TOX25292,0,0,0,0,0,0,0,0,0,0,,0,323.436,3.846,0,3,29.54
CCCCC1C(=O)N(c2ccccc2)N(c2ccc(O)cc2)C1=O,TOX25291,0,,0,0,,0,,,0,,0,,324.38,3.4934,1,3,60.85
CCOCC(C)O,TOX4283,0,0,0,0,0,0,0,0,0,0,,0,104.149,0.4037,1,2,29.46
CCCCC(CC)CN1CN(CC(CC)CCCC)CC(C)(N)C1,TOX25297,,,,,,,,0,,0,,,339.612,4.7117,1,3,32.5
CN(C)CCCN,TOX5102,0,0,0,0,0,0,0,0,0,0,0,0,102.181,-0.1032,1,2,29.26
O=C1CCCc2ccccc21,TOX7175,0,0,1,0,0,0,0,0,0,0,0,0,146.189,2.2056,0,1,17.07
OC1CCCc2ccccc21,TOX7174,0,0,0,0,0,0,0,0,0,0,0,0,148.205,2.0563,1,1,20.23
c1ccc(N=NNc2ccccc2)cc1,TOX4934,0,0,1,,1,0,,1,0,0,,0,197.241,3.7974,1,2,36.75
O=C(O)C1(C(=O)Nc2ccc(Cl)cc2Cl)CC1,TOX12600,0,,1,,0,0,,1,1,0,,,274.103,2.7967,2,2,66.4
COC(C)OC,TOX7178,0,0,0,0,0,0,0,0,0,0,,0,90.122,0.6252,0,2,18.46
CCc1ccc(C(c2ccc(CC)cc2)C(Cl)Cl)cc1,TOX589,0,0,0,0,,0,0,0,0,0,1,0,307.264,5.747,0,0,0
CC(O)c1ccccc1,TOX859,0,0,0,0,0,0,0,0,0,0,0,0,122.167,1.7399,1,1,20.23
Clc1cccc(-c2cc(Cl)cc(Cl)c2)c1,TOX3883,0,0,0,0,0,,0,0,0,0,,0,257.547,5.3138,0,0,0
Clc1ccccc1-c1nnc(-c2ccccc2Cl)nn1,TOX3881,0,0,1,,1,0,0,0,1,0,0,0,303.152,3.9074,0,4,51.56
CCOc1ccc(NC(N)=O)cc1,TOX580,0,0,0,0,,0,0,0,0,0,0,0,180.207,1.5759,2,2,64.35
CCOc1ccccc1C(N)=O,TOX581,0,0,,0,0,0,0,0,0,1,0,0,165.192,1.1842,1,2,52.32
CCOc1ccc2c(c1)C(C)=CC(C)(C)N2,TOX582,0,0,1,0,0,0,1,,0,,0,0,217.312,3.6927,1,2,21.26
C=CC(=O)OCC,TOX583,0,0,0,0,0,0,0,0,0,0,0,0,100.117,0.7355,0,2,26.3
CN1CCCC1=O,TOX856,0,0,0,0,0,0,0,0,0,0,0,0,99.133,0.2386,0,1,20.31
CNc1ncnc2[nH]cnc12,TOX857,0,0,,,0,0,0,1,1,0,1,0,149.157,0.3946,2,4,66.49
CCOC(=O)C(C)Oc1ccc(Oc2cnc3cc(Cl)ccc3n2)cc1,TOX3889,0,0,1,,0,0,0,0,0,0,1,0,372.808,4.4059,0,6,70.54
COP(=S)(OC)Oc1ccc([N+](=O)[O-])cc1,TOX855,0,0,1,0,1,0,0,0,0,0,0,0,263.211,2.4909,0,6,70.83
COc1cc(N)ccc1C,TOX4855,0,0,1,0,0,0,,,0,0,0,0,137.182,1.58582,1,2,35.25
CC(=O)c1ccccc1,TOX1828,0,0,0,0,0,0,0,0,0,0,0,0,120.151,1.8892,0,1,17.07
Oc1ccc(Cl)cc1Cc1cc(Cl)ccc1O,TOX1824,0,0,0,,,0,0,,0,1,1,1,269.127,3.9954,2,2,40.46
Nc1ccc([N+](=O)[O-])cc1[N+](=O)[O-],TOX1823,0,0,,,0,0,0,,0,0,1,0,183.123,1.0852,1,5,112.3
CC(C)N(CCO)C(C)C,TOX1822,0,0,0,0,0,0,0,0,0,0,,0,145.246,1.0975,1,2,23.47
CCC(C)=NO,TOX1821,0,0,0,0,0,0,0,0,0,0,0,0,87.122,1.2465,1,2,32.59
CCC(=O)CC,TOX1820,0,0,0,0,0,0,0,0,0,0,0,0,86.134,1.3755,0,1,17.07
CC[N+](CC)(CC)CCOc1cccc(OCC[N+](CC)(CC)CC)c1OCC[N+](CC)(CC)CC,TOX3089,0,0,0,0,0,0,0,0,0,0,0,0,510.828,5.4525,0,3,27.69
OC[C@H]1OC(O)[C@H](O)[C@@H](O)[C@H]1O,TOX3088,0,0,0,0,0,0,0,,0,,,0,180.156,-3.2214,5,6,110.38
CCCCc1ccc(C(=O)O)nc1,TOX3085,0,0,0,0,,0,0,,0,,0,0,179.219,2.1224,1,2,50.19
C/C(=C(/CCO)SSCC1CCCO1)N(C=O)Cc1cnc(C)nc1N,TOX28528,0,0,0,0,0,0,0,,0,,0,0,398.554,2.49992,2,8,101.57
CCCC(C)CC,TOX8974,0,0,0,0,0,0,0,0,0,0,0,0,100.205,2.8326,0,0,0
CCOP(=O)([O-])C(N)=O,TOX12406,0,0,0,0,0,0,0,,0,0,,0,152.066,-0.345,1,4,92.45
O=C(Cl)c1cc(Cl)cc(Cl)c1,TOX7506,0,0,0,0,0,0,0,0,0,0,,0,209.459,3.3724,0,1,17.07
COC(=O)c1cccc(Cl)c1,TOX7507,0,0,0,0,0,0,0,0,0,0,0,0,170.595,2.1266,0,2,26.3
C=C(C)C(=O)OCCN(C)C,TOX7504,0,0,0,0,0,0,0,0,0,0,0,0,157.213,0.6673,0,3,29.54
Cc1cc(=O)nc(C(C)C)[nH]1,TOX7502,0,0,0,0,0,0,0,0,0,0,0,0,152.197,1.20172,1,2,45.75
CC1(C)CC(N)CC(C)(CN)C1,TOX7503,0,0,0,0,0,0,0,0,0,0,0,0,170.3,1.4888,2,2,52.04
CCCOCCO,TOX7500,0,0,0,0,0,0,0,0,0,0,0,0,104.149,0.4053,1,2,29.46
COC(=O)CCS,TOX7509,0,0,0,0,0,0,0,0,0,0,0,0,120.173,0.4793,1,3,26.3
CCCCOC(=O)[C@@H](C)Oc1ccc(Oc2ccc(C(F)(F)F)cn2)cc1,TOX14855,0,0,0,1,1,0,0,,0,0,0,0,383.366,5.0033,0,5,57.65
CC(C)NCC(O)COc1ccccc1-n1cccc1,TOX25671,0,0,0,0,0,0,0,,0,,,,274.364,2.215,2,4,46.42
OC[C@H]1O[C@@H](n2cnc3c(S)ncnc32)[C@H](O)[C@@H]1O,TOX26019,0,0,1,,0,0,,1,0,0,,1,284.297,-1.2735,4,9,113.52
CC1(C)CO[C@@H](CC(=O)O)CN1,TOX25670,,,,,,,,0,,0,,,173.212,0.2281,2,3,58.56
NC(=O)c1ncn([C@@H]2O[C@H](CO)[C@@H](O)[C@H]2O)c1N,TOX26015,0,0,0,,0,0,0,0,0,0,0,0,258.234,-2.8243,5,8,156.85
N=C(N)NN.N=C(N)NN,TOX26016,0,0,,0,0,0,0,0,0,0,0,0,148.174,-3.31366,8,4,175.84
CCC(COC(=O)c1cc(OC)c(OC)c(OC)c1)(c1ccccc1)N(C)C,TOX26017,0,0,0,0,,0,0,1,0,0,,0,387.476,3.7363,0,6,57.23
CC[C@H](NC(C)C)[C@H](O)c1ccc(O)c2[nH]c(=O)ccc12,TOX25673,0,0,0,0,0,0,0,0,0,0,0,0,290.363,2.0437,4,4,85.35
CCCCCCC1(C)CCC(=O)O1,TOX21299,0,0,0,0,0,0,0,0,0,0,,0,184.279,3.0525,0,2,26.3
OC[C@H]1OC(S[Au])[C@H](O)[C@@H](O)[C@@H]1O,TOX26013,0,0,0,0,0,0,,,0,,0,,392.183,-2.0187,4,6,90.15
CCCCCCC#CC(=O)OC,TOX27639,0,0,0,0,0,0,0,,0,0,0,0,168.236,2.1332,0,2,26.3
CCCCCC/C=C/C(=O)OC,TOX27637,0,0,0,0,0,0,0,0,0,0,0,0,170.252,2.686,0,2,26.3
CCCCCCCC(=O)OCCCCCC,TOX27636,0,0,0,0,0,0,0,0,0,0,0,0,228.376,4.4704,0,2,26.3
CCCCCCCC/C=C\CCCCCCCC(=O)OCC,TOX27633,0,0,0,0,0,0,0,0,0,0,0,0,310.522,6.587,0,2,26.3
C/C=C/C=C/CO,TOX27631,0,0,0,0,0,0,0,,0,0,0,0,98.145,1.111,1,1,20.23
CCN(CC)CC1CCCCN1CC(=O)N1c2ccccc2C(=O)Nc2cccnc21,TOX25674,0,0,0,0,0,0,0,0,0,0,0,0,421.545,3.5083,1,5,68.78
CC1(C)Oc2ccc(C#N)cc2[C@@H](N2CCCC2=O)[C@@H]1O,TOX25677,0,0,0,0,0,0,0,0,0,0,0,0,286.331,1.75368,1,4,73.56
O=C(O)CCCCCCC(=O)O,TOX1644,0,,0,0,0,0,0,0,0,0,0,0,174.196,1.4962,2,2,74.6
CCOC(=O)[C@]1(c2ccccc2)Oc2ccccc2[C@@H]1N,TOX27362,0,0,0,1,,0,0,,0,0,,0,283.327,2.5374,1,4,61.55
CCCN1C=CN(C)C1,TOX29320,0,0,0,0,0,0,0,0,0,0,0,0,126.203,1.0725,0,2,6.48
Cc1ccccc1/N=N/c1ccc(/N=N/c2c(O)ccc3ccccc23)c(C)c1,TOX21743,0,0,1,0,1,,0,1,0,0,0,0,380.451,7.99304,1,5,69.67
CCCCCCCCCCCCCBr,TOX29314,0,0,0,0,0,0,0,0,0,0,,0,263.263,5.6923,0,0,0
Cc1ncsc1CCCl,TOX2842,0,0,0,0,0,0,0,0,0,0,0,0,161.657,2.23282,0,2,12.89
CCN(CC)CCOc1ccc(C(=C(Cl)c2ccccc2)c2ccccc2)cc1,TOX2843,0,0,0,1,,0,0,,0,,,,405.969,6.5626,0,2,12.47
Clc1cccc(Cl)c1N=C1NCCN1,TOX24670,0,0,0,0,0,0,0,0,0,0,0,0,230.098,2.1737,2,1,36.42
CC1CCCC(C)N1NC(=O)c1ccc(Cl)c(S(N)(=O)=O)c1,TOX2847,0,0,0,0,0,0,0,,0,,0,0,345.852,1.8951,2,4,92.5
Nc1ccc2ccccc2c1S(=O)(=O)O,TOX922,0,0,1,0,1,0,0,1,0,0,0,0,223.253,1.6687,2,3,80.39
O=[N+]([O-])c1ccc(Cl)cc1,TOX281,0,0,0,0,0,0,0,0,0,0,0,0,157.556,2.2482,0,2,43.14
CCCCOC(O)CC,TOX9755,0,0,0,0,0,0,0,0,0,0,0,0,132.203,1.5315,1,2,29.46
CCCCCCCCCCCCOS(=O)(=O)[O-],TOX6031,0,0,0,0,0,0,0,0,0,0,0,0,265.395,3.3841,0,4,66.43
CCCCC(CC)COS(=O)(=O)[O-],TOX6033,0,0,0,0,0,0,0,0,0,0,0,0,209.287,1.6796,0,4,66.43
CCOC(=O)C1=NOC(c2ccccc2)(c2ccccc2)C1,TOX20360,0,0,0,,0,0,0,0,0,0,,0,295.338,3.2696,0,4,47.89
O=C(Nc1ccc([N+](=O)[O-])cc1Cl)c1cc(Cl)ccc1O,TOX20362,0,,1,,,0,,,,,1,1,327.123,3.8595,2,4,92.47
CC(C)(C)C(O)/C(=C\c1ccc(Cl)cc1Cl)n1cncn1,TOX20363,0,0,,,,0,,1,0,0,1,0,326.227,3.99,1,4,50.94
Cc1cc([N+](=O)[O-])ccc1N,TOX5629,0,0,,0,,0,0,0,0,0,0,0,152.153,1.48542,1,3,69.16
Cc1c(N)cccc1[N+](=O)[O-],TOX5628,0,,,0,,0,0,0,0,0,0,0,152.153,1.48542,1,3,69.16
CCOC(=O)C1(c2ccccc2)CCN(CCc2ccc(N)cc2)CC1,TOX2610,,,,,,,,0,,0,,,352.478,3.4082,1,4,55.56
CCCCC(=O)O[C@]1(C(=O)CO)[C@H](C)C[C@H]2[C@@H]3CCC4=CC(=O)C=C[C@]4(C)[C@@]3(F)[C@@H](O)C[C@@]21C,TOX2904,1,1,,,0,0,0,0,0,0,1,0,476.585,3.6368,2,6,100.9
CC(C)(CO)[C@@H](O)C(=O)NCCCO,TOX2906,0,0,0,0,0,0,0,0,0,0,0,0,205.254,-1.1356,4,4,89.79
CC(=O)OCC(=O)[C@@]1(O)[C@H](C)C[C@H]2[C@@H]3CCC4=CC(=O)C=C[C@]4(C)[C@@]3(F)[C@@H](O)C[C@@]21C,TOX2901,1,1,0,,0,0,0,0,0,0,0,0,434.504,2.4665,2,6,100.9
C/C=C(\C)C(=O)OC/C=C(\C)CCC=C(C)C,TOX27413,0,0,0,0,0,0,0,0,0,0,0,0,236.355,4.1885,0,2,26.3
N[C@@H](Cc1ccc(Oc2cc(I)c(O)c(I)c2)c(I)c1)C(=O)O,TOX26908,0,0,0,,0,0,1,0,0,0,0,0,650.976,3.9527,3,4,92.78
CO/N=C(\C(=O)N[C@@H]1C(=O)N2C(C(=O)[O-])=C(C[n+]3cccc4c3CCC4)CS[C@H]12)c1csc(N)n1,TOX26909,0,0,0,,0,0,0,,0,,0,0,514.589,-1.0439,2,10,153.92
CC/C(=C(/CC)c1ccc(OP(=O)(O)O)cc1)c1ccc(OP(=O)(O)O)cc1,TOX26906,0,0,,0,1,1,0,,0,,0,0,428.314,4.3604,4,4,133.52
CCN(CC)CCO[C@H]1CC[C@@]2(C)C(=CC[C@H]3[C@@H]4CCC(=O)[C@@]4(C)CC[C@@H]32)C1,TOX26904,0,0,0,0,0,0,0,,0,,0,0,387.608,5.2453,0,3,29.54
COC(CNC(=O)c1ccccc1OCC(=O)O)C[Hg]O,TOX26902,0,0,0,0,0,0,,,,,0,0,483.87,0.3029,3,5,105.09
O=C(C=Cc1ccccc1)OCCCc1ccccc1,TOX27411,0,0,0,,1,0,0,0,0,0,0,0,266.34,3.8758,0,2,26.3
CC1=C(C=O)C(C)(C)CCC1,TOX27142,0,0,0,0,0,0,0,0,0,0,0,0,152.237,2.7119,0,1,17.07
CCCCCOC(=O)CCCC,TOX22218,0,0,0,,0,0,0,0,0,0,0,0,172.268,2.91,0,2,26.3
CCCc1ccccc1,TOX22219,0,0,0,0,0,0,0,0,0,0,,0,120.195,2.6391,0,0,0
CC(C)=CC(=O)O,TOX27145,0,0,0,0,1,0,0,0,0,0,0,0,100.117,1.0372,1,1,37.3
CCCCCCCCC(=O)Cl,TOX22215,0,0,0,0,0,0,0,,0,0,0,0,176.687,3.5024,0,1,17.07
CN1CCCC1,TOX22210,0,0,0,0,0,0,0,0,0,0,0,0,85.15,0.712,0,1,3.24
N=C(NCCCCCCNC(=N)NC(=N)Nc1ccc(Cl)cc1)NC(=N)Nc1ccc(Cl)cc1,TOX13314,1,,0,,,0,0,1,0,0,,,505.458,4.17528,10,4,167.58
CC(=O)Nc1cc([As](=O)(O)O)ccc1O,TOX25847,0,0,0,0,0,0,0,0,0,0,0,0,275.092,-1.0884,4,3,106.86
CCCCCC(C)N.CCCCCC(C)N,TOX25845,,,,,,,,0,,0,,,230.44,3.8278,2,2,52.04
OCc1ccccc1O,TOX25843,0,0,,0,0,0,0,0,0,0,0,0,124.139,0.8845,2,2,40.46
CC=CC=CCOC(=O)C(C)C,TOX27414,0,0,0,,0,0,0,1,0,,0,,168.236,2.3179,0,2,26.3
C[n+]1c2cc(N)ccc2cc2ccc(N)cc21.Nc1ccc2cc3ccc(N)cc3nc2c1,TOX25848,0,,1,1,,,,,,0,1,1,433.539,4.5343,4,5,120.85
Oc1c(Br)cc(Br)c2cccnc12,TOX25849,0,0,1,0,,0,0,1,0,1,0,1,302.953,3.4654,1,2,33.12
CNCCCN1c2ccccc2CCc2ccccc21,TOX26942,0,0,0,0,0,0,,0,0,0,,0,266.388,3.5328,1,2,15.27
CCC(C)OC(=O)N1CCCCC1CCO,TOX14227,0,0,,0,0,0,0,0,0,0,0,0,229.32,2.1584,1,3,49.77
Cc1ccc(NC(=O)c2ccc(CN3CCN(C)CC3)cc2)cc1Nc1nccc(-c2cccnc2)n1,TOX20502,0,0,1,,0,0,0,,,0,1,0,493.615,4.59032,2,7,86.28
CCCCCC1CCC(=O)O1,TOX14229,0,0,0,0,0,0,0,0,0,0,0,0,156.225,2.2723,0,2,26.3
CC/C=C\CCOC(C)OCC,TOX27418,0,0,0,0,0,,0,0,0,0,0,0,172.268,2.7418,0,2,18.46
CCCOc1ccc(C(=O)OCCN(CC)CC)cc1N,TOX28948,0,0,1,0,0,0,0,0,0,0,0,0,294.395,2.5562,1,5,64.79
COC(=O)C(Cl)C(=O)OC,TOX28944,0,0,0,0,0,0,0,1,0,0,0,0,166.56,-0.0602,0,4,52.6
NCCC[C@H](N)C(=O)O,TOX28946,0,0,0,,0,0,0,,0,,0,0,132.163,-0.8628,3,3,89.34
COC(=O)C1=C(C)NC(C)=C(C(=O)OCC(C)C)C1c1ccccc1[N+](=O)[O-],TOX3371,0,,1,,,0,,,,1,,,388.42,3.2018,1,7,107.77
CN1CCN(CCCN2c3ccccc3Sc3ccc(Cl)cc32)CC1,TOX28941,0,0,1,,,0,,,,0,,,373.953,4.5802,0,4,9.72
CCN(CC)CCNC(=O)c1ccc(NS(C)(=O)=O)cc1,TOX28942,0,0,,0,,0,0,,0,,0,0,313.423,1.1297,2,4,78.51
CC(N)Cc1ccc2c(c1)OCO2,TOX28943,0,0,0,0,0,0,0,,0,,0,0,179.219,1.305,1,3,44.48
CC(C)(C)c1ccc(O)c(O)c1,TOX4687,0,0,1,1,1,,0,1,0,1,1,0,166.22,2.3953,2,2,40.46
CC(C)(C)N,TOX4681,0,0,0,0,0,0,0,0,0,0,0,0,73.139,0.7436,1,1,26.02
CCCCOC(=O)c1ccccc1N,TOX4683,0,0,0,0,0,0,0,,0,0,,0,193.246,2.2257,1,3,52.32
O=C1CCCCCCCCCCCN1,TOX7344,0,0,0,0,0,0,0,0,0,0,0,0,197.322,3.0172,1,1,29.1
c1ccc(B(c2ccccc2)c2ccccc2)cc1,TOX7345,0,0,1,0,1,1,0,,,0,1,0,242.13,2.2028,0,0,0
Cc1cccc(C(=O)O)c1O,TOX18686,0,0,0,0,0,0,0,0,0,0,0,0,152.149,1.39882,2,2,57.53
NCCOCCO,TOX7341,0,0,0,0,0,0,0,0,0,0,0,0,105.137,-1.046,2,3,55.48
[S-]c1ccccc1,TOX7342,0,0,0,0,0,0,0,0,0,0,0,0,109.173,1.5924,0,1,0
CC(C)(C)c1ccc(C=O)cc1,TOX7343,0,0,0,0,0,0,0,0,0,0,0,0,162.232,2.7966,0,1,17.07
CC[N+]1(CC)CCC(=C(c2ccccc2)c2ccccc2)C1C,TOX3508,0,0,0,0,0,0,0,0,0,0,0,0,306.473,5.1373,0,0,0
CC(=O)OCC(=O)[C@@]1(O)CC[C@H]2[C@@H]3CCC4=CC(=O)C=C[C@]4(C)[C@H]3[C@@H](O)C[C@@]21C,TOX3502,1,1,0,,1,,0,0,0,0,0,0,402.487,2.1284,2,6,100.9
CC(C)(C)CC(=O)OCC(=O)[C@@]1(O)CC[C@H]2[C@@H]3CCC4=CC(=O)C=C[C@]4(C)[C@H]3[C@@H](O)C[C@@]21C,TOX3505,,,,,,,,0,,0,,,458.595,3.5447,2,6,100.9
O=C1c2c(O)cccc2Cc2cccc(O)c21,TOX4538,0,0,0,0,0,0,0,0,0,0,0,0,226.231,2.233,2,3,57.53
COc1ccc(N)cc1,TOX4532,0,0,1,0,1,0,0,0,0,0,0,0,123.155,1.2774,1,2,35.25
CC(C)c1cccc(C(C)C)c1N,TOX2279,0,0,0,0,0,0,0,0,0,0,0,0,177.291,3.5156,1,1,26.02
O=C(O)c1cc(C(=O)O)c(C(=O)O)cc1C(=O)O,TOX24466,0,0,0,0,0,0,0,,0,0,,0,254.15,0.4794,4,4,149.2
Nc1ccc(S(=O)(=O)O)c(N)c1,TOX24465,0,0,,0,0,0,0,0,0,0,,0,188.208,0.0977,3,4,106.41
O=C(O)C1CCCN1,TOX21104,0,0,0,0,0,0,0,,0,,0,0,115.132,-0.177,2,2,49.33
C=CCCCCCCCCC=O,TOX17757,0,0,0,0,0,0,0,0,0,0,0,0,168.28,3.4921,0,1,17.07
CCO[Si](OCC)(OCC)c1ccccc1,TOX24462,0,0,0,0,0,0,0,0,0,0,0,0,240.375,1.942,0,3,27.69
C=CCOc1nc(OCC=C)nc(OCC=C)n1,TOX17754,0,0,1,0,0,0,0,0,0,0,0,0,249.27,1.566,0,6,66.36
NCCOS(=O)(=O)O,TOX24469,0,0,0,0,0,0,0,0,0,0,0,0,141.148,-1.2355,2,4,89.62
COc1cc2nc(N3CCN(C(=O)C4COc5ccccc5O4)CC3)nc(N)c2cc1OC,TOX25598,0,0,0,0,0,0,0,,0,0,0,0,451.483,1.7178,1,9,112.27
Cc1ccc(C(=O)c2ccc(CC(=O)[O-])n2C)cc1,TOX25594,0,,0,0,0,0,0,0,0,0,0,0,256.281,0.85692,0,4,62.13
CO[C@@]1(NC(=O)C(C(=O)[O-])c2ccc(O)cc2)C(=O)N2C(C(=O)[O-])=C(CSc3nnnn3C)CO[C@@H]21,TOX25595,0,0,0,0,0,0,0,0,0,0,,0,518.464,-3.7971,2,14,211.96
C=C1c2c(Cl)ccc(O)c2C(=O)C2=C(O)[C@]3(O)C(=O)C(C(N)=O)=C(O)[C@@H](N(C)C)[C@@H]3[C@@H](O)[C@H]12.O=C(O)c1cc(S(=O)(=O)O)ccc1O,TOX25596,0,,0,0,0,0,0,,0,,0,0,695.055,0.5526,9,13,293.52
NC(CO)(CO)CO.O=C(c1ccccc1)c1ccc2n1CC[C@H]2C(=O)O,TOX25597,0,0,0,0,0,0,0,0,0,0,0,0,376.409,-0.0482,5,7,146.01
CO[C@@]1(NC(=O)CSCC#N)C(=O)N2C(C(=O)[O-])=C(CSc3nnnn3C)CS[C@@H]21,TOX25590,0,0,0,0,0,0,0,,0,0,0,0,470.538,-2.06302,1,13,166.16
CCOC(=O)c1ccc(OC(=O)CCCCCNC(=N)N)cc1,TOX25591,0,0,0,0,1,0,0,0,0,0,0,0,321.377,1.81217,3,5,114.5
CC(C)OC(=O)COc1ccc(Cl)cc1Cl,TOX445,0,0,0,0,0,0,0,0,0,0,0,0,263.12,3.3238,0,3,35.53
CCCCC(CC)COC(=O)COc1ccc(Cl)cc1Cl,TOX444,0,0,0,0,0,0,0,0,0,0,0,0,333.255,5.1318,0,3,35.53
O=S(=O)(Oc1ccc(Cl)cc1Cl)c1ccccc1,TOX447,0,0,1,0,1,,0,0,0,0,1,0,303.166,3.7611,0,3,43.37
CN(C)C(=O)Nc1ccc(Cl)c(Cl)c1,TOX446,0,0,1,0,0,0,0,0,0,0,1,0,233.098,3.0869,1,1,32.34
CC(Oc1cc(Cl)ccc1Cl)C(=O)O,TOX441,0,0,0,0,0,0,0,,0,0,,0,235.066,2.8453,1,2,46.53
CC(Oc1ccc(Cl)cc1Cl)C(=O)O,TOX440,0,0,0,,0,0,0,0,0,0,0,0,235.066,2.8453,1,2,46.53
CCCCOC(=O)COc1ccc(Cl)cc1Cl,TOX443,0,0,0,0,0,0,0,0,0,0,0,0,277.147,3.7155,0,3,35.53
O=C(O)COc1ccc(Cl)cc1Cl,TOX442,0,0,0,0,0,0,0,0,0,0,0,0,221.039,2.4568,1,2,46.53
Cn1cnc([N+](=O)[O-])c1Sc1ncnc2nc[nH]c12,TOX119,0,0,1,,0,0,0,1,0,0,,1,277.269,1.1458,1,8,115.42
[N-]=[N+]=CC(=O)OC[C@H](N)C(=O)O,TOX118,1,0,0,0,0,0,0,0,0,0,0,0,173.128,-1.7579,2,4,126.02
COP(=O)(OC)OC=C(Cl)Cl,TOX449,0,0,0,0,0,0,0,1,0,0,0,0,220.976,2.6804,0,4,44.76
CC(Cl)CCl,TOX448,0,0,0,0,0,0,0,0,0,0,0,0,112.987,1.8525,0,0,0
ClCCN1CCCC1,TOX23850,,,,,,,,,,0,,,133.622,1.321,0,1,3.24
CC(C)N(C)C,TOX13447,0,0,0,0,0,0,0,0,0,0,,0,87.166,0.9564,0,1,3.24
CN(C)CCCNCCCN,TOX13445,0,0,0,0,,,0,1,0,0,0,0,159.277,-0.1235,2,3,41.29
CCn1cc[n+](C)c1,TOX29300,0,0,0,0,0,0,0,0,0,0,0,0,111.168,0.3325,0,1,8.81
CC(=O)OCC(=O)[C@@]12OC3(CCCC3)O[C@@H]1C[C@H]1[C@@H]3CCC4=CC(=O)C=C[C@]4(C)[C@@]3(F)[C@@H](O)C[C@@]12C,TOX25905,1,0,,,,0,0,,,,,0,502.579,3.5238,1,7,99.13
Clc1ccc(CCC(Cn2ccnc2)Sc2c(Cl)cccc2Cl)cc1,TOX25452,0,,,1,0,0,0,,0,1,,,411.785,6.637,0,3,17.82
COc1ccc(Cc2nccc3cc(OC)c(OC)cc23)cc1OC,TOX5825,0,0,,0,,0,0,1,0,0,,0,339.391,3.86,0,5,49.81
Cl[Pd]Cl,TOX5824,0,0,0,0,0,0,0,,0,0,0,0,177.326,1.3765,0,0,0
Cc1occc1C(=O)Nc1ccc(C(=O)N2CCC(F)(F)/C(=C\C(=O)N3CCC(N4CCCCC4)CC3)c3ccccc32)cc1.Cc1occc1C(=O)Nc1ccc(C(=O)N2CCC(F)(F)/C(=C\C(=O)N3CCC(N4CCCCC4)CC3)c3ccccc32)cc1,TOX28150,0,0,0,0,,0,0,,0,0,0,0,1233.418,12.77284,2,10,172.2
CC(C)CC(C)(c1ccc(O)cc1)c1ccc(O)cc1,TOX9282,0,,0,,1,,0,1,0,1,1,,270.372,4.4499,2,2,40.46
CCCCCCCCCCCCCC[n+]1ccccc1,TOX22459,0,,0,1,,0,,,,,1,,276.488,5.6752,0,0,3.88
COc1c(O[C@@H]2O[C@H](CO)[C@@H](O)[C@H](O)[C@H]2O)cc2c(c1OC)-c1ccc(SC)c(=O)cc1[C@@H](NC(C)=O)CC2,TOX25330,0,0,0,0,0,0,0,,0,,,0,563.625,0.755,5,11,164.01
Clc1sc(Cl)c(Cl)c1Cl,TOX22451,0,0,0,0,0,0,0,0,0,0,0,0,221.923,4.3617,0,1,0
OCCN1CCN(CC/C=C2/c3ccccc3Sc3ccc(Cl)cc32)CC1,TOX25332,0,0,0,0,0,0,0,,0,,,0,400.975,4.2363,1,4,26.71
ClC=CCl,TOX4991,0,0,0,0,0,0,0,0,0,0,0,0,96.944,1.9352,0,0,0
O=c1[nH]c(=O)n(Cl)c(=O)n1Cl,TOX4993,0,0,0,0,0,0,0,,0,,0,0,197.965,-1.2979,1,5,76.86
O=c1[n-]c(=O)n(Cl)c(=O)n1Cl,TOX4994,0,0,0,0,1,0,0,0,0,0,0,0,196.957,-1.6688,0,5,75.17
O=[N+]([O-])c1cccc(Cl)c1Cl,TOX4997,0,0,0,0,0,0,0,0,0,0,0,0,192.001,2.9016,0,2,43.14
O=[N+]([O-])c1ccc(Cl)cc1Cl,TOX4998,0,0,0,0,0,0,0,,0,0,0,0,192.001,2.9016,0,2,43.14
O=[N+]([O-])c1ccc(Cl)c(Cl)c1,TOX4999,0,0,1,0,0,0,0,0,0,0,0,0,192.001,2.9016,0,2,43.14
C[C@@H]1CC2=CC(=O)CC[C@@H]2[C@H]2CC[C@@]3(C)[C@@H](CC[C@]3(C)O)[C@@H]21,TOX16489,,,,,,,,,,0,,,302.458,4.1252,1,2,37.3
CCCCCCCC/C=C/CCCOC(C)=O,TOX15592,0,0,0,0,0,0,0,0,0,1,0,0,240.387,4.6365,0,2,26.3
NCCNC(=O)c1ccc(Cl)cn1,TOX26739,0,0,0,0,0,0,0,0,0,0,0,0,199.641,0.4235,2,3,68.01
O=C(O)Cn1c(C(=O)Nc2nc(-c3ccccc3Cl)cs2)cc2ccccc21,TOX26738,0,,,0,0,0,1,1,0,,,0,411.87,4.7551,2,5,84.22
CO/N=C(\C(=O)N[C@@H]1C(=O)N2C(C(=O)[O-])=C(CSc3nc(C)c(CC(=O)[O-])s3)CS[C@H]12)c1csc(N)n1,TOX26730,0,0,0,,0,0,0,,0,,0,0,582.667,-1.67068,2,15,203.06
CCN(CC)CCOC(=O)c1cccnc1.O=C(O)CC(O)(CC(=O)O)C(=O)O,TOX26733,0,0,0,0,0,0,0,,0,,0,0,414.411,0.3317,4,8,174.56
O=S(=O)([O-])CCCS(=O)(=O)[O-],TOX26732,0,0,0,0,0,0,0,,0,,0,0,202.209,-1.5331,0,6,114.4
Nc1c2c(nc3c1CCC3)CCCC2,TOX26734,0,0,0,0,0,0,0,0,0,0,0,0,188.274,2.0313,1,2,38.91
CC(C)C[C@H](NC(=O)[C@@H](COC(C)(C)C)NC(=O)[C@H](Cc1ccc(O)cc1)NC(=O)[C@H](CO)NC(=O)[C@H](Cc1c[nH]c2ccccc12)NC(=O)[C@H](Cc1c[nH]cn1)NC(=O)[C@@H]1CCC(=O)N1)C(=O)N[C@@H](CCCNC(=N)N)C(=O)N1CCC[C@H]1C(=O)NNC(N)=O,TOX26736,0,0,0,0,0,0,0,,0,,0,0,1269.433,-2.89603,18,16,493.39
O=C(Nc1ccc(Oc2ccc(Cl)cc2)c(Cl)c1)c1cc(I)cc(I)c1O,TOX26227,0,,0,0,,0,0,,0,1,1,1,626.015,6.9528,2,3,58.56
O=C(N/N=C/c1ccc([N+](=O)[O-])o1)c1cc([N+](=O)[O-])cc([N+](=O)[O-])c1O,TOX26226,0,0,,,0,0,0,1,0,0,,0,365.214,1.4737,2,10,204.25
O=S(c1cc(Cl)cc(Cl)c1O)c1cc(Cl)cc(Cl)c1O,TOX26225,0,0,0,0,0,0,,,0,1,,1,372.056,4.8781,2,3,57.53
OC[C@H]1O[C@H](O[C@@]2(CO)O[C@@H](O)[C@H](O)[C@@H]2O)[C@H](O)[C@@H](O)[C@@H]1O,TOX26224,0,0,,0,0,0,0,,0,,0,0,328.27,-5.4381,8,11,189.53
CCOc1ccc(N=Nc2ccc(N)cc2N)cc1,TOX26223,1,0,1,,1,,0,,1,,1,0,256.309,3.6651,2,5,85.99
c1ccc(OCc2ccc(CCCN3CCOCC3)cc2)cc1,TOX26222,0,0,0,0,0,0,0,1,0,0,0,0,311.425,3.5304,0,3,21.7
Cc1c(Cl)c(=O)oc2cc(OP(=O)(OCCCl)OCCCl)ccc12,TOX26221,0,0,,0,0,0,0,0,0,0,0,,415.593,4.75252,0,6,74.97
CC(NNC(=O)c1ccccc1)c1ccccc1,TOX26220,0,0,,,1,0,0,,1,,1,0,240.306,2.6822,2,2,41.13
CC(=O)Nc1ccc(OCCOCCOc2ccc(NC(C)=O)cc2)cc1,TOX26229,0,0,0,0,0,0,0,0,0,0,0,0,372.421,3.0778,2,5,85.89
O=C1c2ccccc2C(=O)C1c1ccc(Cl)cc1,TOX26228,0,,,0,0,0,0,,0,,,0,256.688,3.5028,0,2,34.14
CCN(CC)C(=O)SCc1ccc(Cl)cc1,TOX4337,0,0,0,0,0,0,0,0,0,0,,0,257.786,4.035,0,2,20.31
[TlH2+],TOX4331,0,0,0,1,0,0,,0,0,0,0,,206.399,-0.9162,0,0,0
Oc1ccc(Cc2ccc(O)cc2)cc1,TOX2445,0,,0,,1,1,0,1,0,0,1,0,200.237,2.6886,2,2,40.46
COC(=O)NC(=S)Nc1ccccc1NC(=S)NC(=O)OC,TOX4338,0,0,,0,0,0,0,0,0,0,0,0,342.402,1.7922,4,6,100.72
[Fe+2].c1cc[cH-]c1.c1cc[cH-]c1,TOX5326,0,0,0,0,0,0,0,0,0,0,0,0,186.035,2.8085,0,0,0
CC(C)(C)c1cc(CCC(=O)NN)cc(C(C)(C)C)c1O,TOX7978,0,0,,0,0,0,0,0,0,0,,0,292.423,2.9097,3,3,75.35
C=C(C)C(=O)OCCCCCCCCCCCCCCCCCC,TOX7975,0,0,0,0,,0,0,0,0,0,0,0,338.576,7.3672,0,2,26.3
CC(=O)OC1CCC(C(C)(C)C)CC1,TOX7974,0,0,0,0,0,0,0,0,0,0,,0,198.306,3.1544,0,2,26.3
CC(C)(O)CCCC1=CCC(C=O)CC1,TOX7970,0,0,0,0,1,0,0,,0,0,,0,210.317,2.853,1,2,37.3
Cc1cc(-c2ccc(N)c(C)c2)ccc1N,TOX511,0,0,1,0,0,1,0,1,1,0,0,0,212.296,3.13484,2,2,52.04
CC(C)OP(C)(=O)OC(C)C,TOX4051,0,0,0,0,0,0,0,0,0,0,0,0,180.184,2.6593,0,3,35.53
O=C1OC2(c3ccc([O-])cc3Oc3cc([O-])ccc32)c2ccccc21,TOX5328,0,,0,0,0,0,,,0,,,,330.295,2.4018,0,5,81.65
CC1=C(C)S(=O)(=O)CCS1(=O)=O,TOX4052,0,0,0,1,0,0,1,1,0,0,0,0,210.276,0.081,0,4,68.28
COS(=O)(=O)OC,TOX4055,0,0,0,0,0,0,0,0,0,0,0,0,126.133,-0.476,0,4,52.6
CNC,TOX7163,0,0,0,0,0,0,0,0,0,0,0,0,45.085,-0.1644,1,1,12.03
CCCCCCCCCCCCCCCCCC(=O)OCC(CC)CCCC,TOX27178,0,0,0,0,0,0,0,0,0,0,0,0,396.7,9.0075,0,2,26.3
CCCCCCCCCCCCCCCCCC(=O)OCCCCCCCCCCCCCC(C)C,TOX27179,0,0,0,0,1,0,0,0,0,0,0,0,508.916,12.1283,0,2,26.3
CC(C)(CO)[C@@H](O)C(=O)NCCC(=O)[O-],TOX27173,0,0,0,0,0,0,0,0,0,0,0,0,218.229,-2.378,3,5,109.69
CCCCOCCOC(=O)c1ccccc1C(=O)OCCOCCCC,TOX27174,0,0,1,,0,0,0,0,0,1,0,0,366.454,3.6336,0,6,71.06
C1=CCC(c2ccccc2)CC1,TOX27176,0,0,0,0,0,0,0,0,0,0,0,0,158.244,3.5103,0,0,0
Cc1ccc(-c2ccccc2)cc1,TOX27177,0,0,0,0,0,0,0,0,0,0,0,0,168.239,3.66202,0,0,0
COc1ccc(OC(=O)N(CC(=O)O)Cc2ccc(OCCc3nc(-c4ccccc4)oc3C)cc2)cc1,TOX31508,,,,,,,,,,0,,,516.55,5.36572,1,7,111.33
CCC12COCN1COC2,TOX9289,0,0,0,0,0,0,0,0,0,0,0,0,143.186,0.4126,0,3,21.7
COC(=O)c1cc(S(N)(=O)=O)ccc1OC,TOX31507,,,,,,,,0,,0,,,245.256,0.1292,1,5,95.69
CC1COC2(c3ccccc3Cl)c3cc(Cl)ccc3NC(=O)CN12,TOX31504,,,,,,,,,,0,,,363.244,3.8673,1,3,41.57
CCCCC(CC)CNC(=O)CC(C)OC(=O)CCC(=O)O,TOX31505,,,,,,,,0,,0,,,315.41,2.5056,2,4,92.7
COC(=O)Nc1nc2cc(C(=O)C3CC3)ccc2[nH]1,TOX31502,,,,,,,,0,,0,,,259.265,2.3339,2,4,84.08
O=C1Nc2cc(Cl)ccc2Oc2ccccc21,TOX31503,,,,,,,,1,,0,,,245.665,3.698,1,2,38.33
Nc1c(I)cc(I)c(C(=O)N(CCC(=O)O)c2ccccc2)c1I,TOX31500,,,,,,,,0,,0,,,662.003,4.2041,2,3,83.63
CNC(=O)c1cnn(-c2nc(N)c3ncn([C@@H]4O[C@H](CO)[C@@H](O)[C@H]4O)c3n2)c1,TOX31501,,,,,,,,0,,0,,,390.36,-2.4347,5,12,186.46
O=c1c(O)c(-c2ccc(O)cc2O)oc2cc(O)cc(O)c12,TOX20776,0,0,,0,,0,0,0,0,0,,0,302.238,1.988,5,7,131.36
CCC(=C(CC)c1ccc(O)cc1)c1ccc(O)cc1,TOX20770,0,0,0,0,1,1,0,,0,,1,1,268.356,4.8286,2,2,40.46
CC(C)c1nc(CN(C)C(=O)N[C@H](C(=O)N[C@@H](Cc2ccccc2)C[C@H](O)[C@H](Cc2ccccc2)NC(=O)OCc2cncs2)C(C)C)cs1,TOX28553,0,0,0,0,,0,,,,0,0,0,720.962,5.9052,4,9,145.78
CCCCOC(=O)C(=O)Nc1cccc(-c2nnn[nH]2)c1,TOX28552,0,0,0,0,0,0,0,,0,,0,0,289.295,1.1485,2,6,109.86
Cc1ccc(-n2nc(C(C)(C)C)cc2NC(=O)Nc2ccc(OCCN3CCOCC3)c3ccccc23)cc1,TOX28883,0,0,1,0,,0,,0,0,0,1,,527.669,5.98642,2,6,80.65
O=C([O-])c1ccccc1O.O=C([O-])c1ccccc1O.[Zn+2],TOX28550,0,0,0,0,0,0,0,,0,,0,0,339.618,-0.4911,2,6,120.72
CC(=O)NC(CCC(N)=O)C(=O)O,TOX28885,0,0,0,0,0,0,0,0,0,0,0,0,188.183,-1.1588,3,3,109.49
CCC(CN)CC(C)CCNCC(O)CNCC(C)CC(CC)CN,TOX28556,0,0,0,0,0,0,0,,0,,0,0,358.615,1.9388,5,5,96.33
c1ccc(-c2nnn[nH]2)cc1,TOX24858,0,0,0,0,0,0,0,0,0,0,0,0,146.153,0.8667,1,3,54.46
O=C(Nc1ccc(Cl)c(Cl)c1)C1CC1,TOX21827,0,0,1,0,,0,0,1,0,0,,,230.094,3.3419,1,1,29.1
OC[C@H]1O[C@H](O[C@@H]2[C@@H](CO)O[C@H](O[C@@H]3[C@@H](CO)O[C@H](O)[C@H](O)[C@H]3O)[C@H](O)[C@H]2O)[C@H](O)[C@@H](O)[C@@H]1O,TOX28889,1,1,0,,1,0,0,,0,,0,0,504.438,-7.573,11,16,268.68
O=P([O-])([O-])OC(CO)CO,TOX28888,0,0,0,0,0,0,0,,0,,0,0,170.057,-2.8151,2,6,112.88
COc1ccc(CCNCC(O)COc2cccc(C)c2)cc1OC,TOX28559,0,0,0,0,0,0,0,,0,,0,0,345.439,2.58422,2,5,59.95
CCCCCCCCP(=O)(O)O,TOX24679,0,0,,0,0,0,0,0,0,0,0,0,194.211,2.5246,2,1,57.53
c1cc(CCCc2ccncc2)ccn1,TOX24852,0,0,,1,0,0,0,0,0,0,0,0,198.269,2.6519,0,2,25.78
C=CC(=O)OCC(O)COc1ccccc1,TOX24851,0,,0,,0,0,1,,0,,,,222.24,1.1555,1,4,55.76
C[C@]12CC[C@@H]3[C@H]4CCC(=O)C=C4CC[C@H]3[C@@H]1CC[C@@H]2OC(=O)CCC1CCCCC1,TOX31641,,,,,,,,1,,0,,,412.614,6.4005,0,3,43.37
CC(C(O)c1ccccc1)N(C)C/C=C/c1ccccc1,TOX31640,,,,,,,,,,0,,,281.399,3.7537,1,2,23.47
Clc1ccc2c(c1)Nc1ccccc1S2,TOX31643,,,,,,,,,,0,,,233.723,4.5482,1,2,12.03
Cc1c(F)cc2c(=O)c(C(=O)O)cn3c2c1CCC3C,TOX31642,,,,,,,,0,,0,,,275.279,2.65442,1,3,59.3
COCCOCC(OC)OC,TOX31645,,,,,,,,0,,0,,,164.201,0.2683,0,4,36.92
c1ccc(N2CCNCC2)cc1,TOX31644,,,,,,,,0,,0,,,162.236,1.0962,1,2,15.27
CC(=O)O[C@H]1CC[C@@]2(C)C(=CC[C@H]3[C@@H]4CC=C(C(C)=O)[C@@]4(C)CC[C@@H]32)C1,TOX31646,,,,,,,,1,,0,,,356.506,5.0062,0,3,43.37
CN(C)C(=O)CNC(=O)Cc1ccccc1,TOX28777,0,0,0,0,0,0,0,0,0,0,0,0,220.272,0.4335,1,2,49.41
CCOC(=O)c1ccc(NC(=O)CN2CCCCC2)cc1,TOX28776,0,0,0,,,0,0,0,0,0,0,0,290.363,2.2877,1,4,58.64
CC(C(O)c1ccccc1)N(C)CCOC(c1ccccc1)c1ccccc1,TOX28775,0,0,0,,,0,,0,0,0,,0,375.512,4.8465,1,3,32.7
CC(=O)O[C@@H]1C(=O)O[C@H]2[C@@H](OC(C)=O)C(=O)O[C@@H]12,TOX28774,0,0,0,0,,0,0,1,0,0,0,0,258.182,-1.2994,0,8,105.2
N[C@H]1CN(c2c(F)cc3c(=O)c(C(=O)O)cn(C4C[C@H]4F)c3c2Cl)CC12CC2,TOX28773,0,0,0,,0,0,0,0,0,0,0,0,409.82,2.7026,2,5,88.56
O=C1NC2CCCCN2C12CCN(CCCN1c3ccccc3CCc3ccc(Cl)cc31)CC2,TOX28772,0,0,1,,,0,,,0,0,0,0,479.068,4.7432,1,4,38.82
CO[C@]1(NC(=O)CSC(F)F)C(=O)N2C(C(=O)O)=C(CSc3nnnn3CCO)CO[C@H]21,TOX28771,0,0,0,0,0,0,0,,0,0,0,0,496.474,-1.2906,3,12,169
CN(CC1(C)CCCO1)S(=O)(=O)c1ccc(Cl)c(S(N)(=O)=O)c1,TOX28770,0,0,0,0,0,0,0,0,0,0,0,0,382.891,1.177,1,5,106.77
C=CCOc1cc(Cl)ccc1C(=O)NCCN(CC)CC,TOX28779,0,0,0,0,1,0,0,0,0,0,,0,310.825,2.9764,1,3,41.57
Cc1ccc2c(n1)Oc1ccc(C(C)C(=O)OCC(=O)N(C)C)cc1C2,TOX28778,1,0,,,0,0,0,0,1,0,0,0,354.406,2.82142,0,5,68.73
O=[N+]([O-])c1ccc(Cl)c(Cl)c1Cl,TOX6202,0,0,0,,0,,0,1,0,0,0,0,226.446,3.555,0,2,43.14
O=[N+]([O-])c1cc(Cl)c(Cl)cc1Cl,TOX6203,0,0,0,0,0,0,0,1,0,0,0,0,226.446,3.555,0,2,43.14
C=CC1CC2C=CC1C2,TOX9250,0,0,0,0,0,0,0,0,0,0,,0,120.195,2.3846,0,0,0
Oc1ccc(Cl)c(Cl)c1Cl,TOX6207,0,0,,0,0,,0,,0,0,1,,197.448,3.3524,1,1,20.23
O=[N+]([O-])c1c(Cl)cc(Cl)cc1Cl,TOX6204,0,0,,,0,0,0,0,0,0,0,0,226.446,3.555,0,2,43.14
O=[N+]([O-])c1cc(Cl)c(Cl)c(Cl)c1,TOX6205,0,0,0,,0,0,0,,0,0,0,,226.446,3.555,0,2,43.14
Oc1cc(Cl)cc(Cl)c1Cl,TOX6208,0,0,1,0,,0,,1,0,0,1,,197.448,3.3524,1,1,20.23
Oc1c(Cl)ccc(Cl)c1Cl,TOX6209,0,0,0,0,0,0,0,1,0,0,1,0,197.448,3.3524,1,1,20.23
C=C(Cl)CCl,TOX5012,0,0,0,0,0,0,0,0,0,0,0,0,110.971,1.9777,0,0,0
Clc1nc2ccccc2nc1Cl,TOX5013,0,,0,,0,0,1,0,0,0,,0,199.04,2.9366,0,2,25.78
OC(CCl)CCl,TOX5010,0,0,0,0,0,0,0,0,0,0,0,0,128.986,0.8249,1,1,20.23
O=C(O)c1cccc(C(=O)O)n1,TOX2043,0,0,0,0,0,0,0,,0,0,0,0,167.12,0.478,2,3,87.49
CC(C)(OOC(C)(C)c1ccccc1)c1ccccc1,TOX5017,0,0,0,,1,1,0,0,0,0,1,0,270.372,4.8052,0,2,18.46
ClC(Cl)c1ccccc1,TOX5014,0,0,0,0,0,0,0,0,0,0,0,0,161.031,3.1628,0,0,0
CC(C)C1=CC2=CC[C@H]3[C@](C)(C(=O)O)CCC[C@]3(C)[C@H]2CC1,TOX2047,0,0,0,0,0,0,0,,0,,0,0,302.458,5.2062,1,1,37.3
O=c1cc(-c2ccccc2)oc2ccccc12,TOX2048,0,0,1,,1,,0,1,1,0,,0,222.243,3.46,0,2,30.21
Cc1cc(C)c(O)c(C)c1,TOX2049,0,0,0,0,0,0,0,0,0,0,0,0,136.194,2.31746,1,1,20.23
C1CCC(NC2CCCCC2)CC1,TOX5018,0,0,0,0,0,0,0,0,0,0,0,0,181.323,3.2414,1,1,12.03
Cl[Ba]Cl,TOX24508,0,0,0,0,0,0,0,0,0,0,1,0,208.234,0.9982,0,0,0
O=C(O)c1nc(Cl)c(Cl)c(Cl)c1Cl,TOX24509,0,,0,0,0,0,0,1,0,0,0,0,260.891,3.3934,1,2,50.19
C[N+]1([O-])[C@H]2C[C@H](OC(=O)[C@H](CO)c3ccccc3)C[C@@H]1[C@H]1O[C@@H]21,TOX25101,0,0,0,0,0,0,0,,0,,0,0,319.357,0.9307,1,5,82.12
O=C(O)CP(=O)(O)O,TOX25107,0,0,0,0,0,0,0,0,0,0,0,0,140.031,-0.7513,3,2,94.83
CN(C)CCC=C1c2ccccc2C=Cc2ccccc21,TOX25105,0,0,0,0,0,0,0,0,0,0,,,275.395,4.5538,0,1,3.24
CNCCC=C1c2ccccc2CCc2ccccc21,TOX25109,0,0,0,,0,0,,,0,,,0,263.384,3.8264,1,1,12.03
Cc1cc(C(=O)O)c(C)n1-c1cccc(C(=O)O)c1.O=C1C[C@@H]2OCC=C3CN4CC[C@]56c7ccccc7N1[C@H]5[C@H]2[C@H]3C[C@H]46,TOX25108,0,0,0,0,,0,0,,0,,0,0,593.68,4.58304,2,6,112.31
O=C([O-])CC(O)(CC(=O)O)C(=O)[O-],TOX79,0,0,0,0,0,0,0,0,0,0,0,0,190.107,-3.9179,2,6,137.79
Nc1ccc(-c2ccccc2)cc1,TOX72,0,0,1,,1,0,0,1,0,0,0,0,169.227,2.9358,1,1,26.02
NCCCCCC(=O)O,TOX70,,,,,,,,0,,0,,,131.175,0.5901,2,2,63.32
NCC1(CC(=O)O)CCCCC1,TOX74,0,0,0,0,0,0,0,0,0,0,0,0,171.24,1.3703,2,2,63.32
Nc1nc[nH]n1,TOX76,0,0,0,0,1,0,0,0,0,0,0,0,84.082,-0.6131,2,3,67.59
CC1CCCCC1NC(=O)Nc1ccccc1,TOX12474,0,0,,,,0,0,0,0,0,1,0,232.327,3.3868,2,1,41.13
CCNP(=S)(OC)O/C(C)=C/C(=O)OC(C)C,TOX12470,0,0,1,0,0,0,0,0,0,0,,0,281.314,2.3388,1,5,56.79
O=C(c1ccc(F)cc1)C1CCN(CCn2c(=S)[nH]c3ccccc3c2=O)CC1,TOX22592,0,,0,0,0,0,0,,0,1,0,0,411.502,3.79309,1,5,58.1
Cc1nc2sccn2c(=O)c1CCN1CCC(=C(c2ccc(F)cc2)c2ccc(F)cc2)CC1,TOX22594,0,,0,0,,0,0,1,0,0,0,0,477.58,5.48302,0,5,37.61
Cc1cc(O)ccc1O,TOX876,0,0,1,,0,0,,1,,0,0,,124.139,1.40622,2,2,40.46
Cc1cccc2ccccc12,TOX877,0,0,0,0,0,0,0,0,0,0,0,0,142.201,3.14822,0,0,0
Cc1cc(Cc2cc(C)cc(C(C)(C)C)c2O)c(O)c(C(C)(C)C)c1,TOX870,0,,0,,,,,,,1,1,,340.507,5.90044,2,2,40.46
O=C1CCCCCO1,TOX7159,0,0,0,0,0,0,0,0,0,0,0,0,114.144,1.1036,0,2,26.3
O=C(Cl)OCc1ccccc1,TOX7158,0,0,0,0,0,0,0,0,0,0,0,0,170.595,2.562,0,2,26.3
Cc1ccc2ccccc2c1,TOX878,0,0,0,0,0,0,0,,0,0,0,0,142.201,3.14822,0,0,0
Clc1ccc(COC(Cn2ccnc2)c2ccc(Cl)cc2Cl)c(Cl)c1,TOX3319,0,0,1,1,0,0,0,,0,,0,,416.135,6.4548,0,3,27.05
CN1CCN2c3ccccc3Cc3ccccc3C2C1,TOX3317,0,,0,0,,0,0,0,0,0,,0,264.372,3.0839,0,2,6.48
CC1(C)S[C@@H]2[C@H](NC(=O)[C@H](NC(=O)N3CCN(S(C)(=O)=O)C3=O)c3ccccc3)C(=O)N2[C@H]1C(=O)O,TOX3316,1,0,0,,1,0,0,,0,,0,0,539.592,-0.2338,3,8,173.5
C[C@](N)(Cc1ccc(O)cc1)C(=O)O,TOX3315,,,,,,,,0,,0,,,195.218,0.7367,3,3,83.55
CC(C)(C(=O)c1cccnc1)c1cccnc1,TOX3314,0,0,0,0,0,0,0,0,0,0,0,0,226.279,2.6371,0,3,42.85
CN1C(CCl)Nc2cc(Cl)c(S(N)(=O)=O)cc2S1(=O)=O,TOX3313,0,0,0,0,0,0,0,1,0,0,,0,360.244,0.5983,2,5,109.57
CC(=O)Nc1c(I)c(C(=O)N[C@H]2C(O)O[C@H](CO)[C@@H](O)[C@@H]2O)c(I)c(N(C)C(C)=O)c1I,TOX3310,0,0,0,0,0,0,0,,0,,0,0,789.099,-0.0288,6,8,168.66
c1ccc2[nH]cnc2c1,TOX4573,0,0,0,0,0,0,0,0,0,0,0,0,118.139,1.5629,1,1,28.68
Cc1ccccc1O,TOX1808,0,0,0,0,0,0,0,0,0,0,0,0,108.14,1.70062,1,1,20.23
CCN(CCO)c1cccc(C)c1,TOX1801,0,0,0,0,0,0,0,0,0,0,0,0,179.263,1.81362,1,2,23.47
CCN(CC)c1ccccc1,TOX1800,0,0,0,0,0,0,0,0,0,0,0,0,149.237,2.5328,0,1,3.24
CC(=O)CC(=O)c1ccccc1,TOX1803,0,0,0,0,1,0,,0,0,0,0,0,162.188,1.8484,0,2,34.14
C1CCC(C2CCCCC2)CC1,TOX1802,0,0,0,0,0,0,0,0,0,0,,0,166.308,4.147,0,0,0
O=C(/C=C/C=C/c1ccc2c(c1)OCO2)N1CCCCC1,TOX1805,0,0,1,,1,0,0,1,1,0,,0,285.343,2.9972,0,3,38.77
CC(C)=CCCC(C)=CC=O,TOX4836,0,0,0,0,0,0,0,0,0,0,0,0,152.237,2.878,0,1,17.07
O=CC=Cc1ccccc1,TOX4835,0,0,0,0,0,0,0,0,0,0,0,0,132.162,1.8987,0,1,17.07
O=C/C=C/c1ccccc1,TOX4834,1,1,0,0,0,0,0,0,0,0,0,0,132.162,1.8987,0,1,17.07
BrCCc1ccccc1,TOX13876,0,0,,0,0,0,0,,0,0,,0,185.064,2.624,0,0,0
CC(C)SCc1ccco1,TOX27665,0,0,0,0,0,0,0,0,0,0,0,0,156.25,2.9212,0,2,13.14
ClC(Cl)Cl,TOX306,0,0,0,0,,0,0,0,0,0,0,0,119.378,1.9864,0,0,0
COC(=O)CCSCCC(=O)OC,TOX7561,0,0,0,0,1,0,0,0,0,0,0,0,206.263,0.8458,0,5,52.6
CC(=O)O[Si](C)(OC(C)=O)OC(C)=O,TOX7565,,0,0,0,0,0,0,0,0,0,1,0,220.253,0.2444,0,6,78.9
ClC(Br)Br,TOX300,0,0,0,0,0,0,0,0,0,0,0,0,208.28,2.2986,0,0,0
CC(C)(CCl)C(=O)Cl,TOX7567,0,0,,,,0,0,0,0,,,0,155.024,2.0168,0,1,17.07
ClCc1ccccn1,TOX308,0,0,0,0,0,0,0,0,0,0,0,0,127.574,1.8204,0,1,12.89
ClCc1cccnc1,TOX309,0,0,0,0,0,0,0,0,0,0,0,0,127.574,1.8204,0,1,12.89
C[C@]1(Cn2ccnn2)[C@H](C(=O)[O-])N2C(=O)C[C@H]2S1(=O)=O,TOX26030,0,0,0,0,0,,,,0,0,,,299.288,-2.8579,0,8,125.29
CC(C)(C)C(=O)OCC(=O)[C@H]1CC[C@H]2[C@@H]3CCC4=CC(=O)CC[C@]4(C)[C@H]3CC[C@]12C,TOX26036,1,1,0,0,,0,0,,0,,0,0,414.586,5.2929,0,4,60.44
C[C@H]1O[C@H](O[C@@H]2[C@@H](CO)O[C@H](O[C@@H]3[C@@H](CO)O[C@@H](O)[C@H](O)[C@H]3O)[C@H](O)[C@H]2O)[C@H](O)[C@@H](O)[C@@H]1N[C@H]1C=C(CO)[C@@H](O)[C@H](O)[C@H]1O,TOX26034,0,0,0,0,1,1,0,0,0,0,0,0,645.608,-8.5645,14,19,321.17
C/C=C1\[C@H]2C=C(C)C[C@]1(N)c1ccc(=O)[nH]c1C2,TOX26038,0,0,0,0,0,0,0,0,0,0,0,0,242.322,1.9975,2,2,58.88
COc1cccc(-c2ccc(/C=C\CN3CCCCCC3)cc2Cl)c1,TOX27342,0,0,0,,,0,0,,0,0,,,355.909,5.9048,0,2,12.47
COc1cc(C)ccc1C(C)C,TOX27617,0,0,0,0,0,0,0,0,0,0,0,0,164.248,3.12702,0,1,9.23
CCCC1CCC(=O)O1,TOX27611,0,0,0,,0,0,0,0,0,0,0,0,128.171,1.4921,0,2,26.3
O=CCCc1ccccc1,TOX27610,0,0,0,0,1,0,0,0,0,0,,0,134.178,1.8181,0,1,17.07
CC(C)c1ccc(C(=O)N=C(N)N)cc1S(C)(=O)=O,TOX27344,0,0,0,0,,0,0,0,0,0,0,0,283.353,0.6271,2,3,115.61
O=C(N[C@@H](c1ccccc1)[C@@H]1CCCCN1)c1cccc(C(F)(F)F)c1Cl,TOX27348,0,0,0,,,0,,,0,0,,0,396.84,4.972,2,2,41.13
CC1CCC(=O)O1,TOX27618,0,0,0,0,0,0,0,0,0,0,0,0,100.117,0.7119,0,2,26.3
N#C[C@@H]1C[C@@H]2C[C@@H]2N1C(=O)[C@@H](N)C12CC3CC(CC(O)(C3)C1)C2,TOX28506,0,0,0,0,0,0,0,0,0,0,0,0,315.417,1.15798,2,4,90.35
CC1CC(O)CC(C)(C)C1,TOX21815,0,0,0,0,0,0,0,0,0,0,0,0,142.242,2.1935,1,1,20.23
NC(=O)NC(N)=O,TOX6783,0,0,0,0,0,0,0,0,0,0,0,0,103.081,-1.2666,3,2,98.21
CC(C)CC(C)O,TOX6781,0,0,0,0,0,0,0,0,0,0,0,0,102.177,1.4133,1,1,20.23
CC1COC(=O)O1,TOX6789,0,0,0,0,0,0,0,0,0,0,0,0,102.089,0.5417,0,3,35.53
CC1(C)S[C@@H]2[C@H](NC(=O)C3(N)CCCCC3)C(=O)N2[C@H]1C(=O)O,TOX2861,0,0,0,0,0,0,0,,0,,,0,341.433,0.2797,3,5,112.73
CC(=O)Oc1ccc(C(=C2CCCCC2)c2ccc(OC(C)=O)cc2)cc1,TOX2866,,,,,,,,1,,,,,364.441,5.3032,0,4,52.6
NS(=O)(=O)c1cc2c(cc1Cl)NC(CC1CCCC1)NS2(=O)=O,TOX2868,0,0,0,0,0,0,0,0,0,0,0,0,379.891,1.5976,3,5,118.36
COc1cc2c(cc1OC)C(=O)C(CC1CCN(Cc3ccccc3)CC1)C2,TOX26698,0,0,0,,1,0,0,,0,0,0,0,379.5,4.3611,0,4,38.77
CC(C)NCC(O)c1ccccc1Cl,TOX26699,0,0,0,0,0,0,0,0,0,0,0,0,213.708,2.3714,2,2,32.26
CCCc1nc(C)c2c(=O)nc(-c3cc(S(=O)(=O)N4CCN(CC)CC4)ccc3OCC)[nH]n12.O=C(O)CC(O)(CC(=O)O)C(=O)O,TOX26696,0,0,0,0,0,0,0,1,0,0,0,0,680.737,0.82192,5,12,245.03
C[C@H]1COc2c(C3(N)CC3)c(F)cc3c(=O)c(C(=O)O)cn1c23,TOX26697,0,0,,0,0,0,0,0,0,0,0,0,318.304,1.74,2,5,94.55
CNC1CCCN(c2c(F)cc3c(=O)c(C(=O)O)cn(C4CC4)c3c2OC)C1,TOX26695,0,0,,0,0,0,0,0,0,0,0,0,389.427,2.3705,2,6,83.8
Cc1c(F)c(N2CCNC(C)C2)cc2c1c(=O)c(C(=O)O)cn2C1CC1,TOX26692,,,,,,,,,,0,,,359.401,2.28022,2,5,74.57
COc1ccc(C(=O)NCc2ccc(OCCN(C)C)cc2)cc1OC,TOX26693,0,0,0,0,0,0,0,0,0,0,0,0,358.438,2.5742,1,5,60.03
CCC(C)(C)c1ccc(CC(C)CN2C[C@H](C)O[C@H](C)C2)cc1,TOX26690,0,0,0,,,0,0,,0,0,1,,317.517,4.662,0,2,12.47
CCOC(=O)c1ccc(C#Cc2ccc3c(c2)C(C)(C)CCS3)nc1,TOX26691,0,0,0,1,0,0,0,,0,,,,351.471,4.4315,0,4,39.19
C=COCCCCO,TOX24854,0,0,0,0,0,0,0,0,0,0,0,0,116.16,0.919,1,2,29.46
NCC(=O)O,TOX667,,,,,,,,0,,0,,,75.067,-0.9703,2,2,63.32
OCC1CO1,TOX666,0,0,0,0,0,0,0,0,0,0,0,0,74.079,-0.6225,1,2,32.76
CCCCOC(=O)c1ccccc1,TOX20694,0,0,0,0,1,0,0,0,0,0,0,0,178.231,2.6435,0,2,26.3
Cc1c(Cl)cccc1Cl,TOX20697,0,0,0,0,0,0,0,0,0,0,,0,161.031,3.30182,0,0,0
CCC1COC(=O)O1,TOX20342,0,0,0,0,0,0,0,0,0,0,0,0,116.116,0.9318,0,3,35.53
Cc1cc(C(C)(C)C)c(O)c(C)c1CC1=NCCN1,TOX20691,0,0,0,0,0,0,0,0,0,0,0,0,260.381,2.85074,2,3,44.62
CC(=O)O[C@H](CC(=O)[O-])C[N+](C)(C)C,TOX20693,0,0,0,0,0,0,0,0,0,0,0,0,203.238,-1.2357,0,4,66.43
CC(C)COP(=O)(OCC(C)C)OCC(C)C,TOX20698,0,0,0,,0,0,0,0,0,0,,0,266.318,4.1123,0,4,44.76
O=C(O)C(c1ccc(Cl)cc1)c1ccc(Cl)cc1,TOX20699,0,0,0,0,,0,1,0,0,0,0,0,281.138,4.2099,1,1,37.3
N=C(N)NCCN1CCCCCCC1,TOX26966,,,,,,,,0,,0,,,198.314,0.73557,3,2,65.14
CCOc1ccccc1O,TOX22276,0,0,0,0,0,0,0,0,0,0,0,0,138.166,1.7909,1,2,29.46
CC(C)c1ccc(O)c(C(C)C)c1,TOX22273,0,0,0,,0,0,0,,0,0,1,,178.275,3.639,1,1,20.23
CC(C)C(=O)OCCOc1ccccc1,TOX22279,0,0,0,0,0,0,0,0,0,0,0,0,208.257,2.2646,0,3,35.53
C=C(C)[C@H]1CN[C@H](C(=O)O)[C@H]1CC(=O)O,TOX20526,0,0,0,0,0,0,0,0,0,0,0,1,213.233,0.326,3,3,86.63
O=C1c2ccccc2-c2n[nH]c3cccc1c23,TOX20525,0,0,,,0,,0,,0,,1,1,220.231,2.7743,1,2,45.75
Cc1ccccc1C,TOX1807,0,0,0,0,0,0,0,0,0,0,0,0,106.168,2.30344,0,0,0
CN(C)CC[C@@H](c1ccc(Cl)cc1)c1ccccn1,TOX28962,,0,0,,0,0,,0,0,0,0,0,274.795,3.8186,0,2,16.13
c1ccc(C(O[C@H]2CCCN(CCc3ccc4c(c3)OCO4)C2)c2ccccc2)cc1,TOX28963,0,0,,0,0,0,,0,0,0,,0,415.533,5.2284,0,4,30.93
OC[C@H]1O[C@@H](OCCc2ccc(O)cc2)[C@H](O)[C@@H](O)[C@@H]1O,TOX28960,,,,,,,,0,,0,,,300.307,-1.2488,5,7,119.61
Cc1ccc(Nc2c(F)cccc2Cl)c(CC(=O)O)c1,TOX28961,0,0,,0,0,0,1,,0,0,,0,293.725,4.15822,2,2,49.33
C[C@@H](C1=C(CCN(C)C)Cc2ccccc21)c1ccccn1,TOX28966,0,0,0,0,0,0,0,0,0,0,0,0,292.426,4.1467,0,2,16.13
CC(C)OC(=O)c1cc2c(OCC(O)CNC(C)(C)C)cccc2[nH]1,TOX28967,0,0,,0,0,0,0,0,0,0,0,0,348.443,2.8609,3,5,83.58
CC1=NN(c2ccc(S(=O)(=O)O)cc2)C(=O)C1,TOX24999,0,0,0,0,0,0,0,0,0,0,0,0,254.267,1.0459,1,4,87.04
FC(F)(F)C(=NOCC1OCCO1)c1ccc(Cl)cc1,TOX24998,0,0,0,0,0,0,0,0,0,0,0,0,309.671,2.9959,0,4,40.05
CN(C)Cc1cc(C(C)(C)C)c(O)c(C(C)(C)C)c1,TOX24997,0,0,0,0,,0,0,1,0,0,,0,263.425,4.0488,1,2,23.47
CC1CC(=O)CC(C)(C)C1,TOX24996,0,0,0,0,0,0,0,0,0,0,,0,140.226,2.4017,0,1,17.07
CCn1c2ccccc2c2cc([N+](=O)[O-])ccc21,TOX24995,0,1,,0,0,0,,0,0,1,,1,240.262,3.7226,0,3,48.07
CCc1ccc2c(c1)C(=O)c1ccccc1C2=O,TOX24994,0,0,1,,1,0,0,1,1,0,1,0,236.27,3.0244,0,2,34.14
CC(C)(C1CCC(O)CC1)C1CCC(O)CC1,TOX24993,0,0,0,0,1,,0,0,0,0,,0,240.387,3.1148,2,2,40.46
CCC(C)(C)c1cc(O)c(C(C)(C)CC)cc1O,TOX24992,0,,0,,0,0,,1,0,,1,,250.382,4.473,2,2,40.46
C=C(C)C(=O)OC1CC(C)CC(C)(C)C1,TOX24990,0,0,0,0,0,0,0,0,0,0,,0,210.317,3.3205,0,2,26.3
CN1[C@H]2C[C@H](OC(=O)[C@H](CO)c3ccccc3)C[C@@H]1[C@H]1O[C@@H]21,TOX1258,0,0,0,0,1,0,0,0,0,0,0,0,303.358,0.9181,1,5,62.3
C=CCc1ccc2c(c1)OCO2,TOX1254,0,0,0,0,0,0,0,0,0,0,0,0,162.188,2.1438,0,2,18.46
CC(C)(C)NCC(O)c1ccc(O)c(CO)c1,TOX1255,0,0,0,0,0,0,0,0,0,0,0,0,239.315,1.306,4,4,72.72
O=C(O)c1cc(/N=N/c2ccc(S(=O)(=O)Nc3ccccn3)cc2)ccc1O,TOX1256,0,0,0,0,0,0,0,0,0,0,0,0,398.4,3.7016,3,7,141.31
O=C1NS(=O)(=O)c2ccccc21,TOX1251,0,0,0,0,0,0,0,0,0,0,0,0,183.188,0.1187,1,3,63.24
O=C1[N-]S(=O)(=O)c2ccccc21,TOX1253,0,0,0,0,1,0,0,0,0,0,0,0,182.18,0.9028,0,3,65.31
C=CCCCCCCCCCCCC,TOX7367,0,0,0,0,0,0,0,0,0,0,0,0,196.378,5.4834,0,0,0
CN(C)CCC(O)(c1ccccc1)c1ccccc1Cl,TOX2789,0,0,,0,0,0,0,,0,,0,0,289.806,3.5276,1,2,23.47
NC(=O)[O-],TOX7360,0,0,0,0,0,0,0,0,0,0,0,0,60.032,-1.7116,1,2,66.15
CC(C)(CO)COC(=O)C(C)(C)CO,TOX7361,0,0,0,0,0,0,0,0,0,0,0,0,204.266,0.5666,2,4,66.76
CC(=O)OCC1=C(C(=O)O)N2C(=O)[C@@H](NC(=O)Cc3cccs3)[C@H]2SC1,TOX2783,,,,,,,,,,1,,,396.446,0.5923,2,7,113.01
CC1=C(C(=O)O)N2C(=O)[C@@H](NC(=O)[C@H](N)c3ccccc3)[C@H]2SC1,TOX2780,,,,,,,,,,0,,,347.396,0.4449,3,5,112.73
O=C(O)C[C@H](NC(=O)OCc1ccccc1)C(=O)O,TOX7368,0,0,0,0,0,0,0,1,0,0,0,0,267.237,0.8407,3,4,112.93
CC(=O)C=CC1=C(C)CCCC1(C)C,TOX27952,0,0,0,0,0,0,0,0,0,0,0,0,192.302,3.6582,0,1,17.07
Clc1ccc2c(c1)CCc1cccnc1C2=C1CCNCC1,TOX24196,0,0,0,,,0,0,0,0,0,,0,310.828,4.0189,1,2,24.92
O=C(Nc1ccccc1)c1ccccc1O,TOX1784,0,,1,,,,,1,0,,1,,213.236,2.6445,2,2,49.33
CCOC(=O)c1ccccc1C(=O)OCC,TOX1780,0,0,0,0,0,0,0,0,0,0,0,0,222.24,2.04,0,4,52.6
CCCCOC(=O)c1ccccc1C(=O)OCCCC,TOX1781,0,0,0,0,1,0,0,0,0,0,0,0,278.348,3.6004,0,4,52.6
O=[N+]([O-])c1ccc(O)cc1C(F)(F)F,TOX1788,0,,,,,,,,0,0,,1,207.107,2.3192,1,3,63.37
NC(=O)c1ccccc1N,TOX1789,0,0,0,0,0,0,0,0,0,0,0,0,136.154,0.3677,2,2,69.11
Nc1ccc(/N=N\c2ccccc2)c(N)c1,TOX4559,0,,1,,1,0,,1,1,0,1,0,212.256,3.2664,2,4,76.76
CC1CC(OC(=O)C(O)c2ccccc2)CC(C)(C)N1C,TOX25828,0,0,0,0,1,,0,0,0,0,0,0,291.391,2.5245,1,4,49.77
c1ccc2c(c1)[nH]c1cnccc12,TOX1070,0,0,1,0,0,0,0,0,0,,0,,168.199,2.7161,1,1,28.68
C#C[C@]1(OC(C)=O)CC[C@H]2[C@@H]3CCC4=CC(=O)CC[C@@H]4[C@H]3CC[C@@]21C,TOX1071,1,1,0,,1,1,,,,,0,0,340.463,4.0633,0,3,43.37
O=C(OOC(=O)c1ccccc1)c1ccccc1,TOX1072,,,,,,,,0,,0,,,242.23,2.6154,0,4,52.6
NC(=O)N=NC(N)=O,TOX4553,0,0,0,0,0,0,0,0,0,0,,0,116.08,-0.404,2,2,110.9
COc1ccc(N=[N+]([O-])c2ccc(OC)cc2)cc1,TOX4554,1,0,1,,1,0,0,1,1,0,,0,258.277,3.6295,0,4,56.89
[O-][N+](=Nc1ccccc1)c1ccccc1,TOX4555,0,0,1,,1,0,0,1,0,0,1,0,198.225,3.6123,0,2,38.43
CC[C@@H](C)CCCCC(=O)N[C@@H](CCNCS(=O)(=O)[O-])C(=O)N[C@H](C(=O)N[C@@H](CCNCS(=O)(=O)[O-])C(=O)N[C@H]1CCNC(=O)[C@H]([C@@H](C)O)NC(=O)[C@H](CCNCS(=O)(=O)[O-])NC(=O)[C@H](CCNCS(=O)(=O)[O-])NC(=O)[C@H](CC(C)C)NC(=O)[C@@H](CC(C)C)NC(=O)[C@H](CCNCS(=O)(=O)[O-])NC1=O)[C@@H](C)O,TOX25822,0,0,0,0,0,0,,,0,,0,0,1634.897,-9.7734,18,33,706.71
ClC(Cl)=C(Cl)C(Cl)=C(Cl)Cl,TOX683,0,0,0,0,0,0,0,0,0,0,0,0,260.762,4.7574,0,0,0
Clc1c(Cl)c(Cl)c(Cl)c(Cl)c1Cl,TOX682,0,0,0,0,0,0,0,0,0,0,,0,284.784,5.607,0,0,0
CCOC(=O)CC(C)=O,TOX7092,0,0,0,0,0,0,0,0,0,0,0,0,130.143,0.5286,0,3,43.37
C1CCCNCCC1,TOX680,0,0,0,0,0,0,0,0,0,0,0,0,113.204,1.5401,1,1,12.03
CCCCC(CC)COC(=O)/C=C\C(=O)OCC(CC)CCCC,TOX7094,0,0,0,0,0,0,0,1,0,0,0,0,340.504,5.0618,0,4,52.6
Cl[C@H]1[C@H](Cl)[C@@H](Cl)[C@@H](Cl)[C@H](Cl)[C@H]1Cl,TOX686,0,0,0,,0,0,0,0,0,0,,0,290.832,3.6444,0,0,0
CC(C)(O)C#CC(C)(C)O,TOX7096,0,0,0,0,0,0,0,0,0,0,0,0,142.198,0.5316,2,2,40.46
CC(=O)[O-].CC(=O)[O-].[Mg+2],TOX7097,0,0,0,0,1,,0,0,0,0,0,0,142.393,-2.8684,0,4,80.26
O=C(O)CNCC(=O)O,TOX7098,0,0,0,0,0,0,0,0,0,0,0,0,133.103,-1.2548,3,3,86.63
CCCCCCCC/C=C\CCCCCCCC(=O)OCCCC,TOX7099,0,0,0,0,0,0,0,,0,0,,0,338.576,7.3672,0,2,26.3
ClC(Cl)(Cl)C(Cl)(Cl)Cl,TOX689,,,,0,0,0,0,0,0,0,0,0,236.74,3.7268,0,0,0
ClC1=C(Cl)C(Cl)(Cl)C(Cl)=C1Cl,TOX688,0,0,0,1,0,0,,,,1,,,272.773,4.5523,0,0,0
CN1CCN(C2=Nc3cc(F)ccc3Cc3ccccc32)CC1,TOX26123,0,0,0,0,,0,0,0,0,0,,0,309.388,3.0556,0,3,18.84
C=CCCC(=O)O,TOX24448,0,0,0,0,,0,0,0,0,0,0,0,100.117,1.0372,1,1,37.3
CN=C=O,TOX3786,0,0,0,0,0,0,0,0,0,0,,0,57.052,-0.048,0,2,29.43
[Na]I,TOX21125,0,0,0,0,0,0,0,0,0,0,0,0,149.894,0.5049,0,0,0
C[N+](C)(C)Cc1ccccc1,TOX4600,0,0,0,0,0,0,0,0,0,0,0,0,150.245,1.8928,0,0,0
COc1cccc(C=O)c1,TOX24447,0,0,0,0,0,0,0,0,0,0,0,0,136.15,1.5077,0,2,26.3
C[N+](C)(C)CC(=O)O,TOX24446,0,0,0,0,0,0,0,0,0,0,0,0,118.156,-0.2228,1,1,37.3
Cc1ccccc1CCl,TOX24441,0,0,0,0,0,0,0,0,0,0,0,0,140.613,2.73382,0,0,0
CCC(C)c1cccc(C(C)CC)c1O,TOX24440,0,0,0,,0,0,0,0,0,0,1,0,206.329,4.4192,1,1,20.23
CCCC[N+](C)(CCCC)CCCC,TOX24443,0,0,0,0,0,0,0,0,0,0,0,0,200.39,3.8333,0,0,0
CC(=O)CC(c1ccccc1)c1c(O)c2ccccc2oc1=O,TOX3742,0,0,0,0,0,0,1,0,0,0,1,0,308.333,3.6096,1,4,67.51
CN1[C@H]2CC[C@@H]1C[C@H](O)C2,TOX29358,0,0,0,0,0,0,0,,0,0,0,0,141.214,0.6039,1,2,23.47
O=C1c2ccccc2CCc2ccccc21,TOX29359,0,0,0,,1,,0,0,0,0,,0,208.26,3.0162,0,1,17.07
N=C(N)Nc1ccc(C(=O)Oc2ccc3cc(C(=N)N)ccc3c2)cc1,TOX26128,0,0,0,0,0,0,0,,0,0,,0,347.378,2.64844,5,4,138.07
BrCCCCCBr,TOX29354,0,0,0,0,0,0,0,0,0,0,0,0,229.943,2.9465,0,0,0
NCCc1ccc(O)cc1,TOX14087,0,0,0,0,1,0,0,0,0,0,0,0,137.182,0.8934,2,2,46.25
CC(C)C(=O)OCC(=O)[C@@]12O[C@H](C3CCCCC3)O[C@@H]1C[C@H]1[C@@H]3CCC4=CC(=O)C=C[C@]4(C)[C@H]3[C@@H](O)C[C@@]12C,TOX26659,1,,0,,,0,0,,0,,1,0,540.697,4.7039,1,7,99.13
C[C@@H]1O[C@@H](O[C@@H]2[C@@H](O)[C@H](OCCc3ccc(O)c(O)c3)O[C@H](CO[C@@H]3O[C@H](CO)[C@@H](O)[C@H](O)[C@H]3O)[C@H]2OC(=O)/C=C/c2ccc(O)c(O)c2)[C@H](O)[C@H](O)[C@H]1O,TOX13469,0,0,0,0,,0,0,,0,0,0,0,786.733,-3.1917,12,20,324.44
CCCCCCCCCCCC[N+](C)(C)CCOc1ccccc1,TOX13468,0,,0,,,0,,,,,1,,334.568,6.0627,0,1,9.23
NCC(O)c1ccc(O)cc1,TOX23873,0,0,0,0,0,0,0,0,0,0,0,0,153.181,0.3843,3,3,66.48
O=CNNC=O,TOX468,0,0,0,0,0,0,0,0,0,0,0,0,88.066,-1.6066,2,2,58.2
CCNC(=S)NCC,TOX466,0,0,0,0,1,0,0,0,0,0,0,0,132.232,0.4903,2,1,24.06
CC/C(=C(/CC)c1ccc(O)cc1)c1ccc(O)cc1,TOX465,0,0,0,,1,1,0,1,0,1,1,1,268.356,4.8286,2,2,40.46
CCOC(=O)/C=C\C(=O)OCC,TOX464,0,0,0,0,0,0,0,1,0,0,0,0,172.18,0.6688,0,4,52.6
CCN(C=O)CC,TOX463,0,0,0,0,0,0,0,0,0,0,0,0,101.149,0.4846,0,1,20.31
OCCOCCO,TOX462,0,0,0,0,0,0,0,0,0,0,0,0,106.121,-1.0124,2,3,49.69
CC(C)(C)S,TOX6418,0,0,0,0,0,0,0,0,0,0,0,0,90.191,1.7147,1,1,0
CCCOC(=O)c1ccc(O)cc1,TOX2527,0,0,,,1,1,0,,0,0,1,0,180.203,1.959,1,3,46.53
O=C(OCc1ccccc1)c1ccc(O)cc1,TOX2526,0,0,0,,1,1,0,0,1,1,,0,228.247,2.7492,1,3,46.53
CCCCC(CC)COC(=O)c1ccc(O)cc1,TOX2525,0,0,0,,1,1,0,0,0,,1,,250.338,3.7654,1,3,46.53
CC(=O)c1ccc(Cl)c(Cl)c1Cl,TOX2256,0,0,,0,0,0,0,0,0,0,,,223.486,3.8494,0,1,17.07
CCCCCCCOC(=O)c1ccc(O)cc1,TOX2523,0,0,0,,1,1,0,0,0,0,1,0,236.311,3.5194,1,3,46.53
CC(C)COC(=O)c1ccccc1C(=O)OCC(C)C,TOX2522,0,0,0,0,1,1,0,0,0,0,0,0,278.348,3.3122,0,4,52.6
CC(C)CCCCCCOC(=O)c1ccccc1C(=O)OCCCCCCC(C)C,TOX2521,0,0,0,0,0,0,0,0,0,0,0,0,418.618,7.2132,0,4,52.6
CCOC(=O)C=Cc1ccccc1,TOX2520,0,0,0,0,0,0,0,0,0,0,0,0,176.215,2.2629,0,2,26.3
COC(=O)c1ccc(O)cc1,TOX2529,0,0,0,0,0,0,0,0,0,0,0,0,152.149,1.1788,1,3,46.53
CCOC(=O)c1ccc(O)cc1,TOX2528,0,0,0,,1,0,0,0,0,0,0,0,166.176,1.5689,1,3,46.53
NCCc1cnc[nH]1,TOX3125,0,0,0,0,0,0,0,0,0,0,0,0,111.148,-0.0891,2,2,54.7
CCCCCCCC/C=C\CCCCCCCC(=O)O,TOX5809,0,0,0,0,0,0,0,0,0,0,0,0,282.468,6.1085,1,1,37.3
CN1C(=O)C(C)(C2=CCCCC2)C(=O)N=C1O,TOX3122,0,0,0,0,0,0,0,0,0,0,0,0,236.271,1.4057,1,2,69.97
COS(=O)(=O)[O-].C[N+]1(C)CCN(CC(O)(c2ccccc2)C2CCCCC2)CC1,TOX3123,0,0,0,0,0,0,0,,0,,0,0,428.595,1.9395,1,6,89.9
CCCCCCCCn1sccc1=O,TOX5805,0,0,0,,,,,,0,1,1,1,213.346,3.2703,0,3,22
C=CCCCCCC,TOX5804,0,0,0,0,0,0,0,0,0,,0,0,112.216,3.1428,0,0,0
CCCCCCCCOc1ccc(C(=O)O)cc1,TOX5807,0,0,,,0,0,,,0,,1,,250.338,4.1241,1,2,46.53
CCN(CC)CCNc1ccc(CO)c2sc3ccccc3c(=O)c12,TOX3128,0,1,1,,,0,,,0,0,,1,356.491,3.6607,2,5,52.57
O=c1ccc2cc(O[C@@H]3O[C@H](CO)[C@@H](O)[C@H](O)[C@H]3O)c(O)cc2o1,TOX25318,0,,0,0,0,,,,0,,0,1,340.284,-1.3227,5,9,149.82
c1ccc2c(c1)CCCC2C1=NCCN1,TOX25316,0,0,,0,0,0,0,0,0,0,,0,200.285,2.1082,1,2,24.39
Cc1cccc(N(C)C(=S)Oc2ccc3ccccc3c2)c1,TOX22477,0,0,,,,0,0,,0,0,0,0,307.418,4.94832,0,2,12.47
CC(CN(C)C)CN1c2ccccc2CCc2ccccc21,TOX25315,0,0,0,0,0,0,,0,0,0,,0,294.442,4.121,0,2,6.48
CC1=C2[C@H]3OC(=O)[C@@H](C)[C@@H]3CC[C@@]2(C)C=CC1=O,TOX25312,0,0,0,0,0,0,0,0,0,0,0,0,246.306,2.4196,0,3,43.37
C[C@H]1[C@H]2[C@H](C[C@H]3[C@@H]4CC[C@H]5C[C@@H](O)CC[C@]5(C)[C@H]4CC(=O)[C@@]32C)O[C@]12CC[C@@H](C)CO2,TOX25310,0,0,0,0,0,0,0,0,0,0,0,0,430.629,4.9728,1,4,55.76
c1ccc2sc(SSN3CCOCC3)nc2c1,TOX6573,0,0,1,,0,0,1,0,0,1,1,0,284.431,3.2838,0,6,25.36
N#Cc1nn(-c2c(Cl)cc(C(F)(F)F)cc2Cl)c(N)c1S(=O)C(F)(F)F,TOX14609,0,0,0,,,0,0,1,0,0,,,437.152,4.27918,1,5,84.7
CC(Cc1ccc(C(C)(C)C)cc1)CN1C[C@H](C)O[C@H](C)C1,TOX14601,0,0,0,0,0,0,0,,0,0,,0,303.49,4.2719,0,2,12.47
CC(C)C(=O)Nc1ccc([N+](=O)[O-])c(C(F)(F)F)c1,TOX11121,0,0,0,1,,0,0,1,0,0,1,0,276.214,3.2081,1,3,72.24
FC(F)C(F)(F)OCC(Cn1cncn1)c1ccc(Cl)cc1Cl,TOX14956,0,,1,1,,0,,,,0,,,372.149,4.2432,0,4,39.94
CCOP(=O)(OCC)OP(=O)(OCC)OCC,TOX14957,0,0,0,0,,0,0,,0,0,0,0,290.189,3.3652,0,7,80.29
O=C1N=C2SCCN2C(=O)C1Cc1ccc(Cl)cc1,TOX26208,0,0,0,0,0,0,0,,0,,0,0,294.763,1.9703,0,3,49.74
O=C1NC2NC(=O)NC2N1,TOX11380,0,0,,0,0,0,0,0,0,0,0,0,142.118,-1.7358,4,2,82.26
CN1[C@H]2CC[C@@H]1[C@@H](C(=O)O)[C@@H](OC(=O)c1ccccc1)C2,TOX26758,0,0,0,0,0,0,0,,0,,0,0,289.331,1.7793,1,4,66.84
C[N@+]12CCCC[C@@H]1CCC(=C(c1cccs1)c1cccs1)C2,TOX26757,0,0,0,0,0,0,0,,0,,0,0,330.542,5.4044,0,2,0
CC1(C)O[C@@H]2C[C@H]3[C@@H]4CCC5=CC(=O)C=C[C@]5(C)[C@H]4[C@@H](O)C[C@]3(C)[C@]2(C(=O)CO)O1,TOX26756,1,0,0,,1,0,0,0,,0,0,0,416.514,2.3267,2,6,93.06
CCOc1cc(N)c(Cl)cc1C(=O)NCC1CN(Cc2ccc(F)cc2)CCO1.O=C(O)CC(O)(CC(=O)O)C(=O)O,TOX26207,0,0,1,0,0,0,,,0,0,,0,614.023,1.8423,6,9,208.95
O=C(c1cc2ccccc2o1)N1CCN(Cc2ccccc2)CC1,TOX26206,0,0,0,,0,0,0,,0,,0,0,320.392,3.3908,0,3,36.69
C[C@H]1CN(c2c(F)c(F)c3c(=O)c(C(=O)O)cn(C4CC4)c3c2F)C[C@@H](C)N1,TOX26201,1,1,0,0,0,0,0,1,0,0,0,0,395.381,2.6385,2,5,74.57
COc1ccc(Cc2cnc(N)nc2N)cc1OC,TOX26200,0,0,0,0,0,0,0,0,0,0,0,0,260.297,1.249,2,6,96.28
C=C[C@]1(C)C[C@@H](OC(=O)CSC(C)(C)CNC(=O)[C@H](N)C(C)C)[C@]2(C)[C@H](C)CC[C@]3(CCC(=O)[C@H]32)[C@@H](C)[C@@H]1O,TOX26751,0,0,0,,,0,,,0,,,0,564.833,4.5042,3,7,118.72
Cc1cnc(C(=O)O)c[n+]1[O-],TOX26202,0,0,0,0,0,0,0,,0,,0,0,154.125,-0.27838,1,3,77.13
O=C1c2ccccc2C(=O)c2cc(O)ccc21,TOX29283,0,,1,,1,1,0,1,1,0,1,0,224.215,2.1676,1,3,54.37
CCNc1nc(NC(C)(C)C)nc(SC)n1,TOX4318,0,0,,0,0,0,0,1,0,0,1,0,241.364,2.2357,2,6,62.73
CNC(=O)N(C)c1nnc(C(C)(C)C)s1,TOX4316,0,0,0,0,0,0,0,0,0,0,0,0,228.321,1.6112,1,4,58.12
Cc1[nH]c(=O)n(C(C)(C)C)c(=O)c1Cl,TOX4317,0,0,0,0,0,0,0,0,0,0,0,0,216.668,1.25342,1,3,54.86
CCCCC(C#N)(Cn1cncn1)c1ccc(Cl)cc1,TOX4315,0,0,0,1,0,0,0,0,0,0,0,0,288.782,3.58328,0,4,54.5
O=C([O-])CF,TOX4311,0,0,0,0,0,0,0,0,0,0,0,0,77.034,-1.2942,0,2,40.13
CCCCOCC(C)OCC(C)O,TOX7959,0,0,0,0,0,0,0,0,0,0,0,0,190.283,1.589,1,3,38.69
C=CC(=O)OCCOCC(CC)(COCCOC(=O)C=C)COCCOC(=O)C=C,TOX7950,0,1,0,,,,1,1,1,,0,0,428.478,1.6202,0,9,106.59
C=CC(=O)OCCCCCC(C)C,TOX7955,0,0,0,0,1,0,0,0,0,0,0,0,184.279,2.932,0,2,26.3
Cl/C=C/Cl,TOX4031,0,0,0,0,0,0,0,0,0,0,0,0,96.944,1.9352,0,0,0
Cl/C=C\Cl,TOX4030,0,0,0,,0,0,0,,0,,0,0,96.944,1.9352,0,0,0
O=C(O)CCCOc1ccc(Cl)cc1Cl,TOX4035,0,,,,0,0,0,0,0,0,,0,249.093,3.237,1,2,46.53
C=Cc1ccc(C)cc1,TOX889,0,0,0,0,0,0,0,0,0,0,0,0,118.179,2.63802,0,0,0
OCC(Cl)CCl,TOX4038,0,0,0,0,0,0,0,0,0,0,0,0,128.986,0.8249,1,1,20.23
OCCN1C[C@H](O)[C@@H](O)[C@H](O)[C@H]1CO,TOX3323,0,0,0,0,0,0,0,0,0,0,0,0,207.226,-3.2621,5,6,104.39
CCCCOC(=O)CC(CC(=O)OCCCC)(OC(C)=O)C(=O)OCCCC,TOX6446,0,0,0,0,0,0,0,0,0,0,0,0,402.484,3.0984,0,8,105.2
NC(=O)Nc1ccc(Cl)c(Cl)c1,TOX21468,0,0,,0,0,0,0,,0,0,1,,205.044,2.484,2,1,55.12
O=C(O)c1cccc(C(F)(F)F)c1,TOX21460,0,0,0,0,0,0,0,0,0,0,0,0,190.12,2.4036,1,1,37.3
O=S1(=O)CC(Cl)(Cl)C(Cl)(Cl)C1,TOX21461,0,,,,,1,1,,1,1,,,257.953,1.7626,0,2,34.14
COC(=O)c1ccc(OC)cc1,TOX27645,0,0,0,,0,0,,0,0,0,0,0,166.176,1.4818,0,3,35.53
COC(OC)OC,TOX7122,0,0,0,0,0,0,0,0,0,0,0,0,106.121,0.2092,0,3,27.69
O=C(O)c1snc(Cl)c1Cl,TOX21467,0,0,1,0,0,0,0,,0,0,0,0,198.03,2.1481,1,3,50.19
Nc1ccc(Cl)cc1[N+](=O)[O-],TOX10384,0,0,,0,,0,0,0,0,0,1,0,172.571,1.8304,1,3,69.16
CN(C)CCN(Cc1cccs1)c1ccccn1.CN(C)CCN(Cc1cccs1)c1ccccn1,TOX27404,0,0,0,0,0,0,0,0,0,0,0,0,522.788,5.4226,0,8,38.74
CCCC(=O)OCCC(C)CCC=C(C)C,TOX27405,0,0,0,0,0,0,0,0,0,,0,0,226.36,4.1023,0,2,26.3
C=CCc1ccc(OC(=O)Cc2ccccc2)c(OC)c1,TOX27406,0,0,,0,1,0,0,0,0,0,0,0,282.339,3.5718,0,3,35.53
Cc1ccc(OC(=O)CC(C)C)cc1,TOX27159,0,0,0,,0,0,0,0,0,0,0,0,192.258,2.94652,0,2,26.3
CCC(C)C1N=C(C)C(C)S1,TOX27156,0,0,0,0,0,0,0,0,0,0,0,0,171.309,2.9548,0,2,12.36
CCCC(=O)C(CC)Sc1ccoc1C,TOX27157,0,0,0,0,0,0,0,,0,0,0,0,226.341,3.82792,0,3,30.21
Cc1nc2ccc(Cl)cc2[nH]1,TOX4787,0,0,1,0,0,0,0,0,0,0,0,0,166.611,2.52472,1,1,28.68
N[C@@H](CCC(=O)O)C(=O)O,TOX27155,0,0,0,0,0,0,0,0,0,0,0,0,147.13,-0.7369,3,3,100.62
CCCC(=O)OC/C=C(\C)CCC=C(C)C,TOX27152,0,0,0,0,0,0,0,0,0,0,0,0,224.344,4.0224,0,2,26.3
CC(C)(C)OC(=O)c1ccccc1C(=O)O,TOX27150,0,0,0,,0,0,0,0,0,0,0,0,222.24,2.3401,1,3,63.6
COc1cc(/C=C/C(N)=O)cc(OC)c1OC,TOX31564,,,,,,,,0,,0,,,237.255,1.2109,1,4,70.78
CCOc1nc(=O)c(F)c[nH]1,TOX31565,,,,,,,,0,,0,,,158.132,0.3077,1,3,54.98
N#CC1(c2ccc(F)cc2)CCC(=O)CC1,TOX31566,,,,,,,,0,,0,,,217.243,2.73018,0,2,40.86
Cc1ccc(C(C)OC(=O)C2(C)CCC(C(=O)O)C2(C)C)cc1.OCCNCCO,TOX31567,,,,,,,,0,,0,,,423.55,2.68692,4,6,116.09
CCOC(=O)C(c1c(O)c2ccccc2oc1=O)c1c(O)c2ccccc2oc1=O,TOX31560,,,,,,,,,,0,,,408.362,3.0056,2,8,127.18
O=C(O)Cc1ccc2c(c1)C(=O)c1ccccc1CO2,TOX31561,,,,,,,,,,0,,,268.268,2.4371,1,3,63.6
Nc1ncnc2c1ncn2Cc1c(F)cccc1Cl,TOX31562,,,,,,,,0,,0,,,277.69,2.2493,1,5,69.62
NC(=O)NC1N=C(O[AlH3](O)O)NC1=O,TOX31563,,,,,,,,0,,0,,,221.129,-4.3504,5,6,146.27
COCCc1ccc(OCC2CO2)cc1,TOX31568,,,,,,,,0,,0,,,208.257,1.6531,0,3,30.99
C#Cc1ccc(-c2ccccc2F)cc1,TOX31569,,,,,,,,0,,0,,,196.224,3.474,0,0,0
CC1(COc2ccc(CC3SC(=O)NC3=O)cc2)CCCCC1,TOX20757,0,0,,1,,0,1,,0,0,1,,333.453,3.9299,1,4,55.4
CC(C)C[C@H](NC(=O)OCC1c2ccccc2-c2ccccc21)C(=O)O,TOX20751,0,0,1,,1,0,1,,1,0,0,0,353.418,4.0244,2,3,75.63
C[C@H]1C[C@H]2[C@@H]3CCC4=CC(=O)C=C[C@]4(C)[C@@]3(Cl)[C@@H](O)C[C@]2(C)[C@@]1(O)C(=O)CO,TOX20750,1,1,0,,0,0,0,0,0,0,0,0,408.922,2.165,3,5,94.83
CC1(C)CCC(C)(C)c2cc(C(=O)Nc3ccc(C(=O)O)cc3)ccc21,TOX20758,0,0,0,0,,0,,,0,,1,,351.446,4.9861,2,2,66.4
CP(=O)([O-])OCCC[Si](O)(O)O,TOX24834,0,0,0,0,0,0,0,0,0,0,,0,215.194,-1.5079,3,6,110.05
N#Cc1ccc(CC(=O)c2cccc(C(F)(F)F)c2)cc1,TOX24835,0,0,0,0,0,0,0,0,0,0,,0,289.256,4.00248,0,2,40.86
O=C(c1ccc(O)cc1)c1ccc(O)cc1O,TOX24836,1,0,1,,1,1,0,0,0,0,1,0,230.219,2.0344,3,4,77.76
OCCC1CCCCN1,TOX24837,0,0,0,0,0,0,0,0,0,0,,0,129.203,0.5109,2,2,32.26
CC(C)(O)C(=O)c1ccccc1,TOX24830,0,0,0,0,0,0,0,0,0,0,0,0,164.204,1.6402,1,2,37.3
CCCCOC(=O)C(C)OC(=O)CCC,TOX24831,0,0,0,0,0,0,0,0,0,0,0,0,216.277,2.0615,0,4,52.6
COC(C=C(C)CCC=C(C)C)OC,TOX24832,0,0,0,0,0,0,0,0,0,0,0,0,198.306,3.298,0,2,18.46
CCC(=O)OC(C)(C)C1CC=C(C)CC1,TOX24833,0,0,0,0,,0,0,0,0,0,0,0,210.317,3.4646,0,2,26.3
C=C[Si](OC(=C)C)(OC(=C)C)OC(=C)C,TOX24839,0,0,0,,,0,0,0,0,0,0,0,226.348,3.3011,0,3,27.69
O=S(=O)(O)NC1CCCCC1,TOX21809,0,0,0,0,0,0,0,0,0,0,0,0,179.241,0.7115,2,2,66.4
C/C=C(C(=C/C)/c1ccc(OC(C)=O)cc1)\c1ccc(OC(C)=O)cc1,TOX31629,,,,,,,,1,,1,,,350.414,5.044,0,4,52.6
Nc1ccc(C(=O)N2CC3CC(CN(Cc4ccccc4)C3)C2)cc1,TOX31628,,,,,,,,0,,0,,,335.451,2.8629,1,3,49.57
CC(C)(C)c1ccc(OP(=O)(Oc2ccccc2)Oc2ccccc2)cc1,TOX4701,0,0,,0,,0,0,1,0,0,,0,382.396,6.629,0,4,44.76
CN(C)[C@@H]1C(O)=C(C(N)=O)C(=O)[C@@]2(O)C(O)=C3C(=O)c4c(O)cccc4C[C@H]3C[C@@H]12,TOX31625,,,,,,,,,,0,,,414.414,0.1206,5,8,161.39
Cc1oc(=O)oc1COC(=O)[C@@H]1N2C(=O)[C@@H](NC(=O)[C@H](N)c3ccccc3)[C@H]2SC1(C)C,TOX31624,,,,,,,,0,,0,,,461.496,0.83152,2,9,145.08
CC#C[C@]1(O)CC[C@H]2[C@@H]3C[C@H](C)C4=CC(=O)CC[C@]4(C)[C@H]3CC[C@@]21C,TOX31623,,,,,,,,1,,0,,,340.507,4.5187,1,2,37.3
CCOC(=O)C(=O)CCCCCCl,TOX31622,,,,,,,,0,,0,,,206.669,1.9178,0,3,43.37
Nc1ccc(Cl)cc1C(=O)c1ccccc1F,TOX31621,,,,,,,,1,,0,,,249.672,3.2923,1,2,43.09
Cc1nc(N)nc(N)c1-c1ccc(Cl)c(Cl)c1,TOX31620,,,,,,,,1,,0,,,269.135,2.92322,2,4,77.82
CC(C)(C)c1ccc(OCC2CO2)cc1,TOX4702,0,0,0,,1,0,0,0,0,0,0,0,206.285,2.7617,0,2,21.76
CC(=O)[C@H]1CC[C@H]2[C@@H]3C=CC4=CC(=O)CC[C@@]4(C)[C@@H]3CC[C@]12C,TOX2974,1,1,0,0,0,0,0,1,0,0,0,0,312.453,4.4995,0,2,34.14
Cn1c(=O)c2c(ncn2CC(O)CO)n(C)c1=O,TOX2975,0,0,0,0,0,0,0,0,0,0,0,0,254.246,-2.2131,2,8,102.28
C=CN1CCCC1=O,TOX1440,0,0,0,0,0,0,0,0,0,0,0,0,111.144,0.7523,0,1,20.31
OCC(CO)N[C@H]1C[C@](O)(CO)[C@@H](O)[C@H](O)[C@H]1O,TOX1442,0,0,0,0,0,0,0,1,0,0,0,0,267.278,-4.4924,8,8,153.64
C1CCCCCCCCCCC1,TOX1552,0,,0,0,0,0,0,0,0,0,0,0,168.324,4.6812,0,0,0
Cc1cccc(C)c1,TOX1446,0,0,0,0,1,1,0,0,0,0,0,0,106.168,2.30344,0,0,0
Cc1ccc(N)c(C)c1,TOX1448,0,0,1,0,0,0,0,0,0,0,0,0,121.183,1.88564,1,1,26.02
Oc1cccc(Cl)c1,TOX4800,0,0,0,0,0,0,0,0,0,0,,0,128.558,2.0456,1,1,20.23
O=C(O)c1cc(C(=O)O)cc(S(=O)(=O)[O-])c1,TOX9279,0,0,0,0,0,0,0,0,0,0,0,0,245.188,-0.0129,2,5,131.8
Nc1c(S(=O)(=O)[O-])cc(Br)c2c1C(=O)c1ccccc1C2=O,TOX9277,0,0,1,0,0,0,0,1,0,0,,0,381.183,1.7108,1,6,117.36
CC(C)CCON=O,TOX2605,0,0,0,0,0,0,0,0,0,0,0,0,117.148,1.7305,0,3,38.66
CC(=O)C(C)C,TOX2062,0,0,0,0,0,0,0,,0,0,0,0,86.134,1.2314,0,1,17.07
O=Cc1ccccc1[N+](=O)[O-],TOX2060,0,0,,0,0,0,0,0,0,0,,1,151.121,1.4073,0,3,60.21
O=Cc1ccc([N+](=O)[O-])cc1,TOX2061,0,0,,,1,0,0,0,0,0,0,0,151.121,1.4073,0,3,60.21
COc1cc(OC)nc(Oc2cccc(Oc3nc(OC)cc(OC)n3)c2C(=O)[O-])n1,TOX14383,0,0,0,0,0,0,0,0,0,0,0,0,429.365,1.2491,0,12,147.07
CC(C)=C[C@@H]1[C@@H](C(=O)OCc2coc(Cc3ccccc3)c2)C1(C)C,TOX14382,0,0,0,0,0,0,0,0,0,0,0,0,338.447,5.152,0,3,39.44
CCCCc1oc2ccc(NS(C)(=O)=O)cc2c1C(=O)c1ccc(OCCCN(CCCC)CCCC)cc1,TOX28579,0,0,,,0,0,,0,,1,,,556.769,7.049,1,6,88.85
CCCCCCCN(CC)CCCC(O)c1ccc(NS(C)(=O)=O)cc1.CCCCCCCN(CC)CCCC(O)c1ccc(NS(C)(=O)=O)cc1,TOX28578,0,0,0,0,0,0,0,,0,,,,769.172,8.328,4,8,139.28
COc1cc([C@@H]2c3cc4c(cc3C(O[C@@H]3O[C@@H]5CO[C@@H](C)O[C@H]5[C@H](O)[C@H]3O)C3COC(=O)[C@@H]32)OCO4)cc(OC)c1OP(=O)(O)O,TOX28571,0,0,0,0,1,0,0,,1,,0,1,668.541,1.1045,4,14,207.36
C[C@H]1NCc2cc(-c3ccc4c(=O)c(C(=O)O)cn(C5CC5)c4c3OC(F)F)ccc21,TOX28570,,,,,,,,0,,0,,,426.419,4.4672,2,5,80.56
CNC(=O)CN(CCN(CCN(CC(=O)[O-])CC(=O)NC)CC(=O)[O-])CC(=O)[O-].[Gd+3],TOX28573,,,,,,,,0,,0,,,573.661,-7.3659,2,11,188.31
Nc1ccc(S(=O)(=O)[N-]c2ncccn2)cc1.[Ag+],TOX28572,0,0,0,0,0,0,0,,0,,0,0,357.143,1.4504,1,5,100.04
COC(=O)C1=C(C)NC(C)=C(C(=O)OCC(C)=O)C1c1ccccc1[N+](=O)[O-],TOX28575,0,0,,,0,0,,0,0,0,1,0,388.376,2.1348,1,8,124.84
C=C1/C(=C\C=C2/CCC[C@]3(C)[C@@H]([C@H](C)OCCC(C)(C)O)CC[C@@H]23)C[C@@H](O)C[C@@H]1O,TOX28574,0,0,0,0,0,0,,,0,,0,1,418.618,4.6935,3,4,69.92
Cc1nc(-c2ccc(OCC(C)C)c(C#N)c2)sc1C(=O)O,TOX28576,1,,1,,,0,0,,1,0,,0,316.382,3.7232,1,5,83.21
COc1ccc(C(=O)N2CCCC2=O)cc1,TOX25128,0,0,0,0,0,0,0,0,0,0,0,0,219.24,1.4578,0,3,46.61
CC(C)(C)NCC(O)c1ccc(O)c(CO)n1,TOX25120,0,0,0,0,0,0,0,,0,,0,0,240.303,0.701,4,5,85.61
CC(N)C(=O)OC(C)(C)Cc1ccc(Cl)cc1,TOX25122,0,0,0,0,0,0,0,0,0,0,,0,255.745,2.5515,1,3,52.32
CC1=C(C)C(=O)C(CCCCC#CCCCC#CCO)=C(C)C1=O,TOX25125,0,0,1,,,0,,1,0,0,,0,326.436,3.5209,1,3,54.37
C=CCc1ccccc1OCC(O)CNC(C)C,TOX25127,0,0,0,0,0,0,0,0,0,0,,0,249.354,2.1528,2,3,41.49
CC(C)(C)c1nnc(NS(=O)(=O)c2ccccc2)s1,TOX3103,0,0,0,0,0,0,0,1,0,0,1,0,297.405,2.6364,1,5,71.95
Cc1ccc2c(c1N)C(=O)c1ccccc1C2=O,TOX57,1,0,1,,1,1,0,1,1,0,1,0,237.258,2.35262,1,3,60.16
CCn1c2ccccc2c2cc(N)ccc21,TOX54,0,0,1,1,0,1,0,1,0,1,1,1,210.28,3.3966,1,2,30.95
CCOc1ccc(NC(C)=O)cc1N,TOX53,0,0,1,,,0,0,0,0,,,0,194.234,1.6259,2,3,64.35
Nc1c(Br)cc(Br)c2c1C(=O)c1ccccc1C2=O,TOX52,0,0,1,0,0,0,0,,0,0,1,0,381.023,3.5692,1,3,60.16
Nc1nnc(-c2ccc([N+](=O)[O-])o2)o1,TOX58,0,0,0,,,0,0,1,0,0,,0,196.122,0.82,1,7,121.22
CCCCCCCCCCCCCCBr,TOX18725,0,0,0,0,0,0,0,,0,0,0,0,277.29,6.0824,0,0,0
CCOCn1c(-c2ccc(Cl)cc2)c(C#N)c(Br)c1C(F)(F)F,TOX12533,0,,0,,,,,,0,1,1,1,407.617,5.45548,0,3,37.95
Cn1cc(S(C)=O)c(=O)c2ccc(F)cc21,TOX28759,0,0,0,0,0,0,0,,0,0,0,0,239.271,1.415,0,3,39.07
c1ccc2c(CCC3CCNCC3)c[nH]c2c1,TOX28758,0,0,1,0,0,0,0,,0,,,0,228.339,3.1001,2,1,27.82
CC(=O)c1ccc(OCC(=O)N2CCCCC2)cc1,TOX28755,0,0,,,1,0,0,0,0,0,0,,261.321,2.2805,0,3,46.61
C/C(=N\O)c1ccc(OCC(=O)N2CCCCC2)cc1,TOX28754,0,0,1,,1,0,0,0,1,0,0,0,276.336,2.2761,1,4,62.13
O=C(O)CCCCCCNC1c2ccccc2CCc2ccccc21,TOX28757,0,0,1,1,0,0,0,0,0,0,0,0,337.463,4.4993,2,2,49.33
O=C(O)Cc1ccccc1Oc1ccc(Cl)cc1Cl,TOX28756,0,0,0,0,0,0,0,,0,0,0,0,297.137,4.4128,1,2,46.53
CCCOC(=O)Cc1ccc(OCC(=O)N(CC)CC)c(OC)c1,TOX28751,0,0,0,0,0,0,0,0,0,0,0,0,337.416,2.4381,0,5,65.07
CCC(=O)O[C@H]1[C@@H](N2CCCCC2)C[C@H]2[C@@H]3CC[C@H]4C[C@H](OC(C)=O)[C@@H](N5CCCCC5)C[C@]4(C)[C@H]3CC[C@@]21C,TOX28750,0,0,0,0,0,0,0,,0,,0,0,556.832,6.2114,0,6,59.08
COc1ccc2c(C(=O)c3ccc(Cl)cc3)c(C)n(CC(=O)O)c2c1,TOX28753,0,0,1,0,0,0,0,0,0,0,0,0,357.793,3.92732,1,4,68.53
Cc1nc([N+](=O)[O-])cn1-c1ccc([N+](=O)[O-])cc1,TOX28752,0,0,0,0,0,0,0,0,0,0,0,0,248.198,1.99712,0,6,104.1
CO[C@@]12[C@H](COC(N)=O)C3=C(C(=O)C(C)=C(N)C3=O)N1C[C@@H]1N[C@@H]12,TOX898,0,0,0,,,0,,,0,0,0,1,334.332,-1.6512,3,8,146.89
O=[Mo](=O)=O,TOX899,0,0,0,0,0,0,0,0,0,0,0,0,143.937,-0.3589,0,3,51.21
CCOP(=S)(S)OCC,TOX7133,0,0,0,0,0,0,0,0,0,0,0,0,186.238,2.2137,1,3,18.46
c1nc[nH]n1,TOX7131,0,0,0,0,0,0,0,,0,0,0,0,69.067,-0.1953,1,2,41.57
ClC1(Cl)C2(Cl)C3(Cl)C4(Cl)C(Cl)(Cl)C5(Cl)C3(Cl)C1(Cl)C5(Cl)C24Cl,TOX895,0,,0,0,0,0,0,,0,0,0,0,545.546,6.223,0,0,0
CCCCCCCC/C=C\CCCCCCCC(N)=O,TOX7137,0,0,0,0,0,0,0,0,0,0,1,0,281.484,5.5092,1,1,43.09
CNC(=O)Oc1cc(C)c(N(C)C)c(C)c1,TOX893,0,0,,0,,0,0,,0,0,0,0,222.288,2.08764,1,3,41.57
Cc1cc(=O)[nH]c(=S)[nH]1,TOX890,1,1,0,0,0,0,0,0,0,0,0,0,142.183,0.74091,2,2,48.65
CCCCC(CC)COP(=O)(O)OCC(CC)CCCC,TOX7134,0,0,0,0,,0,,,0,,1,,322.426,5.5528,1,3,55.76
C[C@@H]1C[C@H]2[C@@H]3CCC4=CC(=O)C=C[C@]4(C)[C@@]3(Cl)[C@@H](O)C[C@]2(C)[C@@]1(OC(=O)c1ccco1)C(=O)CCl,TOX3333,1,,0,,0,0,0,1,0,,1,0,521.437,4.8692,1,6,93.81
CCC(C)(C)c1ccc(O)cc1,TOX1771,0,0,0,0,1,1,0,0,0,0,1,0,164.248,3.0798,1,1,20.23
Cc1c(N)cccc1Cl,TOX4815,0,0,,0,,0,0,0,0,0,0,0,141.601,2.23062,1,1,26.02
Cc1ccc(Cl)cc1,TOX4814,0,0,0,0,0,0,0,0,0,0,0,0,126.586,2.64842,0,0,0
CC(C)(c1cc(Cl)c(O)c(Cl)c1)c1cc(Cl)c(O)c(Cl)c1,TOX1770,0,0,0,0,1,1,,1,0,1,1,,366.071,6.0373,2,2,40.46
Nc1ccc(Br)cc1,TOX1867,0,0,1,0,0,0,0,0,0,0,0,0,172.025,2.0313,1,1,26.02
CCCCOC(=O)CCCCC(=O)OCCCC,TOX1866,0,0,0,0,0,0,0,0,0,0,0,0,258.358,3.2334,0,4,52.6
Cc1ccc(O)c(C)c1,TOX1864,0,0,0,0,0,0,0,0,0,0,0,0,122.167,2.00904,1,1,20.23
COc1ccc(CCN(C)CCCN2CCc3cc(OC)c(OC)cc3CC2=O)cc1OC,TOX25745,0,0,,0,0,0,0,0,0,0,0,0,456.583,3.2128,0,6,60.47
Cc1ccc(O)cc1,TOX1869,0,0,0,0,1,0,0,0,0,0,0,0,108.14,1.70062,1,1,20.23
Cc1ccc(C)cc1,TOX1868,0,0,0,0,0,0,0,0,0,0,0,0,106.168,2.30344,0,0,0
COc1ccc(S(=O)(=O)N2c3ccc(Cl)cc3[C@@](O)(c3ccccc3Cl)[C@H]2C(=O)N2CCC[C@@H]2C(N)=O)cc1OC,TOX25746,0,0,0,0,0,0,0,0,0,0,0,0,620.511,3.3003,2,7,139.47
O=[PH](Oc1ccccc1)Oc1ccccc1,TOX21889,0,0,0,0,1,0,0,0,0,0,0,0,234.191,3.5341,0,3,35.53
C[NH+](C)CCC(c1ccc(Cl)cc1)c1ccccn1,TOX321,0,0,0,0,0,0,0,0,0,0,0,0,275.803,2.4015,1,1,17.33
CCCNC(=O)NS(=O)(=O)c1ccc(Cl)cc1,TOX322,0,0,0,0,0,0,0,0,0,0,0,0,276.745,1.7379,2,3,75.27
C[N+](C)(C)CCO,TOX325,0,0,0,0,0,0,0,0,0,0,0,0,104.173,-0.3151,1,1,20.23
O=[Cr]O[Cr]=O,TOX326,0,0,0,0,0,0,0,0,0,0,0,0,151.989,-0.311,0,3,43.37
[Cr+3],TOX327,0,0,0,,0,0,0,0,0,0,0,0,51.996,-0.0025,0,0,0
O=C1c2cccc(O)c2C(=O)c2c(O)cccc21,TOX328,0,0,0,0,1,0,0,1,0,0,1,0,240.214,1.8732,2,4,74.6
CN/C(=N\C#N)NCCSCc1nc[nH]c1C,TOX329,0,0,0,0,0,0,0,0,0,0,0,0,252.347,0.5974,3,4,88.89
CCCCNS(=O)(=O)c1ccccc1,TOX7540,0,0,,,0,0,0,0,0,0,0,0,213.302,1.765,1,2,46.17
C=C(C)c1cccc(C(=C)C)c1,TOX7546,0,0,0,0,,0,0,0,0,0,0,0,158.244,3.7528,0,0,0
CC=CC(=O)O,TOX7544,0,0,0,0,0,0,0,0,0,0,0,0,86.09,0.6471,1,1,37.3
CC1OC(=O)C(C)OC1=O,TOX21253,0,0,0,0,,0,0,0,0,0,0,0,144.126,-0.1366,0,4,52.6
Nc1ccc(N)c2c1C(=O)c1ccccc1C2=O,TOX21252,0,0,1,,0,0,0,1,0,0,1,,238.246,1.6264,2,4,86.18
CC(C)Nc1ccc(NC(C)C)c2c1C(=O)c1ccccc1C2=O,TOX21250,0,0,1,,0,0,0,,0,0,,0,322.408,4.1026,2,4,58.2
OCCCCCO,TOX21256,0,0,0,0,1,0,0,0,0,0,0,0,104.149,0.1413,2,2,40.46
CC(C)(C)c1cc([N+](=O)[O-])cc([N+](=O)[O-])c1O,TOX21883,0,,0,,,0,,1,0,0,1,1,240.215,2.5061,1,5,106.51
CNC(=N)NC(=O)Nc1c(C)cccc1C,TOX29006,0,0,0,0,0,0,0,0,0,0,0,0,220.276,1.57911,4,2,77.01
CSc1ccc(/C=C2/C(C)=C(CC(=O)O)c3cc(F)ccc32)cc1,TOX29004,0,,1,0,0,0,1,,0,0,,,340.419,5.35,1,2,37.3
CC(C(=O)O)c1ccc2c(c1)CC(=O)c1ccccc1S2,TOX29002,0,0,0,0,0,0,1,0,0,0,0,0,298.363,3.7647,1,3,54.37
CC(C(=O)O)c1ccc(C2CCCCC2)c2ccccc12,TOX29003,0,0,0,,0,0,,,0,,0,0,282.383,5.0756,1,1,37.3
CC[C@]1(O)C[C@H]2CN(CCc3c([nH]c4ccccc34)[C@@](C(=O)OC)(c3cc4c(cc3OC)N(C)[C@H]3[C@@](O)(C(N)=O)[C@H](O)[C@]5(CC)C=CCN6CC[C@]43[C@@H]65)C2)C1,TOX29000,0,,,0,0,,,,1,,,1,753.941,2.7324,5,10,164.82
CCOC(=O)CN[C@@H](C(=O)N1CC[C@H]1C(=O)NCc1ccc(/C(N)=N/O)cc1)C1CCCCC1,TOX29001,0,0,0,0,0,0,0,,0,,0,0,473.574,1.0998,4,7,146.35
COc1cc2nc(N3CCN(C(=O)c4ccco4)CC3)nc(N)c2cc1OC,TOX29008,0,,,,0,0,0,0,,0,0,,383.408,1.7846,1,8,106.95
[NH3+]c1ccccc1,TOX29009,0,0,0,0,0,0,0,0,0,0,0,0,94.137,0.56,1,0,27.64
NC(=S)c1c(Cl)cccc1Cl,TOX21783,0,0,0,0,0,0,0,0,0,0,0,0,206.097,2.6276,1,1,26.02
CC(C)c1ccc(S(=O)(=O)[O-])cc1,TOX27523,0,0,0,0,0,0,0,0,0,0,0,0,199.251,1.7141,0,3,57.2
CCCCCCCCCCCC(=O)OCC(C)OC(=O)CCCCC(=O)O,TOX27527,0,0,0,0,0,,,0,0,,0,,386.529,5.0272,1,5,89.9
CCCCCCCCCCCCCCCS(=O)(=O)Oc1ccccc1,TOX27526,0,0,0,0,0,0,0,0,0,0,0,0,368.583,6.4864,0,3,43.37
CC[C@H](C)C(=O)O[C@H]1C[C@H](O)C=C2C=C[C@H](C)[C@H](CC[C@@H](O)C[C@@H](O)CC(=O)[O-])[C@H]21,TOX27525,0,0,0,0,0,0,0,0,0,0,0,0,423.526,1.1057,3,7,127.12
NC[C@H]1O[C@H](O[C@@H]2[C@@H](N)C[C@@H](N)[C@H](O[C@H]3O[C@H](CO)[C@@H](O)[C@H](N)[C@H]3O)[C@H]2O)[C@H](O)[C@@H](O)[C@@H]1O,TOX27524,0,0,0,0,0,0,0,0,0,0,0,0,484.503,-7.2914,11,15,282.61
COc1cc2c(cc1OC)[C@@]13CCN4CC5=CCO[C@H]6CC(=O)N2[C@H]1[C@H]6[C@H]5C[C@H]43,TOX4662,1,0,0,0,0,0,0,0,0,0,0,0,394.471,2.1097,0,5,51.24
c1cc[n+]2c(c1)-c1cccc[n+]1CC2,TOX11248,0,0,0,0,,0,0,1,0,0,0,,184.242,0.9422,0,0,7.76
C[C@H](CCC(=O)O)[C@H]1CC[C@H]2[C@@H]3C(=O)C[C@@H]4CC(=O)CC[C@]4(C)[C@H]3CC(=O)[C@@]21C,TOX2888,0,0,0,,0,0,0,0,0,0,,0,402.531,4.0733,1,4,88.51
COCCOCCOCCOC,TOX6224,0,0,0,0,0,0,0,0,0,0,0,0,178.228,0.3124,0,4,36.92
C[N+](C)(C)CCCCCCCCCC[N+](C)(C)C,TOX2886,0,0,0,0,0,0,0,0,0,0,0,0,258.494,3.5196,0,0,0
C#C[C@]1(O)CC[C@H]2[C@@H]3CCC4=Cc5oncc5C[C@]4(C)[C@H]3CC[C@@]21C,TOX2880,1,1,0,1,1,1,0,,0,1,0,0,337.463,4.221,1,3,46.26
Cc1ccccc1Br,TOX4660,0,0,0,0,0,0,0,0,0,0,0,0,171.037,2.75752,0,0,0
COc1cccc2c1C(=O)c1c(O)c3c(c(O)c1C2=O)C[C@@](O)(C(C)=O)C[C@@H]3O[C@H]1C[C@H](N)[C@H](O)[C@H](C)O1,TOX2883,0,1,,1,1,1,,,1,0,1,1,527.526,1.0289,5,11,185.84
CC(O)CCCCn1c(=O)c2c(ncn2C)n(C)c1=O,TOX26343,0,0,0,0,0,0,0,0,0,0,0,0,280.328,-0.0152,1,7,82.05
Cc1ccc(C(=O)Nc2ccc(S(=O)(=O)O)c3cc(S(=O)(=O)O)cc(S(=O)(=O)O)c23)cc1NC(=O)c1cccc(NC(=O)Nc2cccc(C(=O)Nc3cc(C(=O)Nc4ccc(S(=O)(=O)O)c5cc(S(=O)(=O)O)cc(S(=O)(=O)O)c45)ccc3C)c2)c1,TOX26344,0,0,0,0,0,0,0,0,0,0,,0,1297.302,6.74324,12,17,483.75
CCCCCCOc1ccc(C(=N)N(CCCC)CCCC)c2ccccc12,TOX26837,0,,,,,,,,,,,,382.592,7.02647,1,2,36.32
COc1cc(-c2nc(NC(=O)c3cc4cc(C)cc(C)c4n3CC(=O)O)sc2CCC2CCCCC2)c(OC)cc1Cl,TOX27369,0,,0,,,,,,,1,,,610.176,7.90204,2,7,102.68
COc1cc(C(C)C)c2c(c1)S(=O)(=O)N(COc1cc(=O)n3cccc(OCCN4CCCCC4)c3n1)C2=O,TOX27368,0,1,0,,0,0,0,1,0,0,0,0,556.641,2.8722,0,10,119.75
CCOC(=O)COc1ccc2c(c1)CC(NCC(O)c1cccc(Cl)c1)CC2,TOX27360,0,0,0,,0,0,0,0,0,0,,,403.906,3.4624,2,5,67.79
COc1cccc([C@H](O)C2CCN(CCc3ccc(F)cc3)CC2)c1OC,TOX27363,0,0,0,0,0,0,0,,0,0,0,0,373.468,3.831,1,4,41.93
CN(C)CCC=C1c2ccccc2C(C)(C)c2ccccc21,TOX26835,0,0,0,1,0,,,,0,,,0,291.438,4.7093,0,1,3.24
O=C(N[C@H](c1ccccc1)[C@@H]1CN2CCC1CC2)c1c(Cl)ccc(C(F)(F)F)c1Cl,TOX27364,0,0,0,,,0,,,0,0,,0,457.323,5.8251,1,2,32.34
O=C(Nc1ccc2[nH]ccc2c1)c1cc2cc(F)ccc2n1Cc1cccc(F)c1,TOX27366,0,,,,,,,,0,,1,,401.416,5.7014,2,2,49.82
CNC(=O)Oc1cccc(C(C)C)c1,TOX20324,0,0,0,0,0,0,0,0,0,0,,0,193.246,2.5282,1,2,38.33
O=C(O)CC(O)(CC(=O)O)C(=O)O.Oc1cccc2cccnc12,TOX20326,0,0,0,,0,0,,,0,1,,,337.284,0.6919,5,6,165.25
COC(=O)c1cc(Oc2ccc(Cl)cc2Cl)ccc1[N+](=O)[O-],TOX20320,0,0,,1,,,0,0,0,,,0,342.134,4.4805,0,5,78.67
N[C@@H](CSSC[C@H](N)C(=O)O)C(=O)O,TOX26418,,,,,,,,0,,,,,240.306,-0.8084,4,6,126.64
CCC(=O)Nc1ccc(O)cc1,TOX26419,0,0,0,0,0,0,0,0,0,0,0,0,165.192,1.7407,2,2,49.33
CN(C)CCCN1c2ccccc2Sc2ccccc21,TOX26949,1,0,0,,0,0,0,0,0,0,,0,284.428,4.241,0,3,6.48
CC(=O)N1C[C@H](O)C[C@H]1C(=O)O,TOX26410,1,1,,0,1,,0,0,0,0,0,0,173.168,-0.9473,2,3,77.84
CCC(C)(S(=O)(=O)CC)S(=O)(=O)CC,TOX26411,0,0,0,0,0,0,0,,0,,,0,242.362,0.982,0,4,68.28
C[C@@H](O)[C@H](N)C(=O)O,TOX26412,,,,,,,,0,,0,,,119.12,-1.2209,3,3,83.55
CN1C(=O)/C(=N/NC(N)=S)c2ccccc21,TOX26413,0,0,1,,0,0,1,,0,,1,0,234.284,0.2003,2,3,70.72
CC(=O)Oc1cc(C(C)C)c(OCCN(C)C)cc1C,TOX26946,0,0,0,0,0,0,0,0,0,0,0,0,279.38,2.98412,0,4,38.77
CCN(CC)CCNC(C(=O)OCCC(C)C)c1ccccc1,TOX26415,0,0,0,0,0,0,0,0,0,0,,0,320.477,3.2484,1,4,41.57
CCNC(=O)/C=C/c1cccc(Br)c1,TOX26417,0,,,,,0,0,0,0,0,0,0,254.127,2.5984,1,1,29.1
O=S(=O)(c1ccccc1)c1ccc(Cl)cc1,TOX22259,0,0,0,0,,0,0,,0,0,,0,252.722,3.1728,0,2,34.14
CN(C)c1ccc(SC#N)cc1,TOX22252,0,0,,,1,0,,0,0,1,,,178.26,2.32578,0,3,27.03
Cc1cccc(OCC(O)CNC(C)(C)C)c1C,TOX23848,,,,,,,,0,,0,,,251.37,2.43124,2,3,41.49
OC(c1ccc(Cl)cc1)(c1ccc(Cl)cc1)c1cccnc1,TOX22256,0,0,0,1,,0,,,0,0,1,1,330.214,4.6726,1,2,33.12
CCCCCCCCCCCCCCCC(=O)NCCO,TOX22254,0,0,0,0,0,0,0,0,0,0,0,0,299.499,4.5762,2,2,49.33
CCCCCCC1CCCC(=O)O1,TOX27099,0,,0,0,0,0,,0,0,0,,0,184.279,3.0525,0,2,26.3
CC(CC=O)c1ccccc1,TOX27098,0,0,0,0,0,0,0,0,0,,,0,148.205,2.3791,0,1,17.07
C1CNCCN1,TOX1164,0,0,0,1,1,0,0,0,0,0,0,0,86.138,-0.8208,2,2,24.06
CCOC(=O)CCc1ccccc1,TOX27095,0,0,0,0,0,0,0,0,0,0,0,0,178.231,2.1823,0,2,26.3
CCOC(=O)CC(=O)c1ccccc1,TOX27094,0,0,,0,,0,0,0,0,0,0,0,192.214,1.8225,0,3,43.37
CCCCCC#CC(=O)OC,TOX27093,0,0,0,0,0,0,0,0,0,0,0,0,154.209,1.7431,0,2,26.3
CC/C=C\CC1=C(C)CCC1=O,TOX27092,0,0,0,0,0,0,0,,0,0,,0,164.248,3.0221,0,1,17.07
CCC(=O)OC(C)c1ccccc1,TOX27091,0,0,0,0,0,0,0,0,0,0,0,0,178.231,2.7008,0,2,26.3
Cc1cccc2nccnc12,TOX27090,0,0,0,,,0,0,0,0,0,0,0,144.177,1.93822,0,2,25.78
COc1cccc2c1C(=O)c1c(O)c3c(c(O)c1C2=O)C[C@@](O)(C(=O)CO)CC3OC1CC(N2CCOC(OC)C2)C(O)C(C)O1,TOX31408,,,,,,,,,,0,,,643.642,0.3473,5,14,201.75
C/C=C/C=C/C(=O)O,TOX1277,1,0,0,0,0,0,0,0,0,0,0,0,112.128,1.2033,1,1,37.3
CCN(CC)C(=S)[S-],TOX2956,0,0,0,,0,0,0,1,0,1,0,0,148.276,1.16,0,2,3.24
[O-]c1c(Cl)cc(Cl)cc1Sc1cc(Cl)cc(Cl)c1[O-],TOX1270,0,0,0,,,,,0,0,,1,1,354.041,4.5986,0,3,46.12
Brc1cc(Br)c(Oc2cc(Br)c(Br)cc2Br)cc1Br,TOX10047,0,0,0,0,0,0,0,0,0,0,,0,643.587,8.0539,0,1,9.23
CC(C)NCC(O)c1ccc(NS(C)(=O)=O)cc1,TOX3589,1,0,0,0,0,0,0,0,0,0,0,0,272.37,1.0895,3,4,78.43
CCC(OCCCOC)OC(C)=O,TOX9062,0,0,0,0,0,0,0,0,0,0,0,0,190.239,1.3387,0,4,44.76
Cc1cscn1,TOX7300,0,0,0,0,0,0,0,0,0,0,,0,99.158,1.45152,0,2,12.89
NC1CCCCC1N,TOX7301,0,0,0,0,0,0,0,0,0,0,0,0,114.192,0.215,2,2,52.04
O=C(Cl)c1c(Cl)c(Cl)c(C(=O)Cl)c(Cl)c1Cl,TOX7302,0,0,0,0,0,0,0,0,0,0,0,0,340.804,5.0582,0,2,34.14
C[Sn](C)(Cl)Cl,TOX7304,0,0,0,,0,0,0,1,0,1,0,0,219.687,2.1658,0,0,0
CCCCC(CC)C(=O)Cl,TOX7308,0,0,0,0,0,0,0,0,0,0,0,0,162.66,2.9682,0,1,17.07
CCOCCC(=O)OCC,TOX7309,0,0,0,0,0,0,0,0,0,0,0,0,146.186,0.9761,0,3,35.53
N#Cc1ccc2c(c1)N(CCCN1CCC(O)CC1)c1ccccc1S2,TOX25910,0,0,0,0,0,0,0,,0,,,1,365.502,4.00778,1,5,50.5
CN(N=O)c1ccccc1,TOX1053,0,0,0,0,0,0,0,0,0,0,0,0,136.154,1.8042,0,2,32.67
O=NN1CCOCC1,TOX1056,0,0,0,0,0,0,0,0,0,0,0,0,116.12,0,0,3,41.9
NC(=O)Nc1nc2ccccc2[nH]1,TOX4574,0,0,,,0,0,0,,0,0,,0,176.179,1.0535,3,2,83.8
O=NN1CCNCC1,TOX1059,0,0,0,0,0,0,0,0,0,,0,0,115.136,-0.427,1,3,44.7
OC(CCN1CCCCC1)(c1ccccc1)C1CCCCC1,TOX25802,0,0,0,0,0,0,0,0,0,0,,0,301.474,4.3305,1,2,23.47
COc1cc2c(cc1OC)[C@@H](c1ccccc1)CN(C)CC2,TOX25803,0,0,,0,0,0,0,,0,,,0,297.398,3.3236,0,3,21.7
COc1ccc(CCNC[C@H](O)c2ccc(O)cc2)cc1OC,TOX25800,0,0,,0,0,0,0,,0,,0,0,317.385,2.2751,3,5,70.95
COc1cc2c(cc1OC)-c1c/c(=N\c3c(C)cc(C)cc3C)n(C)c(=O)n1CC2,TOX25806,0,,,,,0,,,,,,,405.498,3.58476,0,6,57.75
Cc1ccc(S(=O)(=O)N[C@@H](CCCCN)C(=O)CCl)cc1,TOX25807,0,1,0,0,,,,0,1,0,,,332.853,1.57882,2,4,89.26
CN(C)CCCN1c2ccccc2Sc2ccc(C(F)(F)F)cc21,TOX25804,0,0,0,,,0,,0,0,0,,1,352.425,5.2598,0,3,6.48
CC(C)(C)NCC(O)c1ccccc1Cl,TOX25805,0,0,,0,0,0,0,0,0,0,0,0,227.735,2.7615,2,2,32.26
CCN(CC)C(=O)N[C@H]1C[C@@H]2c3cccc4[nH]cc(c34)C[C@H]2N(C)C1,TOX25809,0,,1,0,1,0,0,,0,,0,0,340.471,2.9317,2,2,51.37
COC(=O)CC(C)CCC=C(C)C,TOX27408,0,0,0,0,0,0,0,,0,,0,0,184.279,2.932,0,2,26.3
CC1(C)[C@@H](O)CC[C@@]2(C)[C@H]1CC[C@]1(C)[C@@H]2C(=O)C=C2[C@@H]3C[C@@](C)(C(=O)O)CC[C@]3(C)CC[C@]21C,TOX669,0,0,0,0,0,0,0,,0,1,,0,470.694,6.4126,2,3,74.6
O=S1OCCO1,TOX668,0,0,0,0,0,0,0,0,0,0,0,0,108.118,-0.3881,0,3,35.53
OCC(O)CCl,TOX664,0,0,0,0,0,0,0,0,0,0,0,0,110.54,-0.4216,2,2,40.46
COC(C)(C)CCO,TOX24389,0,0,0,0,0,0,0,0,0,0,0,0,118.176,0.7938,1,2,29.46
C[C@]1(O)CC[C@H]2[C@@H]3CCC4=CC(=O)CC[C@]4(C)[C@H]3CC[C@@]21C,TOX13664,1,1,0,0,1,1,0,,0,0,0,1,302.458,4.2693,1,2,37.3
OCC(O)CO,TOX662,0,0,0,0,0,0,0,0,0,0,0,0,92.094,-1.6681,3,3,60.69
O=S(=O)(O)c1ccc(O)c2ncccc12,TOX24317,0,0,0,0,0,0,0,1,0,0,0,0,225.225,1.1871,2,4,87.49
Cc1ccc(S(=O)(=O)O)cc1.O,TOX24316,0,0,,0,0,0,0,0,0,0,0,0,190.22,0.41702,1,2,85.87
Oc1ccc(C(c2ccc(O)cc2)(C(F)(F)F)C(F)(F)F)cc1,TOX17717,0,0,1,,1,1,0,,0,0,1,1,336.231,4.5085,2,2,40.46
COC(OC)(C(=O)c1ccccc1)c1ccccc1,TOX17715,0,0,0,,1,1,0,0,0,0,0,0,256.301,3.0151,0,3,35.53
C[C@@H]1CC[C@H]2C(C)(C)[C@H]3C[C@]21CC[C@@]3(C)O,TOX21269,0,0,0,0,0,0,0,,0,,1,0,222.372,3.6098,1,1,20.23
CC(c1ccc(O)cc1)(c1ccc(O)cc1)c1ccc(O)cc1,TOX17712,0,0,0,,1,,0,1,0,,1,1,306.361,4.1577,3,3,60.69
O=S(=O)(O)O,TOX9683,0,0,0,0,0,0,0,,0,0,,0,98.079,-0.6528,2,2,74.6
O=C(c1ccc(O)c(O)c1)c1ccc(O)cc1O,TOX27950,0,0,1,1,1,1,0,,0,1,1,,246.218,1.74,4,5,97.99
[Fe+2],TOX9688,0,0,0,0,0,0,0,,0,0,0,0,55.845,-0.0025,0,0,0
c1ccc2c(c1)ccc1cc3c(ccc4ccccc43)cc12,TOX409,0,0,1,0,0,1,0,1,1,,0,1,278.354,6.2994,0,0,0
Nc1ccc(O)c(N)c1,TOX401,0,0,0,0,,0,0,0,0,0,1,0,124.143,0.5566,3,3,72.27
Nc1ccc(NC(=O)c2ccc(N)cc2)cc1,TOX400,0,0,0,0,0,0,0,0,0,0,1,0,227.267,2.1033,3,3,81.14
Cc1ccc(N)cc1N,TOX402,0,0,1,0,0,0,0,,0,0,1,0,122.171,1.15942,2,2,52.04
CCOP(=S)(OCC)Oc1cc(C)nc(C(C)C)n1,TOX407,0,0,1,0,0,0,0,0,0,0,0,0,304.352,3.58472,0,6,53.47
CN1C(=O)CN=C(c2ccccc2)c2cc(Cl)ccc21,TOX406,0,0,0,,,0,0,0,1,0,0,0,284.746,3.1538,0,2,32.67
CC(C)(C)C(=O)O,TOX6432,0,0,0,0,0,0,0,0,0,0,,0,102.133,1.1171,1,1,37.3
CC(C)(CO)[N+](=O)[O-],TOX6436,0,0,0,0,1,0,0,0,0,0,0,0,119.12,0.034,1,3,63.37
CCOC(=O)[C@@H](C)Oc1ccc(Oc2nc3ccc(Cl)cc3o2)cc1,TOX14598,0,,0,,0,0,0,,0,0,0,0,361.781,4.6039,0,6,70.79
CCCCCCCCCCCCS,TOX5220,0,0,0,0,0,0,0,0,0,0,0,0,202.407,4.8371,1,1,0
Clc1ccc(COC(Cn2ccnc2)c2ccc(Cl)cc2Cl)cc1,TOX5226,0,,1,1,0,,0,0,0,1,,,381.69,5.8014,0,3,27.05
CSC1=N[C@@](C)(c2ccccc2)C(=O)N1Nc1ccccc1,TOX14590,0,,0,1,,,,1,0,0,1,0,311.41,3.4901,1,4,44.7
CCCCCCCCCCCCc1ccc(O)cc1,TOX2508,0,,0,,1,1,,,0,,1,,262.437,5.8556,1,1,20.23
C[N+]1(C)CCC(OC(=O)C(O)(c2ccccc2)C2CCCC2)C1,TOX3109,0,,0,0,0,0,0,0,0,0,0,0,318.437,2.4563,1,3,46.53
CCC1(c2ccccc2)CCC(=O)NC1=O,TOX3102,,,,,,,,0,,0,,,217.268,1.771,1,2,46.17
CC(C)CN(C[C@@H](OP(=O)([O-])[O-])[C@H](Cc1ccccc1)NC(=O)O[C@H]1CCOC1)S(=O)(=O)c1ccc(N)cc1,TOX26777,0,0,0,0,0,0,0,,0,,0,0,583.6,1.2558,2,10,183.38
N[C@@H](CCC(=O)N[C@@H](CS)C(=O)NCC(=O)O)C(=O)O,TOX3101,0,0,0,0,0,0,0,0,0,0,0,0,307.328,-2.2061,6,6,158.82
OCCN(CCO)c1cccc(Cl)c1,TOX6557,0,0,0,0,0,0,0,0,0,0,0,0,215.68,1.131,2,3,43.7
CCOC(=O)C(Cl)Cc1cc(-n2nc(C)n(C(F)F)c2=O)c(F)cc1Cl,TOX12532,0,0,0,1,,0,0,,0,0,0,0,412.195,3.24302,0,6,66.12
O=C(O)c1cccc(-c2noc(-c3ccccc3F)n2)c1,TOX26776,1,,1,,1,0,0,,1,0,0,0,284.246,3.2409,1,4,76.22
CCOC(=O)C1CC(=O)C(=C(O)C2CC2)C(=O)C1,TOX12535,0,0,0,0,0,0,0,0,0,0,,0,252.266,1.3198,1,5,80.67
CC(C)=CC1C(C(=O)OC(C#N)c2cccc(Oc3ccccc3)c2)C1(C)C,TOX12536,0,0,,0,0,0,0,0,0,0,,0,375.468,5.82518,0,4,59.32
CCCCCCCCCC[N+](C)(C)CCCCCCCCCC,TOX12537,0,,0,,,0,,,0,,,,326.633,7.3442,0,0,0
COc1ccccc1NC(=O)CC(C)=O,TOX6558,0,0,1,0,0,0,0,1,0,0,0,0,207.229,1.6128,1,3,55.4
Cn1cnc2c(=O)nc(N)[nH]c21,TOX29274,0,0,0,0,0,0,0,0,0,0,,0,165.156,-0.7612,2,5,89.59
CC1(C)O[C@@H]2C[C@H]3[C@@H]4CCC5=CC(=O)CC[C@]5(C)[C@@]4(F)[C@@H](O)C[C@]3(C)[C@]2(C(=O)CCl)O1,TOX25375,1,0,,,0,,0,,0,0,,0,454.966,3.8893,1,5,72.83
N=C(N)NC(=N)N1CCOCC1,TOX25376,0,0,0,0,0,0,0,0,0,0,0,0,171.204,-1.26356,4,3,98.22
Cc1cccc(C)c1NC(=O)CN1CCN(CCCC(c2ccc(F)cc2)c2ccc(F)cc2)CC1,TOX25377,0,0,0,0,0,0,,,0,,,0,491.626,5.75004,1,3,35.58
CCOC(=O)[C@@](C)(N)Cc1ccc(O)c(O)c1,TOX25370,0,0,0,,0,0,0,,0,0,0,0,239.271,0.9208,3,5,92.78
CC(=O)[C@H]1CC[C@H]2[C@@H]3C[C@H](C)C4=CC(=O)CC[C@]4(C)[C@H]3[C@@H](O)C[C@]12C,TOX25371,1,1,,,0,,0,0,0,0,0,0,344.495,3.9403,1,3,54.37
CCN(CCCCOC(=O)c1ccc(OC)c(OC)c1)C(C)Cc1ccc(OC)cc1,TOX25372,0,0,0,0,0,0,0,0,0,0,0,0,429.557,4.6025,0,6,57.23
CCCCc1cc2ccccc2c(OCCN(C)C)n1,TOX25373,0,,0,0,0,0,0,0,0,0,,0,272.392,3.5178,0,3,25.36
CCCN(CCc1cccs1)[C@H]1CCc2c(O)cccc2C1,TOX26772,0,,0,,0,0,0,0,0,0,,0,315.482,4.2657,1,3,23.47
CC1=CC(=O)[C@H]2C[C@@H]1C2(C)C,TOX15620,0,0,0,0,0,0,0,0,0,0,,0,150.221,2.1777,0,1,17.07
Nc1c(Cl)c(F)nc(OCC(=O)O)c1Cl,TOX14627,0,0,0,0,0,0,0,0,0,0,0,0,255.032,1.5731,2,4,85.44
CO/N=C(/C1=NOCCO1)c1ccccc1Oc1ncnc(Oc2ccccc2Cl)c1F,TOX14625,0,,0,,,,,1,0,0,1,,458.833,4.5645,0,9,96.65
O=C(NN=Cc1ccc([N+](=O)[O-])o1)c1ccc(O)cc1,TOX25343,,,,,,,,1,,0,,,275.22,1.6573,2,6,117.97
Cc1ccc(C(C)C)c(O)c1,TOX14972,0,0,0,0,0,0,0,0,0,0,1,0,150.221,2.82402,1,1,20.23
O=c1cc[nH]c(=S)[nH]1,TOX1347,0,0,0,0,0,0,0,0,0,0,0,0,128.156,0.43249,2,2,48.65
Nc1ccc(Sc2ccc(N)cc2)cc1,TOX1344,0,0,1,,,1,0,,0,0,0,0,216.309,3.0022,2,3,52.04
CC(=O)OCCOC(C)=O,TOX6880,0,0,0,0,0,0,0,0,0,0,0,0,146.142,0.1126,0,4,52.6
CCCCCCCCCCCCCCCCCC(=O)OCCO,TOX6881,0,0,0,0,1,0,0,,0,,0,0,328.537,5.7834,1,3,46.53
CCCCCCCC,TOX6882,0,0,0,,,,0,0,0,0,0,0,114.232,3.3668,0,0,0
N=C1NC(=N)c2cc3ccccc3cc21,TOX12751,0,1,1,,,,,1,1,1,1,1,195.225,2.09374,3,2,59.73
C1=CCCC=CCC1,TOX6888,0,0,0,0,0,0,0,0,0,0,0,0,108.184,2.6728,0,0,0
CCCCCCCCCCCC(=O)OC,TOX6889,0,0,0,0,0,0,0,0,0,0,0,0,214.349,4.0803,0,2,26.3
Oc1ccc(O)c2c(O)cccc12,TOX12759,0,0,1,0,0,0,0,,0,0,0,0,176.171,1.9566,3,3,60.69
N#C[S-],TOX9619,0,0,0,0,0,0,0,0,0,0,0,0,58.085,0.01438,0,2,23.79
CC(N)=S,TOX1340,0,0,,0,0,0,0,0,0,0,0,0,75.136,0.2924,1,1,26.02
Cc1cc(O)c(C(C)(C)C)cc1Sc1cc(C(C)(C)C)c(O)cc1C,TOX1341,0,,,,,,,,,1,1,,358.547,6.46084,2,3,40.46
COc1ccccc1N1CCNCC1,TOX30037,0,0,0,0,0,0,0,0,0,0,0,0,192.262,1.1048,1,3,24.5
Nc1ccccc1Nc1ccccc1,TOX29271,0,,1,,0,,,1,0,1,,0,184.242,3.0124,2,2,38.05
CCC[N+]1(C)CCCC1,TOX29270,0,0,0,0,0,0,0,0,0,0,0,0,128.239,1.6368,0,0,0
CCCCCCCCCCCCCCCCI,TOX29273,0,0,0,0,0,0,0,0,0,0,0,0,352.344,6.9027,0,0,0
O=[N+]([O-])c1ccc2[nH]ncc2c1,TOX29272,0,0,0,0,0,0,0,0,0,0,,0,163.136,1.4711,1,3,71.82
CCC(C)(C)CC,TOX29275,0,0,0,0,0,0,0,0,0,,0,0,100.205,2.8326,0,0,0
CN1CC(=O)N=C1NC(=O)Nc1cccc(Cl)c1,TOX26770,0,0,1,,1,0,0,0,0,0,1,0,266.688,1.2895,2,3,73.8
CCCC(=O)O[C@]1(C(=O)COC(C)=O)CC[C@H]2[C@@H]3C[C@H](F)C4=CC(=O)C=C[C@]4(C)[C@@]3(F)[C@@H](O)C[C@@]21C,TOX26773,1,1,0,,0,0,0,,0,,,0,508.558,3.5195,1,7,106.97
C=CCCC=C,TOX29279,0,0,0,0,0,0,0,0,0,0,,0,82.146,2.1386,0,0,0
BrCCOc1ccccc1,TOX29278,0,0,0,0,0,0,0,0,0,0,0,0,201.063,2.4603,0,1,9.23
CC(C)CN(C[C@@H](O)[C@H](Cc1ccccc1)NC(=O)O[C@H]1CO[C@H]2OCC[C@@H]12)S(=O)(=O)c1ccc(N)cc1,TOX26779,0,0,0,0,0,0,0,,0,,0,0,547.674,2.3753,3,8,140.42
C[C@]12O[C@H](C[C@]1(O)CO)n1c3ccccc3c3c4c(c5c6ccccc6n2c5c31)CNC4=O,TOX26778,0,,,1,,,,,,,1,1,439.471,3.4744,3,6,88.65
ClC1=C(Cl)[C@]2(Cl)[C@H]3[C@H]([C@H]4C=C[C@H]3C4)[C@@]1(Cl)C2(Cl)Cl,TOX22065,0,0,0,,1,0,0,,0,0,1,0,364.914,5.2702,0,0,0
CC(=O)O[C@@H]1C[C@H]2CC[C@]1(C)C2(C)C,TOX22061,0,0,0,0,0,0,0,0,0,0,0,0,196.29,2.7643,0,2,26.3
CC1(C)[C@@H]2CC[C@@]1(C)[C@H](O)C2,TOX22060,0,0,0,0,0,0,0,0,0,0,0,0,154.253,2.1935,1,1,20.23
COP(N)(=S)Oc1ccccc1C(=O)OC(C)C,TOX22063,0,0,1,0,,0,0,0,0,0,0,0,289.293,2.4602,1,5,70.78
CCC(=O)O[C@@H]1C[C@H]2CC[C@]1(C)C2(C)C,TOX22062,0,0,0,0,0,0,0,0,0,0,0,0,210.317,3.1544,0,2,26.3
CC(C)CCCCCOC(=O)c1ccccc1C(=O)OCCCCCC(C)C,TOX7933,0,0,0,0,0,0,0,0,0,0,0,0,390.564,6.433,0,4,52.6
CCCCCCCCCC(CC)c1ccc(S(=O)(=O)O)cc1.OCCN(CCO)CCO,TOX7932,0,0,0,0,,0,0,0,0,0,0,0,475.692,3.8329,4,6,118.3
CC(C)CC(C)(C)C,TOX4370,0,0,0,0,0,0,0,0,0,0,0,0,114.232,3.0786,0,0,0
CCCSC(=O)N(CCC)CCC,TOX4376,0,0,0,0,0,0,0,0,0,0,0,0,203.351,3.3716,0,2,20.31
O=P(OCC(Br)CBr)(OCC(Br)CBr)OCC(Br)CBr,TOX1413,0,0,0,,0,0,,,0,0,1,,697.613,5.6195,0,4,44.76
COc1c(Cl)ccc(Cl)c1C(=O)O,TOX4018,0,0,0,0,0,0,0,0,0,0,0,0,221.039,2.7002,1,2,46.53
Brc1ccc(Oc2ccc(Br)cc2)cc1,TOX4015,0,0,0,0,0,0,0,0,0,0,1,0,328.003,5.0039,0,1,9.23
ClC(Cl)(Br)Br,TOX4014,0,0,0,0,0,0,0,0,0,0,0,0,242.725,2.8651,0,0,0
Brc1ccc(Br)cc1,TOX4012,0,0,0,0,0,0,0,0,0,0,0,0,235.906,3.2116,0,0,0
OC1CCCCC1c1ccccc1,TOX21446,0,0,0,0,0,0,0,0,0,0,0,0,176.259,2.7051,1,1,20.23
O=S(=O)([O-])c1ccc2ccccc2c1,TOX21442,0,0,1,0,0,0,0,0,0,0,0,0,207.23,1.7439,0,3,57.2
CCC(C)COC(=O)CC(C)C,TOX21440,0,0,0,0,0,0,0,0,0,0,0,0,172.268,2.6218,0,2,26.3
Cc1ccccc1OCC(=O)O,TOX21441,0,0,0,0,0,0,0,0,0,0,0,0,166.176,1.45842,1,2,46.53
CC=CC(=O)CCCC,TOX27134,0,0,0,0,0,0,0,0,0,0,0,0,126.199,2.3218,0,1,17.07
CCCCCC(CC)OC(=O)CCCOc1ccc(Cl)cc1Cl,TOX27427,0,0,0,0,0,0,0,0,0,0,0,0,361.309,6.0545,0,3,35.53
Fc1c(F)c(F)c(Br)c(F)c1F,TOX27136,0,0,0,0,0,0,0,,0,0,0,0,246.96,3.1446,0,0,0
CCCCc1ccc(O)cc1,TOX27425,0,0,0,,0,0,0,,0,,1,0,150.221,2.7348,1,1,20.23
C/C=C(\C)C(=O)OCc1ccccc1,TOX27130,0,0,0,0,0,0,0,0,0,,0,0,190.242,2.696,0,2,26.3
CC(=O)Oc1ccc([N+](=O)[O-])cc1CCl,TOX27423,0,0,,0,0,0,0,0,0,0,1,,229.619,2.2589,0,4,69.44
CSCCCN=C=S,TOX27132,0,0,0,0,0,,,1,,,1,1,147.268,1.8423,0,3,12.36
CC1=NC(C)OC1C,TOX27133,0,0,0,,,0,,1,0,0,0,0,113.16,1.212,0,2,21.59
CC1=NN(c2ccc(C)c(C)c2)C(=O)/C1=N/Nc1cccc(-c2cccc(C(=O)O)c2)c1O,TOX31542,,,,,,,,,,1,,,442.475,4.56484,3,6,114.59
O=C(O)c1ccc(O)nc1,TOX31543,,,,,,,,0,,0,,,139.11,0.4854,2,3,70.42
CN1CCC(N(Cc2ccccc2)c2ccccc2)CC1,TOX31540,,,,,,,,0,,0,,,280.415,3.7874,0,2,6.48
Cc1ccc2ccc(Cl)cc2n1,TOX31541,,,,,,,,0,,0,,,177.634,3.19662,0,1,12.89
CC(C)(C)c1ccccc1,TOX27138,0,0,0,0,0,0,0,0,0,0,0,0,134.222,2.9841,0,0,0
O=C1CCCC=CCCCCCCCCCC1,TOX27139,0,0,0,,0,0,1,0,0,,1,0,236.399,5.1966,0,1,17.07
CCOC(=O)COc1ccc(C)cc1,TOX27428,0,0,0,0,0,0,0,0,0,1,0,0,194.23,1.93692,0,3,35.53
C[C@@H]1C[C@H]2[C@@H]3CCC4=CC(=O)C=C[C@]4(C)[C@@]3(F)[C@@H](O)C[C@]2(C)[C@@]1(O)C(=O)COP(=O)([O-])[O-],TOX27429,1,1,0,,1,0,0,0,0,0,0,0,470.43,0.7487,2,8,147.02
CC(C)(O)C#N,TOX5427,0,0,0,0,0,0,0,0,0,0,0,0,85.106,0.28088,1,2,44.02
NO,TOX5425,0,0,0,0,0,0,0,0,0,0,,0,33.03,-0.6657,2,2,46.25
[NH3+]O.[NH3+]O,TOX5424,0,0,0,0,0,0,0,0,0,0,0,,68.076,-2.765,4,2,95.74
NCCNCCO,TOX5423,0,0,0,0,0,0,0,0,0,0,0,0,104.153,-1.473,3,3,58.28
N#CC(O)c1ccccc1,TOX5422,0,0,0,0,0,0,0,,0,0,0,0,133.15,1.24358,1,2,44.02
O=C(NO)c1ccccc1,TOX5421,0,0,0,,0,0,0,,0,0,0,,137.138,0.8056,2,2,49.33
Oc1ccc2cc(SSc3ccc4cc(O)ccc4c3)ccc2c1,TOX5429,0,0,,,1,1,0,1,0,1,1,0,350.464,6.2036,2,4,40.46
CCCCC(=O)N(Cc1ccc(-c2ccccc2-c2nnn[nH]2)cc1)[C@@H](C(=O)O)C(C)C,TOX3735,0,0,0,0,0,0,0,,0,,0,0,435.528,4.1617,2,5,112.07
CCCC(CCC)C(N)=O,TOX3734,0,0,0,0,0,0,0,,0,,0,0,143.23,1.6881,1,1,43.09
Cl[V](Cl)(C1C=CC=C1)C1C=CC=C1,TOX4616,0,,0,,0,,,1,0,,0,,252.04,4.2769,0,0,0
COc1ccc2[nH]c(SCc3ncc(C)c(OC)c3C)nc2c1,TOX31605,,,,,,,,0,,0,,,329.425,3.88424,1,5,60.03
COC(=O)[C@H]1[C@H]2C[C@@H]3c4[nH]c5cc(OC)ccc5c4CCN3C[C@H]2C[C@@H](OC(=O)/C=C/c2ccc(O)c(OC)c2)[C@@H]1OC,TOX31604,,,,,,,,,,0,,,590.673,4.2591,2,9,119.55
C/C(=C(/OCCOc1ccc(Cl)cc1)c1ccc(Cl)cc1Cl)n1ccnc1,TOX31607,,,,,,,,,,1,,,423.727,6.2846,0,4,36.28
NS(=O)(=O)c1cc(C(=O)NN2C[C@H]3[C@H]4CCC(C4)[C@H]3C2)ccc1Cl,TOX31606,,,,,,,,0,,0,,,369.874,1.6101,2,4,92.5
Clc1ccc(C(Cn2ccnc2)OCc2ccc(Sc3ccccc3)cc2)c(Cl)c1,TOX31601,,,,,,,,,,1,,,455.41,7.2992,0,4,27.05
Nc1ccccc1C(=O)OCC(O)CO,TOX31600,,,,,,,,,,0,,,211.217,-0.2212,3,5,92.78
CCCCCCCCC/C=C\C=C/C=C\C=C/C=C\C(=O)OCC,TOX31603,,,,,,,,,,0,,,330.512,6.4712,0,2,26.3
CN(C)CCN1CCN(c2cccc(Cl)c2)C1=O,TOX31602,,,,,,,,0,,0,,,267.76,2.1436,0,2,26.79
CCCCCCCCCOCC1CO1,TOX9474,,0,0,1,,0,0,0,0,0,0,0,200.322,3.1524,0,2,21.76
CCOC(=O)Oc1ccc(CCNC(=O)[C@H](CCSC)NC(C)=O)cc1OC(=O)OCC,TOX31609,,,,,,,,,,0,,,470.544,2.6737,2,9,129.26
CC(C)NCCCC1(C(N)=O)c2ccccc2-c2ccccc21,TOX31608,,,,,,,,0,,0,,,308.425,3.2166,2,2,55.12
N#CCc1ccccc1[N+](=O)[O-],TOX5768,0,0,1,0,0,0,0,0,0,0,0,0,162.148,1.66088,0,3,66.93
O=[N+]([O-])c1ccc(CCO)cc1,TOX5764,0,0,0,,0,0,0,0,0,0,,0,167.164,1.1296,1,3,63.37
O=[N+]([O-])c1cccc(O)c1,TOX5765,0,0,0,0,1,0,0,1,0,0,1,0,139.11,1.3004,1,3,63.37
Cc1ccc2ccccc2c1[N+](=O)[O-],TOX5761,0,0,0,,0,0,0,0,0,0,0,0,187.198,3.05642,0,2,43.14
O=[N+]([O-])c1ccccc1CCO,TOX5763,0,0,,0,0,0,0,0,0,0,0,0,167.164,1.1296,1,3,63.37
O=C1CCCC(=O)C1,TOX24433,0,0,0,0,,0,0,0,0,0,0,0,112.128,0.6986,0,2,34.14
COc1cc(/C=C/C(=O)CC(=O)/C=C/c2ccc(O)c(OC)c2)ccc1O,TOX1421,0,0,,,1,0,1,1,0,1,1,1,368.385,3.3699,2,6,93.06
CCOC(N)=O,TOX1427,0,0,0,0,0,0,0,0,0,0,0,0,89.094,0.1016,1,2,52.32
NC(N)=O,TOX1426,0,0,0,0,0,0,0,0,0,0,0,0,60.056,-0.9762,2,1,69.11
COc1ccccc1N1CCN(CCCNc2cc(=O)n(C)c(=O)n2C)CC1,TOX25812,0,0,0,0,0,0,0,0,0,0,0,0,387.484,0.7168,1,8,71.74
O=c1cc[nH]c(=O)[nH]1,TOX1424,0,0,0,0,0,0,0,0,0,0,0,0,112.088,-0.9368,2,2,65.72
CCc1ccc(Br)cc1,TOX9218,0,0,,0,,0,0,0,0,0,0,0,185.064,3.0115,0,0,0
CCCC[Sn](Cl)(Cl)Cl,TOX9210,0,0,0,,0,0,0,1,0,0,0,0,282.186,3.4418,0,0,0
O=C(O)c1ccc2cc(C(=O)O)ccc2c1,TOX9211,0,0,0,0,0,0,0,0,0,0,0,0,216.192,2.2362,2,2,74.6
CO/C=C(/C(=O)OC)c1ccccc1Oc1cc(Oc2ccccc2C#N)ncn1,TOX12520,0,0,0,,,0,,1,0,0,,,403.394,4.09318,0,8,103.56
CCCOCC(C)O,TOX9217,1,0,0,0,0,0,0,0,0,0,0,0,118.176,0.7938,1,2,29.46
C=CCOC(=O)C(C)(C)OC(=O)c1cc(-n2c(=O)cc(C(F)(F)F)n(C)c2=O)ccc1Cl,TOX14365,0,0,,0,0,0,0,,0,0,0,0,474.819,2.873,0,8,96.6
CCCCCCC(CO)CCCC,TOX24818,0,0,0,0,0,0,0,0,0,0,0,0,186.339,3.7555,1,1,20.23
O=C([O-])c1cc(C(=O)O)cc(S(=O)(=O)O)c1,TOX24819,0,0,0,0,0,0,0,0,0,0,,0,245.188,-1.005,2,5,131.8
CO/N=C(/C(=O)N[C@@H]1C(=O)N2C(C(=O)[O-])=C(C[n+]3ccn4ncccc43)CS[C@H]12)c1nsc(N)n1,TOX28518,0,0,0,0,0,0,0,0,0,0,0,0,515.537,-2.4899,2,13,184.11
COC(C)CCO,TOX24812,0,0,0,0,0,0,0,0,0,0,,0,104.149,0.4037,1,2,29.46
CO/N=C(/C(=O)N[C@@H]1C(=O)N2C(C(=O)OCOC(=O)C(C)(C)C)=C(C)CS[C@H]12)c1csc(N)n1,TOX28516,0,0,0,0,0,0,0,0,0,0,0,0,511.582,0.8397,2,12,162.51
CN(Cc1ccc(C(C)(C)C)cc1)Cc1cccc2ccccc12,TOX20657,0,0,0,0,0,0,0,0,0,0,0,0,317.476,5.7693,0,1,3.24
CCCC(=O)N1CCCN(c2nc(N)c3cc(OC)c(OC)cc3n2)CC1,TOX28514,0,0,,0,,0,0,,0,,,0,373.457,2.068,1,7,93.81
CC(C)(S)C(=O)N[C@@H](CS)C(=O)O,TOX28513,0,0,0,0,0,0,0,,0,,0,0,223.319,0.194,4,4,66.4
C/C(=C(\CCOC(=O)c1ccccc1)SS/C(CCOC(=O)c1ccccc1)=C(/C)N(C=O)Cc1cnc(C)nc1N)N(C=O)Cc1cnc(C)nc1N,TOX28512,0,0,0,0,,0,0,,0,,0,0,770.938,6.00344,2,14,196.82
CC#CCC(C)[C@H](O)/C=C/[C@@H]1[C@H]2c3cccc(CCCC(=O)[O-])c3O[C@H]2C[C@H]1O,TOX28511,0,0,0,0,1,,0,,0,,,0,397.491,1.9512,2,5,89.82
CCCCOC(=O)CCCCCCCC(=O)OCCCC,TOX24815,0,0,0,0,0,0,0,0,0,0,0,0,300.439,4.4037,0,4,52.6
C=CCBr,TOX4442,0,0,0,,0,0,0,0,0,0,0,0,120.977,1.5673,0,0,0
CCC1(C2=NCCN2)Cc2ccccc2O1,TOX25149,0,,0,0,0,0,0,0,0,0,0,1,216.284,1.772,1,3,33.62
Cc1ccccc1C(=O)Nc1cccc(OC(C)C)c1,TOX17565,0,0,1,0,0,0,0,,0,0,1,0,269.344,4.03452,1,2,38.33
CSc1ccc(C(=O)c2[nH]c(=O)[nH]c2C)cc1,TOX25147,0,0,0,0,,0,0,0,0,0,0,0,248.307,1.96432,2,3,65.72
CN(C)CC/C=C1\c2ccccc2COc2ccccc21,TOX25145,0,0,0,0,0,0,0,0,0,0,,0,279.383,3.9624,0,2,12.47
Cc1cc(N)c2ccccc2[n+]1CCCCCCCCCC[n+]1c(C)cc(N)c2ccccc21,TOX25144,0,0,0,1,,0,0,,0,,0,,456.678,6.17024,2,2,59.8
CN(C)CCOC(=O)COc1ccc(Cl)cc1,TOX25141,0,0,0,0,0,0,0,0,0,0,0,0,257.717,1.8236,0,4,38.77
CN(C(=O)CCCOc1ccc2[nH]c(=O)ccc2c1)C1CCCCC1,TOX25140,0,0,0,0,,0,0,0,1,0,0,0,342.439,3.4782,1,3,62.4
N=C(N)NC(=N)NCCc1ccccc1,TOX1121,0,0,0,0,,0,0,1,0,0,0,0,205.265,0.23654,5,2,97.78
C=CCOC(=O)CCCCCCCC,TOX4447,0,0,0,0,0,0,0,0,0,0,0,0,198.306,3.4662,0,2,26.3
COc1cc([N+](=O)[O-])ccc1N,TOX18700,0,0,0,,0,0,0,0,0,0,0,0,168.152,1.1856,1,4,78.39
C=CCSSCCC,TOX4448,0,0,0,0,0,0,0,,0,0,0,0,148.296,2.9638,0,2,0
C=CCNC(N)=S,TOX4449,0,0,0,0,0,0,0,0,0,0,0,0,116.189,0.0056,2,1,38.05
C[Si](Cl)(c1ccccc1)c1ccccc1,TOX7116,0,0,0,,0,0,0,,0,0,1,0,232.786,2.6149,0,0,0
CC(C)C(O)C(C)(C)CO,TOX7113,0,0,0,0,0,0,0,0,0,0,0,0,146.23,1.0218,2,2,40.46
C[C@]12CC[C@@H]3[C@H]4CCC(=O)C=C4CC[C@H]3[C@@H]1CC[C@@H]2OC(=O)CCc1ccccc1,TOX3353,1,1,0,,1,1,0,,0,0,0,0,406.566,5.6728,0,3,43.37
CCCCCCCCCC(=O)O[C@H]1CC[C@H]2[C@@H]3CCC4=CC(=O)CC[C@@H]4[C@H]3CC[C@]12C,TOX3352,1,1,0,,1,1,0,0,0,0,0,0,428.657,7.1807,0,3,43.37
C[C@]12CC[C@@H]3[C@H]4CCC(=O)C=C4CC[C@H]3[C@@H]1CC[C@@H]2O,TOX3350,1,1,0,0,1,1,0,1,0,0,0,0,274.404,3.4891,1,2,37.3
CCCc1c2oc(C(=O)O)cc(=O)c2cc2c(=O)cc(C(=O)O)n(CC)c12,TOX3356,0,0,0,0,0,0,0,0,0,0,0,0,371.345,2.4767,2,6,126.81
Cl[Nd](Cl)Cl,TOX24760,0,0,0,,0,0,0,,0,0,0,0,250.599,2.0685,0,0,0
CCO[Si](CCC1CCC2OC2C1)(OCC)OCC,TOX24762,0,0,0,0,0,0,0,0,0,0,0,0,288.46,2.9924,0,4,40.22
CCOC(=O)c1ccc(N(C)C)cc1,TOX24763,0,0,1,,1,0,0,0,0,0,0,0,193.246,1.9293,0,3,29.54
CC(C)C(=O)OCCc1ccccc1,TOX24764,0,0,0,0,0,0,0,0,0,0,0,0,192.258,2.4283,0,2,26.3
CC(=O)OCC=Cc1ccccc1,TOX24765,0,0,0,0,0,0,0,0,0,0,0,0,176.215,2.2629,0,2,26.3
OCCc1ccccn1,TOX24767,0,0,0,0,0,0,0,0,0,0,,0,123.155,0.6164,1,2,33.12
CCNc1cccc(C)c1,TOX1848,0,0,0,0,0,0,0,0,0,0,0,0,135.21,2.42682,1,1,12.03
c1ccc(Oc2ccccc2)cc1,TOX1847,0,0,0,0,0,0,0,0,0,0,0,0,170.211,3.4789,0,1,9.23
CNc1ccccc1,TOX1841,0,0,0,0,0,0,0,0,0,0,0,0,107.156,1.7283,1,1,12.03
N#Cc1ccccn1,TOX1843,0,0,0,0,0,0,0,0,0,0,0,0,104.112,0.95328,0,2,36.68
ON=C1CCCCC1,TOX1842,0,0,0,0,0,0,0,0,0,0,0,0,113.16,1.7807,1,2,32.59
O=C(O)c1ccccc1C(=O)OCc1ccccc1,TOX23938,0,0,,,0,0,,0,0,0,0,0,256.257,2.7418,1,3,63.6
COc1ccccc1NC(=O)c1cc2ccccc2cc1O,TOX18877,0,0,1,1,,0,,,0,,,,293.322,3.8063,2,3,58.56
O=C(Oc1ccccc1)c1ccc2ccccc2c1O,TOX18876,0,0,,,,0,0,0,1,0,,0,264.28,3.7646,1,3,46.53
COc1ccc(C(=O)c2ccc(OC)cc2O)c(O)c1,TOX18875,,0,1,,1,1,0,0,0,0,1,,274.272,2.346,2,5,75.99
CC(C)CCCCCOC(=O)CCCCC(=O)OCCCCCC(C)C,TOX7388,0,0,0,0,0,0,0,,0,0,0,0,370.574,6.066,0,4,52.6
O=[N+]([O-])c1ccc(Oc2ccc([N+](=O)[O-])cc2)cc1,TOX6676,0,0,0,0,0,0,0,0,0,0,,0,260.205,3.2953,0,5,95.51
COc1ccc(OC)c(OC)c1,TOX15163,0,0,0,0,,0,0,,0,0,0,0,168.192,1.7124,0,3,27.69
CC(=O)/C=C/C1C(C)=CCCC1(C)C,TOX15160,0,0,0,0,,0,0,0,0,0,0,0,192.302,3.5141,0,1,17.07
O=c1ccc2ccccc2o1,TOX348,0,0,0,0,1,0,0,0,0,0,0,0,146.145,1.793,0,2,30.21
COc1ccc(N)c(C)c1,TOX349,0,0,0,0,,0,0,0,0,0,0,0,137.182,1.58582,1,2,35.25
CN[C@H]1CCc2cc(OC)c(OC)c(OC)c2-c2ccc(OC)c(=O)cc21,TOX342,0,,,0,0,,,,1,,1,1,371.433,2.9549,1,6,66.02
CC(=O)OCCC(C)CC(C)(C)C,TOX21270,0,0,0,0,0,0,0,0,0,0,0,0,186.295,3.0119,0,2,26.3
[Co+2],TOX340,0,0,0,0,0,0,0,1,0,0,0,0,58.933,-0.0025,0,0,0
COc1ccc2c3c1O[C@H]1[C@@H](O)C=C[C@H]4[C@@H](C2)N(C)CC[C@]314,TOX341,1,0,0,0,0,0,0,1,0,1,0,0,299.37,1.5011,1,4,41.93
CCCCCCCCCCCC(=O)OCC(O)CO,TOX21275,0,0,0,0,0,0,0,0,0,0,0,0,274.401,2.8037,2,4,66.76
CCOP(=S)(OCC)Oc1ccc2c(C)c(Cl)c(=O)oc2c1,TOX347,0,0,1,0,0,0,0,0,0,0,0,0,362.771,4.43112,0,6,57.9
CCCc1c(OCCCCc2nnn[nH]2)ccc(C(C)=O)c1O,TOX344,0,,0,,0,0,1,0,0,0,1,1,318.377,2.4621,2,6,100.99
CN(C)C(=S)[S-].CN(C)C(=S)[S-].[Cu+2],TOX345,0,,,,,1,,,1,1,,0,303.99,0.7571,0,4,6.48
CCCC[n+]1cccc(C)c1,TOX29113,0,0,0,0,0,0,0,1,0,0,0,0,150.245,2.08262,0,0,3.88
O=C1c2ccccc2C(=O)c2cc(Cl)ccc21,TOX29069,0,0,1,0,,0,0,0,0,0,0,0,242.661,3.1154,0,2,34.14
Cc1nc2ccccc2s1,TOX29064,0,0,0,0,0,0,0,0,0,0,0,0,149.218,2.60472,0,2,12.89
N#Cc1c2ccccc2cc2ccccc12,TOX29065,0,,,,,,,,0,,1,1,203.244,3.86468,0,1,23.79
O=CC=C(c1ccccc1)c1ccccc1,TOX29066,0,0,,,0,0,,1,0,,1,,208.26,3.3172,0,1,17.07
O=C(/C=C/c1ccc([N+](=O)[O-])cc1)c1ccccc1,TOX29067,0,,0,,0,,0,0,1,,,,253.257,3.4909,0,3,60.21
CCC1(c2cnc[nH]2)Cc2ccccc2C1,TOX29061,0,,1,0,0,0,0,0,0,,,0,212.296,2.8563,1,1,28.68
CCCn1cc[n+](C)c1,TOX29063,0,0,0,0,0,0,0,0,0,0,0,0,125.195,0.7226,0,1,8.81
COc1ccc2c3c1O[C@H]1C[C@@H](O)C=C[C@@]31CCN(C)C2,TOX25606,0,0,1,0,0,0,0,,0,,0,0,287.359,1.8503,1,4,41.93
CCCCC=O,TOX1653,0,0,0,0,0,0,0,0,0,0,0,0,86.134,1.3755,0,1,17.07
O=C(O)CCCC(=O)O,TOX1654,0,0,0,0,0,0,0,0,0,0,0,0,132.115,0.3259,2,2,74.6
CCCCCCC[N+](CC)(CC)CCCCc1ccc(Cl)cc1,TOX25601,0,0,0,1,,0,0,,,0,0,0,338.987,6.4897,0,0,0
CCN1CCCC1CNC(=O)c1cc(S(N)(=O)=O)ccc1OC,TOX22574,0,0,,0,0,0,0,0,0,0,,0,341.433,0.5567,2,5,101.73
O=C1OC2(c3cc(Br)c(O)c(Br)c3Oc3c2cc(Br)c(O)c3Br)c2c(Cl)c(Cl)c(Cl)c(Cl)c21,TOX11089,0,0,,,0,0,,0,0,1,,,785.675,9.3294,2,5,75.99
C[C@]12CC[C@H]3[C@@H](C=CC4=CC(=O)CC[C@@]43C)[C@@H]1CC[C@@]2(O)CCC(=O)[O-],TOX25602,1,1,0,0,0,0,0,,0,,0,0,357.47,2.5555,1,4,77.43
CC(C)CCCCCCCOC(=O)c1ccccc1C(=O)OCCCCCCCC(C)C,TOX8666,0,0,0,0,0,0,0,0,0,0,0,0,446.672,7.9934,0,4,52.6
CC(=O)c1ccc(C(C)=O)cc1,TOX1657,0,0,0,0,,0,0,0,0,0,0,0,162.188,2.0918,0,2,34.14
CCCCCCCCCOC(=O)c1ccccc1C(=O)OCCCCCCCCC,TOX8663,0,0,0,0,0,0,0,0,0,0,0,0,418.618,7.5014,0,4,52.6
CN(C)c1ccncc1,TOX24369,0,0,0,0,0,0,0,0,0,0,0,0,122.171,1.1476,0,2,16.13
Fc1ccc(C(OCCN2CCN(CCCc3ccccc3)CC2)c2ccc(F)cc2)cc1,TOX22570,0,,0,,,0,,,,,,,450.573,5.3212,0,3,15.71
CCc1nn(C)c(C(=O)NCc2ccc(C(C)(C)C)cc2)c1Cl,TOX14223,0,,0,,,,,1,0,1,,,333.863,3.8634,1,3,46.92
O=C(c1ccc(Cl)cc1)c1ccc(Cl)cc1,TOX17626,0,0,0,0,0,0,0,0,0,0,0,0,251.112,4.2244,0,1,17.07
C#C[C@]1(O)CC[C@H]2[C@@H]3CCc4cc(OC)ccc4[C@H]3CC[C@@]21C,TOX814,0,0,0,0,1,1,0,1,0,0,0,0,310.437,3.9156,1,2,29.46
C=C(C#N)C(=O)OCC,TOX5279,0,0,0,,0,0,0,0,1,0,0,0,125.127,0.62928,0,3,50.09
Cc1c(-c2cccnc2)c2ccccc2n1CCCCC(=O)O,TOX27309,0,0,1,,0,0,0,0,0,0,,0,308.381,4.26662,1,3,55.12
O=C(O)C1(c2ccc3c(c2)OC[C@H](Cc2ccc(-c4ccccc4)cc2)[C@H]3O)CCCC1,TOX27308,0,0,0,0,,,,1,0,,0,,428.528,5.5347,2,3,66.76
Cc1oc(-c2ccccc2)nc1CCOc1cccc2c1ccn2CCC(=O)O,TOX27307,0,0,0,,0,0,1,1,0,0,,,390.439,4.70092,1,5,77.49
Cc1cc(NC(=O)C(=O)O)cc(C)c1Oc1ccc(O)c2c1CCC2,TOX27306,0,0,,,1,0,0,0,0,0,0,0,341.363,3.31314,3,4,95.86
CNC(=O)[C@H]1O[C@@H](n2cnc3c(NCc4cc(Cl)ccc4OCc4cc(C)no4)ncnc32)[C@H](O)[C@@H]1N,TOX27305,0,0,0,0,0,0,0,0,0,0,0,0,528.957,1.29882,4,12,175.47
NC(=O)N1C(=O)C(C(=O)c2cc(Cl)cs2)c2cc(F)c(Cl)cc21,TOX27304,0,,1,,,0,,,0,,,1,373.192,3.5858,1,4,80.47
NC(=O)N(O)[C@@H]1C=C[C@H](Oc2cccc(Oc3ccc(F)cc3)c2)C1,TOX27303,0,0,,,1,0,,1,0,0,0,0,344.342,3.4638,2,4,85.02
O=C1NC(=O)C(c2ccccc2)(c2ccccc2)N1,TOX541,0,0,0,0,0,0,0,0,0,0,0,0,252.273,1.7696,2,2,58.2
CO[C@H]1O[C@@H]2O[C@]3(C)CC[C@H]4[C@H](C)CC[C@@H]([C@H]1C)C42OO3,TOX20651,0,0,0,0,0,0,0,,0,,0,0,298.379,2.8408,0,5,46.15
C[C@@H]1CC[C@H]2[C@@H](C)C(=O)O[C@@H]3O[C@]4(C)CC[C@@H]1C32OO4,TOX20652,,,,,,,,,,0,,,282.336,2.3949,0,5,53.99
O=C(O)CCNC(=O)c1ccc(/N=N/c2ccc(O)c(C(=O)O)c2)cc1,TOX20653,0,0,0,0,0,0,0,0,0,0,,0,357.322,2.7103,4,6,148.65
CC(C)C(Br)C(=O)NC(N)=O,TOX20656,0,0,0,0,0,0,0,1,0,0,0,0,223.07,0.6008,2,2,72.19
CN1CCC[C@H]1c1cccnc1,TOX930,0,0,0,0,0,0,0,0,0,0,0,0,162.236,1.8483,0,2,16.13
Cc1c(N(C)CS(=O)(=O)[O-])c(=O)n(-c2ccccc2)n1C,TOX543,0,0,0,0,1,0,0,0,0,0,0,0,310.355,0.42332,0,7,87.37
O=CCc1ccccc1,TOX1483,0,0,0,0,0,0,0,,0,0,1,0,120.151,1.428,0,1,17.07
C/C(=C\C(=O)OCCCCCCCCC(=O)O)C[C@@H]1OC[C@H](C[C@@H]2O[C@H]2[C@@H](C)[C@H](C)O)[C@@H](O)[C@H]1O,TOX26438,0,0,0,0,0,0,0,,0,,0,0,500.629,2.5925,4,8,146.05
CCN(CC)C(=O)/C(C#N)=C/c1cc(O)c(O)c([N+](=O)[O-])c1,TOX26439,0,,0,0,0,0,0,1,0,1,,,305.29,1.78138,2,6,127.7
Nc1nc(Cl)nc2c1ncn2[C@@H]1O[C@H](CO)[C@@H](O)[C@@H]1F,TOX26437,0,0,0,1,0,0,,1,,0,0,1,303.681,-0.3494,3,8,119.31
O=C(CS(=O)Cc1ccco1)NC/C=C\COc1cc(CN2CCCCC2)ccn1,TOX26434,0,0,0,0,0,0,0,0,0,0,0,0,431.558,2.6606,1,6,84.67
C[C@@H](O)[C@H]1C(=O)N2C(C(=O)[O-])=C(SC3Cn4cnc[n+]4C3)[C@H](C)[C@H]12,TOX26435,0,1,0,0,0,0,0,,0,,0,0,350.4,-1.895,1,7,102.37
CN1C[C@@H]2C[C@H]1CN2c1cc2c(cc1F)c(=O)c(C(=O)O)cn2C1CC1,TOX26432,0,0,0,,0,0,0,0,0,0,,0,357.385,2.0664,1,5,65.78
CN(CCOc1ccc(NS(C)(=O)=O)cc1)CCc1ccc(NS(C)(=O)=O)cc1,TOX26433,1,0,0,,0,0,0,0,0,0,,0,441.575,1.9829,2,6,104.81
C[C@@H](O)[C@H]1C(=O)N2C(C(=O)O)=C([C@H]3CCCO3)S[C@H]12,TOX26430,0,0,0,0,0,0,0,,0,0,0,0,285.321,0.3737,2,5,87.07
C=C(C)C1CC=C(C)C(=O)C1,TOX27426,0,0,0,0,0,0,0,0,0,0,0,0,150.221,2.4879,0,1,17.07
Cc1ccccc1S,TOX27135,0,0,0,0,0,0,0,0,0,,0,0,124.208,2.28372,1,1,0
O=C1CCCCC1C1CCCCC1,TOX27424,0,0,0,0,0,0,0,0,0,0,0,0,180.291,3.326,0,1,17.07
C[C@H]1C[C@H]2[C@@H]3CCC4=CC(=O)C=C[C@]4(C)[C@@]3(F)[C@@H](O)C[C@]2(C)[C@@]1(O)C(=O)COP(=O)([O-])[O-],TOX27137,1,1,,,0,0,0,0,0,0,0,0,470.43,0.7487,2,8,147.02
CCC(=O)C1CC(C(C)C)CC=C1C,TOX27422,0,0,0,0,0,0,0,0,0,0,0,0,194.318,3.594,0,1,17.07
CC(C)=CCOC(=O)c1ccccc1,TOX27131,0,0,0,0,0,0,0,0,0,0,,0,190.242,2.8096,0,2,26.3
COc1cc(CCC(C)=O)ccc1O,TOX27420,0,0,0,0,0,0,0,0,0,0,0,0,194.23,1.9224,1,3,46.53
OC[C@H](O)[C@@H](O)[C@@H](O)[C@H](O)CO,TOX26051,0,0,0,0,0,0,0,0,0,0,0,0,182.172,-3.5854,6,6,121.38
N[C@H](C(=O)O)c1ccc(O)cc1,TOX26403,,,,,,,,0,,0,,,167.164,0.4766,3,3,83.55
COC1=C(OC)C(=O)C(C/C=C(\C)CC/C=C(\C)CC/C=C(\C)CC/C=C(\C)CC/C=C(\C)CC/C=C(\C)CC/C=C(\C)CC/C=C(\C)CC/C=C(\C)CCC=C(C)C)=C(C)C1=O,TOX26054,0,0,0,0,0,0,0,,0,,0,0,863.365,17.8539,0,4,52.6
CCN(CC)CCOc1ccc(C(O)(Cc2ccc(Cl)cc2)c2ccc(C)cc2)cc1,TOX26507,0,0,,,,0,,,,,,,438.011,5.84762,1,3,32.7
O=C(O)c1ccc(O)c(O)c1,TOX1212,0,0,0,0,0,0,0,0,0,0,0,0,154.121,0.796,3,3,77.76
O=C1c2ccccc2C(=O)c2c(O)c(O)cc(O)c21,TOX1214,0,,1,,,0,0,1,0,0,1,0,256.213,1.5788,3,5,94.83
CCCCn1cc[n+](C)c1.O=S(=O)([O-])C(F)(F)F,TOX29088,0,0,0,0,0,0,0,,0,0,0,0,288.291,1.1641,0,4,66.01
CCc1nc(N)nc(N)c1-c1ccc(Cl)cc1,TOX1217,1,1,0,0,,0,,1,0,0,0,,248.717,2.5238,2,4,77.82
O=c1c(O)c(-c2ccc(O)c(O)c2)oc2cc(O)cc(O)c12,TOX1219,0,0,1,0,1,1,0,1,0,0,1,1,302.238,1.988,5,7,131.36
NC(=O)C1(N2CCCCC2)CCN(CCCC(=O)c2ccc(F)cc2)CC1,TOX26505,,,,,,,,0,,0,,,375.488,2.5944,1,4,66.64
Cc1cccc(N(C)C(=S)Oc2ccc3c(c2)C2CCC3C2)c1,TOX31547,,,,,,,,,,0,,,323.461,5.15982,0,2,12.47
O=C(CCCl)NCc1ccccc1,TOX31544,,,,,,,,0,,0,,,197.665,1.9317,1,1,29.1
COc1ccc(/C=C/C(=O)O)cc1,TOX26059,0,0,0,0,0,0,0,,0,,0,0,178.187,1.793,1,2,46.53
CC(C)CCCC(C)NCCC(C)C,TOX31545,,,,,,,,0,,0,,,199.382,3.8369,1,1,12.03
CCCCCCCCCCn1cc[n+](C)c1,TOX29084,0,,0,1,,,,1,0,0,1,,223.384,3.4533,0,1,8.81
O=S(=O)([O-])CO,TOX7328,0,0,0,0,0,0,0,0,0,0,0,0,111.098,-1.5186,1,4,77.43
C=CCCCCCCCC,TOX7329,0,0,0,0,0,0,0,0,0,0,,0,140.27,3.923,0,0,0
O=C1CCCCCCCCCCC1,TOX7322,0,0,0,0,0,0,0,1,0,0,0,0,182.307,3.8602,0,1,17.07
O=[N+]([O-])c1ccc(Nc2ccccc2)cc1,TOX7323,0,0,0,,,0,0,0,0,0,1,,214.224,3.3384,1,3,55.17
O=[N+]([O-])c1ccc([O-])cc1,TOX7320,0,0,0,,0,0,0,0,0,0,1,0,138.102,0.6684,0,3,66.2
O=S(=O)([O-])c1ccc(O)cc1,TOX7321,0,0,0,0,0,0,0,,0,0,0,0,173.169,0.2963,1,4,77.43
c1cc(N(CC2CO2)CC2CO2)ccc1Cc1ccc(N(CC2CO2)CC2CO2)cc1,TOX22248,0,,0,,,,,1,1,1,,1,422.525,2.4854,0,6,56.6
CC(=O)Nc1ccc(S(N)(=O)=O)cc1,TOX21529,0,0,0,0,0,0,0,0,0,0,0,0,214.246,0.2924,2,3,89.26
O=C(OCc1ccccc1)c1ccccc1O,TOX4598,0,0,0,0,1,0,0,0,0,0,,0,228.247,2.7492,1,3,46.53
c1ccc(CSCc2ccccc2)cc1,TOX4599,0,0,0,0,1,0,0,,0,0,,0,214.333,4.12,0,1,0
O=C(Cc1ccccc1)OCc1ccccc1,TOX4597,0,0,0,0,0,0,0,0,0,0,,0,226.275,2.9725,0,2,26.3
CC(=O)C(Cl)C(=O)N(C)C,TOX24489,0,0,0,0,0,0,0,,0,0,0,0,163.604,0.271,0,2,37.38
N#CC1(N)CCCCC1,TOX24488,0,0,0,0,0,0,0,0,0,0,0,0,124.187,1.17158,1,2,49.81
O=C1CCCCCN1SSN1CCCCCC1=O,TOX24481,0,0,0,,0,0,0,0,0,1,,0,288.438,3.003,0,4,40.62
CCOC(=O)NNc1ccc(N(CC)CC(C)O)nn1,TOX28651,0,0,0,0,0,0,0,0,0,0,0,0,283.332,0.7567,3,7,99.61
COCCc1ccc(OCC(O)CNC(C)C)cc1.COCCc1ccc(OCC(O)CNC(C)C)cc1.O=C(O)CCC(=O)O,TOX28652,1,0,0,,0,0,0,,0,,0,0,652.826,3.1622,6,10,176.04
S=C(SSC(=S)N1CCCCC1)N1CCCCC1,TOX28653,0,,,,,1,0,,1,,0,0,320.574,3.9094,0,4,6.48
COC(=O)CC#N,TOX13649,0,0,0,0,0,0,0,0,0,0,0,0,99.089,0.07308,0,3,50.09
CC(C)CCCCCCN,TOX24484,0,0,0,0,0,0,0,0,0,0,0,0,143.274,2.5516,1,1,26.02
CCC(=O)OCC(=O)[C@@]1(OC(=O)CC)[C@@H](C)C[C@H]2[C@@H]3CCC4=CC(=O)C=C[C@]4(C)[C@@]3(Cl)[C@@H](O)C[C@@]21C,TOX28656,1,1,,,0,,,,0,,1,0,521.05,4.0868,1,7,106.97
CC(C)NC(=O)NC(C)C,TOX24486,0,0,0,0,0,0,0,0,0,0,0,0,144.218,1.1024,2,1,41.13
CCCCCCCCCCCCCCC(Br)C(=O)O,TOX17734,0,0,0,0,0,,1,,0,,1,,335.326,5.9257,1,1,37.3
C=CCOCC(O)CO,TOX24375,0,0,0,0,0,0,0,0,0,0,0,0,132.159,-0.4578,2,3,49.69
CC(=O)c1ccc(C)cc1,TOX24374,0,0,0,0,0,0,0,0,0,0,0,0,134.178,2.19762,0,1,17.07
O=C(O)c1cc(O)c2ccccc2c1O,TOX17730,0,0,1,,,0,,1,0,,,,204.181,1.9492,3,3,77.76
O=S(=O)(O)CCCN1CCOCC1,TOX24371,0,0,0,0,0,0,0,0,0,0,0,0,209.267,-0.4035,1,4,66.84
CCCCNc1ccccc1,TOX24370,0,0,0,0,0,0,0,0,0,0,0,0,149.237,2.8986,1,1,12.03
FC(F)(F)c1ccc(Cl)cc1Cl,TOX27935,0,0,0,,0,0,0,0,0,0,0,0,215.001,4.0122,0,0,0
Oc1ccc(Sc2ccc(O)cc2)cc1,TOX27936,0,0,0,0,1,1,,1,0,0,1,,218.277,3.249,2,3,40.46
O=C(c1ccc(O)cc1)c1ccc(Cl)cc1,TOX27937,0,,,,1,1,0,1,0,0,,0,232.666,3.2766,1,2,37.3
Oc1ccc(Nc2ccccc2)cc1,TOX17739,0,0,,0,1,1,,,0,0,1,,185.226,3.1358,2,2,32.26
C=CC(=O)OCCCCCCCC(C)C,TOX7386,0,0,0,0,0,0,0,0,0,0,0,0,212.333,3.7122,0,2,26.3
O=C(c1ccc(O)cc1)c1ccc(O)c(O)c1O,TOX27932,0,0,1,0,1,1,0,,,0,1,0,246.218,1.74,4,5,97.99
CCCCC(CC)COC(=O)CC#N,TOX24378,0,0,0,0,0,0,0,0,0,0,0,0,197.278,2.65968,0,3,50.09
O=C(Nc1ccc(Br)cc1)c1cc(Br)cc(Br)c1O,TOX6181,0,0,1,0,,0,,,0,1,1,1,449.924,4.932,2,2,49.33
CCCCN(CCCC)CCCC,TOX6183,0,0,0,0,0,0,0,0,0,0,0,0,185.355,3.6887,0,1,3.24
Cc1cc(O)c(C)c(C)c1O,TOX31018,,,,,,,,,,0,,,152.193,2.02306,2,2,40.46
CC1=C(C(=O)O)N2C(=O)[C@@H](NC(=O)[C@H](N)c3ccc(O)cc3)[C@H]2SC1,TOX2749,,,,,,,,1,,0,,,363.395,0.1505,4,6,132.96
N[C@@H](C(=O)N[C@@H]1C(=O)N2C(C(=O)O)=C(Cl)CS[C@H]12)c1ccccc1,TOX2748,0,0,,0,0,0,0,0,0,0,0,0,367.814,0.6213,3,5,112.73
O=NN(CCCl)C(=O)NCCCl,TOX2743,0,0,0,0,0,0,0,1,0,0,0,,214.052,1.157,1,3,61.77
CC(=O)[C@]1(O)Cc2c(O)c3c(c(O)c2[C@@H](O[C@H]2C[C@H](N)[C@H](O)[C@H](C)O2)C1)C(=O)c1c(O)cccc1C3=O,TOX2742,0,1,,1,,1,,,1,,1,1,513.499,0.7259,6,11,196.84
CCCCNC(=O)NS(=O)(=O)c1ccc(N)cc1,TOX2741,0,0,0,0,0,0,0,0,0,0,0,0,271.342,1.0568,3,4,101.29
CC1(c2ccccc2)OC(C(=O)O)=CC1=O,TOX25685,0,0,0,0,0,0,0,0,0,0,0,0,218.208,1.4696,1,3,63.6
COc1cc(N)c(Cl)cc1C(=O)NC1CN2CCC1CC2,TOX25686,0,0,0,0,0,0,,0,0,0,0,0,309.797,1.7548,2,4,67.59
CCN1CCC[C@H]1CNC(=O)c1c(O)c(Cl)cc(Cl)c1OC,TOX25687,0,0,0,0,0,0,0,0,0,0,0,0,347.242,2.9217,2,4,61.8
CN(C(=O)c1c(O)c2ccccc2n(C)c1=O)c1ccccc1,TOX25680,0,0,0,0,0,0,0,0,0,0,0,0,308.337,2.5207,1,4,62.54
C[C@H]1CN(CCCn2c3ccccc3c3ccccc32)C[C@@H](C)N1,TOX25681,,,,,,,,,,0,,,321.468,3.8668,1,3,20.2
CC(N/C(=N\C#N)Nc1ccncc1)C(C)(C)C,TOX25682,0,0,0,,0,0,0,0,0,0,0,0,245.33,2.35478,2,3,73.1
CC(Cc1ccccc1)(NC(=O)CN)c1ccccc1,TOX25683,0,0,0,0,0,0,0,0,0,0,,0,268.36,2.2194,2,2,55.12
CCO[Si](OCC)(OCC)OCC,TOX6450,0,0,0,0,0,0,0,0,0,0,,0,208.33,1.568,0,4,36.92
O=C1c2ccccc2S(=O)(=O)N1CCCCN1CCN(c2ncccn2)CC1,TOX25688,0,0,0,0,0,0,0,0,0,0,0,0,401.492,1.2235,0,7,86.71
O=C(O)CC/C=C\CC[C@H]1[C@@H](OCc2ccc(-c3ccccc3)cc2)C[C@H](O)[C@@H]1N1CCCCC1,TOX25689,0,0,0,0,0,0,0,,0,,,0,477.645,5.6753,2,4,70
O=Cc1ccco1,TOX647,1,0,0,0,0,0,0,0,0,0,0,0,96.085,1.0921,0,2,30.21
c1ccoc1,TOX646,0,0,0,0,,0,0,0,0,0,0,0,68.075,1.2796,0,1,13.14
CCCCCCCCCCCCC1CO1,TOX5249,0,0,0,0,0,0,0,0,0,0,0,0,212.377,4.6962,0,1,12.53
COc1ccccc1O,TOX3113,0,0,0,0,0,0,0,0,0,0,0,0,124.139,1.4008,1,2,29.46
Cc1ccccc1-n1c(CF)nc2ccc(N)cc2c1=O,TOX2562,1,0,1,0,1,1,0,,0,,0,0,283.306,2.74582,1,4,60.91
C=CC1CO1,TOX5240,0,0,0,0,0,0,0,0,0,0,0,0,70.091,0.5712,0,1,12.53
C=CCN1C(=O)C(CC(C)C)NC1=S,TOX2565,0,0,0,0,0,0,0,,0,,0,0,212.318,1.3038,1,2,32.34
NS(=O)(=O)c1cc(C(=O)O)c(NCc2ccco2)cc1Cl,TOX648,0,0,0,0,1,0,0,0,0,0,0,0,330.749,1.8907,3,5,122.63
CCCCC1=NC2(CCCC2)C(=O)N1Cc1ccc(-c2ccccc2-c2nnn[nH]2)cc1,TOX3169,0,0,0,0,0,0,1,0,0,0,,0,428.54,4.7774,1,5,87.13
CC(C)CC(C)N,TOX5113,0,0,0,0,0,0,0,0,0,0,0,0,101.193,1.3797,1,1,26.02
COCC(=O)Nc1c(I)c(C(=O)NCC(O)CO)c(I)c(C(=O)N(C)CC(O)CO)c1I,TOX3163,,,,,,,,0,,0,,,791.115,-0.4065,6,8,168.66
CNC(=O)c1c(I)c(C(=O)NCC(=O)Nc2c(I)c(C(=O)O)c(I)c(C(=O)NCCO)c2I)c(I)c(N(C)C(C)=O)c1I,TOX3166,0,0,0,0,0,0,0,,0,,0,0,1268.883,3.4453,6,7,194.24
CCCCCCCCSCCO,TOX12516,0,0,0,0,0,0,0,0,0,0,,0,190.352,3.0724,1,2,20.23
CN[C@H]1[C@@H](O)[C@@H](NC)[C@H](O)[C@H]2O[C@@H]3O[C@H](C)CC(=O)[C@]3(O)O[C@H]12,TOX25429,0,0,0,0,0,0,0,0,0,0,0,0,332.353,-2.9256,5,9,129.51
O=Cc1ccccc1C=O,TOX12514,0,1,0,,1,0,,0,1,0,1,1,134.134,1.3116,0,2,34.14
CN1CCCC(CC2c3ccccc3Sc3ccccc32)C1,TOX25359,0,0,0,0,0,0,,,0,0,,0,309.478,5.015,0,2,3.24
Cc1cc(C)n(CO)n1,TOX12513,0,0,0,0,0,0,0,0,0,0,0,0,126.159,0.44974,1,3,38.05
O=c1oc(=O)c2cc3c(=O)oc(=O)c3cc12,TOX6536,0,0,0,0,0,0,0,1,0,0,0,0,218.12,-0.5046,0,6,94.56
CCN1CN(CC)CN(CC)C1,TOX12511,0,0,0,0,0,0,0,0,0,0,0,0,171.288,0.8382,0,3,9.72
Cc1ncc([N+](=O)[O-])n1CC(O)CCl,TOX25420,0,0,0,0,0,0,0,0,0,0,0,,219.628,0.69942,1,5,81.19
NCC1CCC(C(=O)O)CC1,TOX25350,0,0,0,0,0,0,0,,0,,0,0,157.213,0.8361,2,2,63.32
COc1cc(NS(=O)(=O)c2ccc(N)cc2)ncn1,TOX25351,0,0,0,0,0,0,0,0,0,0,0,0,280.309,0.8682,2,6,107.2
COc1cc(O)c(C(=O)c2ccccc2)cc1S(=O)(=O)O,TOX22436,1,0,0,0,0,0,0,0,0,0,0,0,308.311,1.8785,2,5,100.9
COC(=O)Nc1ccc(Cl)c(Cl)c1,TOX22437,0,0,1,0,0,0,0,0,0,0,,0,220.055,3.1717,1,2,38.33
CN[C@H](CC(C)C)C(=O)N[C@H]1C(=O)N[C@@H](CC(N)=O)C(=O)N[C@H]2C(=O)N[C@H]3C(=O)N[C@H](C(=O)N[C@@H](C(=O)O)c4cc(O)cc(O)c4-c4cc3ccc4O)[C@H](O)c3ccc(c(Cl)c3)Oc3cc2cc(c3O[C@@H]2O[C@H](CO)[C@@H](O)[C@H](O)[C@H]2O[C@H]2C[C@](C)(N)C(O)[C@H](C)O2)Oc2ccc(cc2Cl)[C@H]1O,TOX25354,1,0,0,0,0,0,0,,0,,0,0,1449.271,0.1062,19,25,530.49
CC[C@H](C)[C@@H](NC(=O)[C@H](CCC(=O)O)NC(=O)[C@H](CC(C)C)NC(=O)[C@@H]1CSC([C@H](N)[C@H](C)CC)=N1)C(=O)N[C@@H]1CCCCNC(=O)[C@@H](CC(N)=O)NC(=O)[C@@H](CC(=O)O)NC(=O)[C@@H](Cc2cnc[nH]2)NC(=O)[C@@H](Cc2ccccc2)NC(=O)[C@@H]([C@H](C)CC)NC(=O)[C@@H](CCCN)NC1=O,TOX25355,0,0,0,0,1,0,0,,0,,0,0,1422.72,-1.6776,17,19,530.87
O=S(=O)([O-])c1ccccc1C=Cc1ccc(-c2ccc(C=Cc3ccccc3S(=O)(=O)[O-])cc2)cc1,TOX16467,0,,0,0,0,,,,0,,0,1,516.596,5.5026,0,6,114.4
O=C/C(Cl)=C(/Cl)C(=O)O,TOX423,0,0,0,,0,0,,1,1,,,1,168.963,0.9591,1,2,54.37
Cl[C@H]1OCCO[C@@H]1Cl,TOX421,0,0,0,0,0,0,0,0,0,0,0,0,156.996,1.163,0,2,18.46
C#CC(C)(C)NC(=O)c1cc(Cl)cc(Cl)c1,TOX420,0,0,0,0,0,0,0,0,0,0,0,0,256.132,3.135,1,1,29.1
Nc1cc(Cl)c(N)c(Cl)c1,TOX427,0,0,1,1,0,0,0,1,0,0,0,0,177.034,2.1578,2,2,52.04
Nc1c(Cl)cc([N+](=O)[O-])cc1Cl,TOX426,0,0,0,0,0,0,0,0,0,0,1,0,207.016,2.4838,1,3,69.16
O=C1C(Cl)=C(Cl)C(=O)c2ccccc21,TOX425,0,0,1,1,,,0,,0,1,1,,227.046,2.7548,0,2,34.14
C=C(C)C(=O)Nc1ccc(Cl)c(Cl)c1,TOX424,0,0,1,,0,0,,1,0,0,1,1,230.094,3.508,1,1,29.1
O=C(O)C(Cl)Cl,TOX428,0,0,0,0,0,0,0,0,0,0,0,0,128.942,0.8747,1,1,37.3
CCCCCC(=O)OCC,TOX1980,0,0,0,0,0,0,0,0,0,0,0,0,144.214,2.1298,0,2,26.3
CCCCOC(C)=O,TOX1982,0,0,0,0,0,0,0,0,0,0,0,0,116.16,1.3496,0,2,26.3
CCCCCCCCCCCCN,TOX1984,0,0,0,,0,0,0,0,0,0,,0,185.355,3.866,1,1,26.02
CCCCOP(=O)(OCCCC)OCCCC,TOX1986,0,0,0,0,1,0,0,0,0,0,0,0,266.318,4.5446,0,4,44.76
Cc1cc2nc3ccc(N(C)C)cc3[s+]c2cc1N,TOX28654,0,,1,,,0,0,1,0,0,1,1,270.381,3.68722,1,3,42.15
Oc1cc(Cl)c(Cl)cc1Cl,TOX4359,0,0,0,0,0,0,0,,0,0,1,0,197.448,3.3524,1,1,20.23
CCC(C)(CCC(C)C)C(=O)O,TOX7916,0,0,0,0,0,0,0,0,0,0,0,0,172.268,2.9235,1,1,37.3
COC(=O)C1=C(C)NC(C)=C(C(=O)OCCc2ccc(N3CCN(C(c4ccccc4)c4ccccc4)CC3)cc2)C1c1cccc([N+](=O)[O-])c1,TOX23747,,,,,,,,0,,0,,,686.809,6.7001,1,9,114.25
CCCCc1ccccc1,TOX2472,0,0,0,0,0,0,0,0,0,0,0,0,134.222,3.0292,0,0,0
O=c1[nH]c(=O)c2c[nH]nc2[nH]1,TOX15209,0,0,0,0,0,0,0,0,0,0,,0,152.113,-1.0605,3,3,94.4
C=CCSSCC=C,TOX15206,0,0,0,,0,0,0,0,0,0,0,1,146.28,2.7398,0,2,0
C=C(C)C(=O)O[Sn](CCCC)(CCCC)CCCC,TOX15204,0,,,,,,1,1,,1,1,,375.141,5.4515,0,2,26.3
CC(C)CCCC(C)(C)O,TOX21424,0,0,0,0,0,0,0,0,0,0,0,0,144.258,2.5836,1,1,20.23
CCC/C=C/C=O,TOX21425,0,0,0,0,0,0,0,0,0,0,0,0,98.145,1.5416,0,1,17.07
C1=COCCC1,TOX21426,0,0,0,0,0,0,0,0,0,0,,0,84.118,1.3105,0,1,9.23
O=C(O)c1ccco1,TOX21420,0,0,0,0,0,0,0,0,0,0,0,0,112.084,0.9778,1,2,50.44
COc1cc(OC)c2ccc(=O)oc2c1,TOX21421,0,0,0,,0,0,0,,0,0,,0,206.197,1.8102,0,4,48.67
Cc1cc(=O)oc2cc(N(C)C)ccc12,TOX21422,0,,,,0,,,,1,,,1,203.241,2.16742,0,3,33.45
C=CN1CCCCCC1=O,TOX21423,0,0,0,0,0,0,0,0,0,0,0,0,139.198,1.5325,0,1,20.31
Cc1occc1S,TOX27118,0,0,0,0,0,0,0,1,0,1,0,0,114.169,1.87672,1,2,13.14
CCCOC(C)=O,TOX1901,0,0,0,0,0,0,0,0,0,0,0,0,102.133,0.9595,0,2,26.3
Cc1ccc2c(c1)CCCN2,TOX27444,0,0,1,0,0,0,0,0,0,0,0,0,147.221,2.35312,1,1,12.03
CC1(C)CCC[C@@]2(C)[C@H]1CC[C@@]1(C)OCC[C@H]21,TOX27113,0,0,0,0,0,0,0,0,0,0,1,0,236.399,4.408,0,1,9.23
O=C(COc1ccc(Cl)cc1)N1CCN(Cc2ccc3c(c2)OCO3)CC1,TOX27446,0,0,0,1,,0,0,1,0,0,0,0,388.851,2.7919,0,5,51.24
NNC(=O)OCc1ccccc1,TOX27447,0,0,1,,0,0,0,0,0,0,0,0,166.18,0.7865,2,3,64.35
CC(C)c1ccc(C#N)cc1,TOX27440,0,0,0,0,0,0,0,0,0,0,0,0,145.205,2.68168,0,1,23.79
Cl[Yb](Cl)Cl,TOX27117,0,0,0,0,0,0,0,0,0,0,0,0,279.399,2.0685,0,0,0
COc1cc(C)cc(O)c1,TOX27443,0,0,,0,0,0,0,0,0,0,0,0,138.166,1.70922,1,2,29.46
C=CC(=O)OCCCCCCOC(=O)C=C,TOX5401,0,1,0,,0,,1,1,1,1,0,1,226.272,2.0052,0,4,52.6
C=CC(C)(C)CC(=O)OC,TOX8120,0,0,0,0,0,0,0,0,0,0,0,0,142.198,1.7617,0,2,26.3
CCCCCCOC(=O)c1ccccc1,TOX5403,0,0,0,0,0,0,0,0,0,0,0,0,206.285,3.4237,0,2,26.3
C=CCCCC,TOX5402,,,,0,,0,0,0,0,0,0,0,84.162,2.3626,0,0,0
CCCCCCc1ccc(-c2ccc(C#N)cc2)cc1,TOX5404,0,0,0,0,0,0,0,0,0,0,1,0,263.384,5.34808,0,1,23.79
C=C(C)C(=O)OCCCCCC,TOX5406,0,0,0,0,0,0,0,0,0,0,0,0,170.252,2.686,0,2,26.3
COc1ccc2c(c1OC)C(=O)O[C@@H]2[C@H]1c2cc3c(cc2CCN1C)OCO3,TOX5409,0,0,,0,0,0,0,0,0,0,,0,383.4,2.8732,0,7,66.46
O=[N+]([O-])c1ccccc1-c1ccccc1,TOX5746,0,0,0,0,,0,0,0,0,0,0,0,199.209,3.2618,0,2,43.14
N=C(N)N.N=C(N)N.O=C(O)O,TOX9189,0,0,0,0,0,0,0,0,0,0,0,0,180.168,-2.10046,8,3,209.31
O=[N+]([O-])c1ccccc1CCl,TOX5744,0,0,0,0,0,0,1,1,0,0,0,0,171.583,2.3336,0,2,43.14
O=[N+]([O-])c1ccc(CCl)cc1,TOX5745,0,0,0,0,0,0,0,,0,0,0,0,171.583,2.3336,0,2,43.14
O=C(Cl)c1ccc([N+](=O)[O-])cc1,TOX5742,,0,0,0,0,0,0,0,0,0,0,0,185.566,1.9738,0,3,60.21
O=[N+]([O-])c1cccc(CCl)c1,TOX5743,0,0,0,0,0,0,0,1,0,0,0,0,171.583,2.3336,0,2,43.14
O=C(Cl)c1cccc([N+](=O)[O-])c1,TOX5740,0,0,0,0,0,0,0,0,0,0,0,0,185.566,1.9738,0,3,60.21
O=C(Cl)c1ccccc1[N+](=O)[O-],TOX5741,0,0,,0,0,0,0,0,0,0,0,0,185.566,1.9738,0,3,60.21
CC(C)CC(=O)O,TOX9182,0,0,0,0,0,0,0,,0,0,0,0,102.133,1.1171,1,1,37.3
Nc1ccc(S(=O)(=O)[O-])cc1,TOX9184,0,0,0,0,1,0,0,0,0,0,0,0,172.185,0.1729,1,4,83.22
Cc1nc(N)nc(N)n1,TOX9186,,,0,0,0,0,0,0,0,0,0,0,125.135,-0.65558,2,5,90.71
O=[N+]([O-])c1ccccc1Nc1ccccc1,TOX5749,0,0,,,0,0,0,0,0,0,0,0,214.224,3.3384,1,3,55.17
CCCCCCCCCCCCCCCCC(=O)O,TOX1596,0,0,0,0,0,0,0,0,0,0,0,0,270.457,5.9424,1,1,37.3
NS(=O)(=O)O,TOX14005,0,0,0,0,0,0,0,0,0,0,0,0,97.095,-1.2521,2,2,80.39
[PbH2+2],TOX11521,0,0,0,0,0,0,0,1,0,0,0,0,209.216,-0.9162,0,0,0
CCOC(C(=O)OCCN(C)C)(c1ccccc1)c1ccccc1,TOX31548,,,,,,,,0,,0,,,327.424,3.0715,0,4,38.77
CC(=O)Nc1ccc2c(c1)Cc1ccccc1-2,TOX18,0,0,1,,1,0,0,1,1,0,1,0,223.275,3.2162,1,1,29.1
O=C(c1ccc2c(c1)C(=O)OC2=O)c1ccc2c(c1)C(=O)OC2=O,TOX9233,0,0,0,0,0,0,0,0,0,0,0,0,322.228,1.5388,0,7,103.81
CC(C)(C)N(CCO)CCO,TOX9230,0,0,0,,0,0,0,0,0,0,0,0,161.245,0.0715,2,3,43.7
CC(CO)CO,TOX9231,0,0,0,0,0,0,0,0,0,0,0,0,90.122,-0.3929,2,2,40.46
C=C(C)C(=O)OCCCCCCCCCCCCC,TOX9236,1,,0,0,0,0,0,0,0,0,0,0,268.441,5.4167,0,2,26.3
C=C(C)C(=O)OCCC[Si](OC)(OC)OC,TOX9237,0,0,0,0,0,0,0,0,0,0,0,0,248.351,1.3739,0,5,53.99
C=CC(C)CCC=C(C)C,TOX9234,0,0,0,0,0,0,0,0,0,0,0,0,138.254,3.5549,0,0,0
C=CCCCCCCCCCCC,TOX9235,0,0,0,0,0,0,0,0,0,0,0,0,182.351,5.0933,0,0,0
CCCCN(CCCC)C(C(N)=O)c1ccc(OC)cc1,TOX31549,,,,,,,,0,,0,,,292.423,3.1238,1,3,55.56
OCC(S)CS,TOX20461,0,,0,0,0,0,,,0,,0,,124.23,0.2069,3,3,20.23
CC(=O)O[C@@]12CO[C@@H]1C[C@H](O)[C@@]1(C)C(=O)[C@H](O)C3=C(C)[C@@H](OC(=O)[C@H](O)[C@@H](NC(=O)OC(C)(C)C)c4ccccc4)C[C@@](O)([C@@H](OC(=O)c4ccccc4)[C@@H]12)C3(C)C,TOX20464,0,,0,0,0,0,,0,0,0,1,1,807.89,3.2596,5,14,224.45
CCCN(CCC)CCc1c[nH]c2ccccc12,TOX28823,0,0,0,0,0,0,0,0,0,0,,0,244.382,3.8324,1,1,19.03
CN(C)CCc1c[nH]c2ccccc12,TOX28822,0,0,0,0,0,0,0,0,0,,0,0,188.274,2.272,1,1,19.03
CCN(CC)CCc1c[nH]c2ccccc12.CCN(CC)CCc1c[nH]c2ccccc12,TOX28821,0,0,0,0,0,0,0,0,0,1,0,0,432.656,6.1044,2,2,38.06
CCCCc1cc2c(=O)c(C(=O)OC)c[nH]c2cc1OCc1ccccc1,TOX28536,0,0,0,0,0,0,0,,0,,0,0,365.429,4.2363,1,4,68.39
NC1(c2ccccc2)CCCCC1,TOX28827,0,0,0,,0,0,,0,0,0,,0,175.275,2.8047,1,1,26.02
COc1ccc2[nH]cc(CCN(C(C)C)C(C)C)c2c1,TOX28826,0,0,,0,0,0,0,0,0,,0,0,274.408,3.8378,1,2,28.26
O=C1O[C@@H]2[C@@H](O)[C@H](O)O[C@@H]2[C@H]1O,TOX21844,0,0,0,0,0,0,0,0,0,0,,0,176.124,-2.6492,3,6,96.22
CN(C)CCc1c[nH]c2cccc(OP(=O)(O)O)c12,TOX28824,0,0,0,0,0,0,0,0,0,0,0,0,284.252,1.7435,3,3,85.79
COC(=O)[C@H]1[C@@H](OC(=O)c2ccccc2)C[C@@H]2CC[C@H]1N2C,TOX28829,0,0,0,0,0,0,0,,0,,0,0,303.358,1.8677,0,5,55.84
c1ccc(CN2CCNCC2)cc1,TOX28828,0,0,0,0,0,0,0,0,0,,0,0,176.263,1.0918,1,2,15.27
Cc1c(N)nc(C(CC(N)=O)NCC(N)C(N)=O)nc1C(=O)NC(C(=O)NC(C)C(O)C(C)C(=O)NC(C(=O)NCCc1nc(-c2nc(C(=O)NCCCN[C@@H](C)c3ccccc3)cs2)cs1)C(C)O)C(O[C@@H]1O[C@@H](CO)[C@@H](O)[C@H](O)[C@@H]1O[C@H]1O[C@H](CO)[C@@H](O)[C@H](OC(N)=O)[C@@H]1O)c1c[nH]cn1,TOX28539,0,0,0,0,0,0,,,0,,0,1,1473.614,-6.23068,21,32,639.1
CC(CN(C)C)CN1c2ccccc2S(=O)(=O)c2ccccc21,TOX28538,0,0,0,0,0,0,0,,0,,0,0,330.453,3.1686,0,4,40.62
CN(C)C(=O)C(CCN1CCC(O)(c2ccc(Cl)cc2)CC1)(c1ccccc1)c1ccccc1,TOX25165,0,0,0,,,0,,0,0,0,0,0,477.048,5.088,1,3,43.78
CC(C(=O)O)c1ccc(CC2CCCC2=O)cc1,TOX25164,0,0,0,0,0,0,0,0,0,0,0,0,246.306,2.7864,1,2,54.37
Cc1ccccc1N1C(=O)c2cc(S(N)(=O)=O)c(Cl)cc2NC1C,TOX25167,0,0,0,0,0,0,0,0,0,0,0,0,365.842,2.71412,2,4,92.5
CCN(CC)CC(=O)Nc1c(C)cccc1C,TOX25166,0,0,0,0,0,0,0,0,0,0,0,0,234.343,2.58374,1,2,32.34
c1ccc2c(c1)OCC(C1=NCCN1)O2,TOX25161,0,0,0,,,0,,1,0,1,1,0,204.229,0.8281,1,4,42.85
O=C1CCC(c2ccc(-n3ccnc3)cc2)=NN1,TOX25160,0,0,1,1,0,0,0,,0,,0,0,240.266,1.4864,1,4,59.28
O=C1N(c2ccccc2)c2ccccc2C1(Cc1ccncc1)Cc1ccncc1,TOX25163,0,0,0,0,0,0,0,0,0,0,0,0,391.474,4.8781,0,3,46.09
CCn1ccnc1CC1COc2ccccc2O1,TOX25162,0,0,0,0,0,0,0,0,0,0,0,0,244.294,2.2855,0,4,36.28
CCN(CC)CCNC(=O)c1cc(Cl)c(N)cc1OC,TOX25169,0,0,0,0,0,0,0,0,0,0,0,0,299.802,2.0024,2,4,67.59
Cc1ccccc1CNc1ncnc2c1ncn2[C@@H]1O[C@H](CO)[C@@H](O)[C@H]1O,TOX25168,0,0,0,1,0,,,,,,0,0,371.397,0.35832,4,9,125.55
COc1cccc2c1cc([N+](=O)[O-])c1c(C(=O)[O-])cc3c(c12)OCO3,TOX99,0,,,,,0,,1,0,0,1,1,340.267,2.002,0,7,110.96
COc1ccccc1N,TOX92,0,0,1,0,0,0,0,0,0,0,0,0,123.155,1.2774,1,2,35.25
Nc1ccccc1,TOX91,0,0,1,0,0,0,0,0,0,0,0,0,93.129,1.2688,1,1,26.02
CC(COc1ccc(C(C)(C)C)cc1)OS(=O)OCCCl,TOX97,0,0,0,0,0,0,0,0,0,0,0,0,334.865,3.6021,0,4,44.76
O=C([O-])C1O[Sb]2OC(=O)C(O2)C(C(=O)[O-])O[Sb]2OC(=O)C1O2,TOX96,0,,,,,0,,1,0,1,0,1,535.628,-5.876,0,12,169.78
O=C1c2ccccc2C(=O)c2ccccc21,TOX95,0,0,0,0,,0,0,0,0,0,1,0,208.216,2.462,0,2,34.14
Nc1ccccc1C(=O)O,TOX94,0,0,0,0,0,0,0,0,0,0,0,0,137.138,0.967,2,2,63.32
C=CCC1([C@H](C)CCC)C(=O)NC(=O)NC1=O,TOX28799,0,0,0,0,0,0,0,0,0,0,0,0,238.287,1.3511,2,3,75.27
CCN[C@H](C)Cc1cccc(C(F)(F)F)c1,TOX28798,0,0,0,0,0,0,0,0,0,0,0,0,231.261,3.2459,1,1,12.03
CN[C@H](C)Cc1ccccc1,TOX28791,0,0,,0,0,0,0,,0,,0,0,149.237,1.837,1,1,12.03
CN[C@@H](C)Cc1ccccc1,TOX28790,0,0,0,0,0,0,0,,0,,0,0,149.237,1.837,1,1,12.03
C[C@@H](N)C(=O)c1ccccc1,TOX28793,0,0,0,0,0,0,0,,0,,0,0,149.193,1.2165,1,2,43.09
C[C@H](N)C(=O)c1ccccc1,TOX28792,0,0,0,0,0,0,0,0,0,0,0,0,149.193,1.2165,1,2,43.09
CC(Cc1ccccc1)NCCn1cnc2c1c(=O)n(C)c(=O)n2C,TOX28795,0,0,0,0,0,0,0,0,0,0,0,0,341.415,0.6545,1,7,73.85
CCN[C@@H](C)Cc1ccccc1,TOX28794,0,0,0,0,0,0,0,0,0,0,0,0,163.264,2.2271,1,1,12.03
CCN[C@@H](C)Cc1cccc(C(F)(F)F)c1,TOX28797,0,0,0,0,0,0,0,0,0,0,0,0,231.261,3.2459,1,1,12.03
C[C@H]1N=C(N)O[C@H]1c1ccccc1,TOX28796,0,0,0,,0,0,0,0,0,0,0,0,176.219,1.4611,1,3,47.61
C=CCOC(C)=O,TOX4437,0,0,0,0,0,0,0,0,0,0,,0,100.117,0.7355,0,2,26.3
CCN(CC)C(=O)C(Cl)=C(C)OP(=O)(OC)OC,TOX1156,0,0,0,0,0,0,0,0,0,0,0,0,299.691,2.7426,0,5,65.07
Oc1ccc(-c2ccccc2)cc1,TOX1152,0,0,0,,1,1,0,1,1,0,,0,170.211,3.0592,1,1,20.23
Oc1ccccc1-c1ccccc1,TOX1151,0,0,0,0,0,0,0,0,0,0,1,0,170.211,3.0592,1,1,20.23
CC(=O)O[Hg]c1ccccc1,TOX1150,0,1,,,,1,1,1,,1,,1,336.74,0.8725,0,2,26.3
O[Sn](c1ccccc1)(c1ccccc1)c1ccccc1,TOX1409,0,1,,,,1,,,1,1,1,,367.036,1.6458,1,1,20.23
CCCOC(=O)CCCCC(=O)OCCC,TOX24511,0,0,0,0,0,0,0,0,0,0,0,0,230.304,2.4532,0,4,52.6
O=C1OC(=O)c2ccccc21,TOX1159,,0,0,,0,0,0,0,0,0,0,0,148.117,0.9972,0,3,43.37
NC(=O)c1ccccc1C(N)=O,TOX1158,0,0,,0,0,0,0,,0,0,,0,164.164,-0.1156,2,2,86.18
CCOP(=S)(Oc1ccc([N+](=O)[O-])cc1)c1ccccc1,TOX2174,0,0,1,0,1,0,0,0,0,0,,0,323.31,3.6451,0,5,61.6
NC(=O)c1c(Cl)cccc1Cl,TOX2170,0,0,,0,0,0,0,0,0,0,,0,190.029,2.0923,1,1,43.09
CCCCCCCCCCN,TOX2171,0,0,0,0,0,0,0,0,0,0,0,0,157.301,3.0858,1,1,26.02
CNC(=O)Oc1ccc(N(C)C)c(C)c1,TOX2172,0,0,0,0,,0,0,1,0,0,0,0,208.261,1.77922,1,3,41.57
Clc1nc(Cl)c(Cl)c(Cl)c1Cl,TOX2179,0,0,0,0,0,0,0,1,1,0,0,0,251.327,4.3486,0,1,12.89
CCCCCCOC(=O)c1ccc(O)cc1,TOX24514,0,0,0,,1,1,0,,1,0,1,0,222.284,3.1293,1,3,46.53
NC[C@H](O)c1ccc(O)c(O)c1,TOX3378,0,0,,0,0,0,0,0,0,0,0,0,169.18,0.0899,4,4,86.71
O=C(c1ccccc1)C1(O)CCCCC1,TOX24748,0,0,0,0,0,0,0,0,0,0,0,0,204.269,2.5645,1,2,37.3
CC(C)OC(=O)c1ccccc1,TOX24746,0,0,0,0,0,0,0,0,0,0,0,0,164.204,2.2518,0,2,26.3
CCCCNP(N)(N)=S,TOX24747,0,0,0,0,,0,0,0,0,0,0,0,167.218,0.518,3,1,64.07
CN1Cc2c(N)cccc2C(c2ccccc2)C1,TOX25790,0,0,0,0,0,0,0,0,0,0,0,0,238.334,2.8461,1,2,29.26
CNC(=C[N+](=O)[O-])NCCSCc1csc(CN(C)C)n1,TOX3376,0,0,0,0,0,0,0,0,0,0,0,0,331.467,1.3225,2,8,83.33
CN/C=N/c1ccc(C)cc1C,TOX17696,0,0,0,0,0,0,0,0,0,0,0,0,162.236,2.18264,1,1,24.39
COCCOC(=O)C1=C(C)NC(C)=C(C(=O)OC(C)C)C1c1cccc([N+](=O)[O-])c1,TOX3370,0,0,1,0,0,0,0,,0,0,,0,418.446,2.9708,1,8,117
CC(C)OC(=O)CCC(=O)OC(C)C,TOX24740,0,0,0,0,0,0,0,0,0,0,0,0,202.25,1.6698,0,4,52.6
O=C1CN=C(c2ccccc2)c2cc([N+](=O)[O-])ccc2N1,TOX3372,0,0,0,0,0,0,0,0,0,0,0,0,281.271,2.3843,1,4,84.6
CCCCCC(=O)O[C@]1(C(C)=O)CC[C@H]2[C@@H]3CCC4=CC(=O)CC[C@]4(C)[C@H]3CC[C@@]21C,TOX23915,,0,0,,,0,0,1,0,1,1,0,428.613,5.9696,0,4,60.44
Fc1cccc(Cl)c1CCl,TOX18855,0,0,0,0,0,0,0,1,0,0,,0,179.021,3.2179,0,0,0
COC(=O)N/N=C/c1c[n+]([O-])c2ccccc2[n+]1[O-],TOX23913,,,,,,,,0,,0,,,262.225,-0.2035,1,5,104.57
CSc1ccc(C(=O)C(C)(C)N2CCOCC2)cc1,TOX18857,0,0,0,0,1,1,0,0,0,0,0,0,279.405,2.702,0,4,29.54
OC[C@H](O)[C@H](O)CO,TOX23919,0,0,0,0,0,0,0,0,0,0,0,0,122.12,-2.3072,4,4,80.92
Clc1cc(Cl)c(-c2cc(Cl)c(Cl)cc2Cl)cc1Cl,TOX12180,0,0,0,0,0,0,0,0,0,0,,0,360.882,7.274,0,0,0
C/C=C/C[C@@H](C)[C@@H](O)[C@H]1C(=O)N[C@@H](CC)C(=O)N(C)CC(=O)N(C)[C@@H](CC(C)C)C(=O)N[C@@H](C(C)C)C(=O)N(C)[C@@H](CC(C)C)C(=O)N[C@@H](C)C(=O)N[C@H](C)C(=O)N(C)[C@@H](CC(C)C)C(=O)N(C)[C@@H](CC(C)C)C(=O)N(C)[C@@H](C(C)C)C(=O)N1C,TOX365,0,,0,0,0,0,,1,0,0,,0,1202.635,3.269,5,12,278.8
CC(=O)O[C@]1(C(C)=O)CC[C@H]2[C@@H]3C=C(Cl)C4=CC(=O)[C@@H]5C[C@@H]5[C@]4(C)[C@H]3CC[C@@]21C,TOX366,1,1,0,0,0,0,0,1,0,0,,0,416.945,4.6076,0,4,60.44
N[C@@H](CS)C(=O)O,TOX367,0,0,,0,0,0,0,0,0,0,,0,121.161,-0.6719,3,3,63.32
c1ccc2sc(SNC3CCCCC3)nc2c1,TOX360,0,0,1,,,0,0,1,0,1,1,0,264.419,4.2257,1,4,24.92
NC1CCCCC1,TOX3996,0,0,0,0,0,0,0,0,0,0,0,0,99.177,1.2778,1,1,26.02
ON=C1CCCC1,TOX363,0,0,0,0,0,0,0,0,0,0,0,0,99.133,1.3906,1,2,32.59
COc1ccc(C(=O)/C(Br)=C\C(=O)[O-])cc1,TOX368,0,1,0,,0,0,1,1,1,,0,1,284.085,0.9066,0,4,66.43
CN(C)N=Nc1nc[nH]c1C(N)=O,TOX369,0,0,0,0,0,0,0,0,0,0,0,0,182.187,0.0689,2,4,99.73
CC(C)(O)C(Cl)(Cl)Cl,TOX21217,,,,,,,,0,,0,,,177.458,2.1275,1,1,20.23
O=c1[nH]c2ccccc2c(=O)n1CCCl,TOX31546,,,,,,,,0,,0,,,224.647,0.9286,1,3,54.86
CC1=CCC(C(C)C)=CC1,TOX21210,0,0,0,0,0,0,0,0,0,0,0,0,136.238,3.3089,0,0,0
CCC(C)CCCC(C)(C)O,TOX24810,0,0,0,0,1,0,0,0,0,0,,0,158.285,2.9737,1,1,20.23
Cc1cc(Cl)ccc1/N=C/N(C)C,TOX24811,0,0,0,0,0,0,0,0,0,0,0,0,196.681,2.86982,0,1,15.6
CC(C)n1c(/C=C/[C@@H](O)C[C@@H](O)CC(=O)[O-])c(-c2ccc(F)cc2)c2ccccc21,TOX24758,0,,1,1,0,0,,0,0,0,1,0,410.465,3.2934,2,5,85.52
CC1C2CC(CC2C2CCCC(O)C2)C1(C)C,TOX24817,0,0,0,,1,1,0,,0,,1,,236.399,3.8558,1,1,20.23
Cc1cc(O)c(C(=O)N[C@@H](C(=O)N[C@@H]2C(=O)N3C(C(=O)O)=C(CSc4nnnn4C)CS[C@H]23)c2ccc(O)cc2)cn1,TOX26630,0,0,0,0,1,0,0,,0,,0,0,612.65,0.32672,5,13,212.76
CCOC(CN1CCN(CC(C)C(=O)c2ccccc2)CC1)c1ccccc1,TOX26631,0,0,0,,0,0,0,1,0,0,0,0,380.532,3.9008,0,4,32.78
Cc1onc(-c2ccccc2)c1-c1ccc(S(N)(=O)=O)cc1,TOX24226,0,,0,0,0,0,0,0,0,0,,0,314.366,2.96442,1,4,86.19
CCCSSC(CCO)=C(C)N(C=O)Cc1cnc(C)nc1N,TOX26633,0,0,0,,0,0,,0,0,0,0,0,356.517,2.73092,2,7,92.34
CCOc1cc(OCC)c(C(=O)CCC(=O)O)cc1OCC,TOX26634,0,,0,0,0,0,,1,0,0,,0,310.346,2.9302,1,5,82.06
NNC(=O)CP(=O)(c1ccccc1)c1ccccc1,TOX26188,0,0,0,0,0,0,0,0,0,0,,0,274.26,0.9904,2,3,72.19
CC(CNC(=O)c1cccnc1)NC(=O)c1cccnc1,TOX26189,0,0,0,0,0,0,0,,0,,0,0,284.319,1.0249,2,4,83.98
O=C(CCCN1CCN2CCCC2C1)c1ccc(F)cc1,TOX26186,0,0,,0,0,0,0,,0,,0,0,290.382,2.5686,0,3,23.55
OC(c1ccccc1)(c1ccccc1)C1CN2CCC1CC2,TOX26187,1,0,0,0,0,0,0,,0,,0,0,293.41,3.2643,1,2,23.47
COc1ccc(/C=N\NC(=O)c2ccncc2)c(C(=O)O)c1OC,TOX26185,0,0,1,0,0,0,0,,0,,0,0,329.312,1.5609,2,6,110.11
CCN(CC)CCOc1ccc2nc(N(C)C)sc2c1,TOX26182,0,0,1,,1,0,0,,0,,0,0,293.436,3.0829,0,5,28.6
CCN(CC)CCC(=O)N1c2ccccc2Sc2ccc(Cl)cc21,TOX26183,0,0,0,,,0,0,,0,,,0,360.91,5.2012,0,3,23.55
CN1CCN(CCC(=O)N2c3ccccc3Sc3ccc(C(F)(F)F)cc32)CC1,TOX26180,0,0,0,0,0,0,0,,0,0,,0,421.488,4.4722,0,4,26.79
CCN(CC)CCOc1ccccc1C(=O)CCc1ccccc1,TOX26181,0,0,0,0,0,0,0,0,0,0,,0,325.452,4.2227,0,3,29.54
Cc1nc(-c2ccc3c(c2)CCN(CCC2CCC(NC(=O)/C=C/c4ccc(F)cc4)CC2)CC3)no1,TOX27325,0,1,0,0,,1,,,1,1,0,1,502.634,5.36322,1,5,71.26
OCC(CO)n1cnc(-c2ccc(F)cc2)c1-c1ccnc(Oc2ccccc2)n1,TOX27324,0,0,0,,0,0,0,,0,0,,0,406.417,3.4642,2,7,93.29
CCn1nc(Cc2ccccc2)cc1C1CCN(C[C@H]2C[C@H](N(C)[C@@H](C(=O)O)C(C)C)C[C@@H]2c2cccc(F)c2)CC1,TOX27327,0,0,0,0,0,0,,0,0,0,,0,574.785,6.4157,1,5,61.6
CCN1CCC2(CC1)COc1cc3c(cc12)N(C(=O)c1ccc(-c2ccc(-c4nnc(C)o4)cc2C)cc1)CC3,TOX27320,0,,,,,0,,,,,1,,534.66,5.96924,0,6,71.7
Cc1cc2c(cc1C(F)(F)F)N(C(=O)Nc1ccc(Oc3cccnc3C)nc1)CC2,TOX27322,0,0,0,,,0,,1,,0,1,0,428.414,5.49914,1,4,67.35
NC(=O)c1nc(-c2cccc(-c3cc(F)ccc3OCC(F)(F)C(F)(F)F)c2)n[n-]1,TOX27328,0,0,0,,,0,,1,,,,,429.3,3.5822,1,4,92.2
Cc1cnc(C(=O)NCCc2ccc(S(=O)(=O)NC(=O)NC3CCCCC3)cc2)cn1,TOX20676,0,0,0,0,0,0,0,1,0,0,0,0,445.545,2.07812,3,6,130.15
CC1(C)O[C@@H]2C[C@H]3[C@@H]4C[C@H](F)C5=CC(=O)C=C[C@]5(C)[C@@]4(F)[C@@H](O)C[C@]3(C)[C@]2(C(=O)CO)O1,TOX20674,1,0,0,,0,0,0,0,0,0,0,0,452.494,2.3668,2,6,93.06
CCC1=C(C)CN(C(=O)NCCc2ccc(S(=O)(=O)NC(=O)N[C@H]3CC[C@H](C)CC3)cc2)C1=O,TOX20675,0,,0,0,0,0,,,0,0,,0,490.626,3.074,3,5,124.68
COC(=O)Nc1nc2cc(Sc3ccccc3)ccc2[nH]1,TOX20672,0,1,1,,1,,0,,1,,1,1,299.355,3.8924,2,4,67.01
COC1=C(OC)C(=O)C(CCCCCCCCCCO)=C(C)C1=O,TOX20678,0,,0,,,0,,0,,0,,1,338.444,3.4623,1,5,72.83
CC(C)Oc1ccc2c(=O)c(-c3ccccc3)coc2c1,TOX20679,0,0,1,,1,0,0,1,1,0,,0,280.323,4.2472,0,3,39.44
C#Cc1cccc(Nc2ncnc3cc(OCCOC)c(OCCOC)cc23)c1,TOX26454,1,0,1,1,0,0,,1,0,0,,0,393.443,3.4051,1,7,74.73
CC[C@H]1OC(=O)[C@H](C)C(=O)[C@H](C)[C@@H](O[C@@H]2O[C@H](C)C[C@H](N(C)C)[C@H]2O)[C@](C)(OC)C[C@@H](C)C(=O)[C@H](C)[C@H]2N(CCCCn3cnc(-c4cccnc4)c3)C(=O)O[C@]12C,TOX26455,0,0,0,0,0,0,0,,0,,0,0,812.018,4.9292,1,14,171.85
Cc1cccc(C)c1OCC(=O)N[C@@H](Cc1ccccc1)[C@@H](O)C[C@H](Cc1ccccc1)NC(=O)[C@H](C(C)C)N1CCCNC1=O,TOX26456,0,,0,,0,0,,1,,0,1,0,628.814,4.32814,4,5,120
Cc1ccc(-c2ncc(Cl)cc2-c2ccc(S(C)(=O)=O)cc2)cn1,TOX26457,0,0,0,0,0,0,0,0,0,0,0,0,358.85,4.17592,0,4,59.92
CC(C)(O)c1ccccc1CC[C@@H](SCC1(CC(=O)[O-])CC1)c1cccc(/C=C/c2ccc3ccc(Cl)cc3n2)c1,TOX26450,0,,1,,,0,,0,1,0,1,,585.189,7.6133,1,5,73.25
CCCCCOC(=O)Nc1nc(=O)n([C@@H]2O[C@H](C)[C@@H](O)[C@H]2O)cc1F,TOX26451,0,0,0,0,0,0,0,0,0,0,0,0,359.354,0.7602,3,8,122.91
C[C@]12CC[C@H]3[C@@H](CC[C@H]4NC(=O)C=C[C@]34C)[C@@H]1CC[C@@H]2C(=O)Nc1cc(C(F)(F)F)ccc1C(F)(F)F,TOX26452,1,0,0,0,,0,0,,0,,,0,528.537,6.5761,2,2,58.2
Cc1c(C(=O)NN2CCCCC2)nn(-c2ccc(Cl)cc2Cl)c1-c1ccc(Cl)cc1,TOX26453,0,,,0,0,0,,,0,,1,,463.796,5.93862,1,4,50.16
C[C@]12CC[C@@H]3c4ccc(OC(=O)N(CCCl)CCCl)cc4CC[C@H]3[C@@H]1CC[C@@H]2O,TOX26458,,,,,,,,,,0,,,440.411,5.182,1,3,49.77
NC[C@H]1CC[C@H](C(=O)Oc2ccc(CCC(=O)O)cc2)CC1,TOX26459,0,0,0,1,,0,0,0,0,0,0,0,305.374,2.3743,2,4,89.62
NC(CS)C(=O)O,TOX26988,,,,,,,,0,,0,,,121.161,-0.6719,3,3,63.32
N[C@H](Cc1c[nH]c2ccccc12)C(=O)O,TOX26989,0,0,,0,0,0,0,0,0,0,0,0,204.229,1.1223,3,2,79.11
CCOP(=S)(OCC)Oc1cc(C)nc(N(CC)CC)n1,TOX22297,0,0,1,,,0,0,,0,0,,0,333.394,3.30752,0,7,56.71
CC(C)(C)NC(N)=O,TOX24365,0,0,0,0,0,0,0,0,0,0,0,0,116.164,0.4532,2,1,55.12
CCCCCCCCCCCC[N+](C)(C)C,TOX6900,0,,0,1,,0,,1,0,0,0,,228.444,4.6135,0,0,0
CC(C)c1ccc(O)cc1,TOX22299,0,0,0,0,,0,0,0,0,0,,0,136.194,2.5156,1,1,20.23
Cc1cccc(N)c1N,TOX7494,0,0,1,0,,0,0,1,0,0,1,0,122.171,1.15942,2,2,52.04
O=C([O-])COc1ccc(Cl)cc1Cl,TOX7496,0,0,0,0,0,0,0,0,0,0,0,0,220.031,1.1221,0,3,49.36
CCCCCCCCCCCCCC[N+](C)(C)C,TOX21289,0,,0,,,0,,1,0,,1,,256.498,5.3937,0,0,0
CC(C)(N=C=O)c1cccc(C(C)(C)N=C=O)c1,TOX7498,0,0,0,0,,0,0,0,0,0,0,0,244.294,2.8284,0,4,58.86
CCO[Si](CCCNC(N)=O)(OCC)OCC,TOX24493,0,0,0,0,0,0,0,0,0,0,0,0,264.398,1.0932,2,4,82.81
COC(=O)c1sccc1S(N)(=O)=O,TOX24490,0,0,0,0,0,0,0,0,0,0,0,0,221.259,0.1821,1,5,86.46
NC(=O)CN1CCCC1=O,TOX24491,0,0,0,0,0,0,0,0,0,0,0,0,142.158,-0.9059,1,2,63.4
O=C(c1ccccc1)c1ccc(O)c(O)c1O,TOX17728,0,0,,0,1,1,0,,0,0,1,0,230.219,2.0344,3,4,77.76
CCCCCOC(=O)CCCCC,TOX27581,0,0,0,0,0,0,0,,0,0,0,0,186.295,3.3001,0,2,26.3
Oc1cccc(O)c1,TOX1238,0,0,0,0,0,0,0,0,0,0,0,0,110.112,1.0978,2,2,40.46
CCCCCCOC(=O)CC,TOX27582,0,0,0,0,0,0,0,0,0,0,0,0,158.241,2.5199,0,2,26.3
CC/C=C\CCOC(=O)C(C)C,TOX27585,0,0,0,0,0,0,0,0,0,0,0,0,170.252,2.5419,0,2,26.3
CCCCCC(=O)OCCc1ccccc1,TOX27584,0,0,0,0,0,0,0,0,0,0,0,0,220.312,3.3526,0,2,26.3
CC/C=C\CCCCCO,TOX27587,0,0,0,0,,0,0,0,0,0,0,0,142.242,2.5053,1,1,20.23
CCCCCc1cccc(=O)o1,TOX27589,0,0,0,0,0,0,0,1,0,0,0,0,166.22,2.3725,0,2,30.21
O=C([O-])c1ccccc1-c1c2cc(I)c(=O)c(I)c-2oc2c(I)c([O-])c(I)cc12,TOX1233,0,0,0,,,0,0,0,0,,,0,833.879,4.4203,0,5,93.4
Cc1cc(C)c(/N=N/c2c(O)c(S(=O)(=O)[O-])cc3cc(S(=O)(=O)[O-])ccc23)cc1C,TOX1231,0,0,0,0,0,0,0,0,0,0,0,0,448.478,3.69426,1,9,159.35
COC(=O)[C@H]1[C@H]2C[C@@H]3c4[nH]c5cc(OC)ccc5c4CCN3C[C@H]2C[C@@H](OC(=O)c2cc(OC)c(OC)c(OC)c2)[C@@H]1OC,TOX1237,0,0,1,1,,1,,0,0,0,1,0,608.688,4.1711,1,10,117.78
COc1ccc2cc3[n+](cc2c1OC)CCc1cc2c(cc1-3)OCO2,TOX4602,0,0,1,,,0,0,1,0,0,1,1,336.367,3.0963,0,4,40.8
CCN(CC)c1cc2[o+]c3cc(N(CC)CC)c(C)cc3c(-c3ccc(S(=O)(=O)[O-])cc3S(=O)(=O)[O-])c2cc1C,TOX1235,0,0,0,,,0,0,0,0,0,,0,585.724,5.65154,0,8,132.18
CC[N+](C)(CC)CC,TOX24498,0,0,0,0,0,0,0,0,0,0,,0,116.228,1.4927,0,0,0
O=C(NS(=O)(=O)/C=C/c1cccs1)c1ccc(F)cc1Br,TOX28492,0,0,0,0,1,,,0,1,0,,1,390.255,3.3802,1,4,63.24
CN1C(=O)N(c2ccccc2Br)Cc2cnc(Nc3ccc4c(c3)OCC(CO)O4)nc21,TOX28493,0,0,,,,,,,,,,1,498.337,3.6912,2,7,100.05
O=C([N-]S(=O)(=O)/C=C/c1ccccc1)c1ccc(F)cc1Cl,TOX28490,0,0,0,,,0,,,1,0,,1,338.767,3.9937,0,3,65.31
CCN(CC)C(=O)c1cc(S(=O)(=O)Cc2ccccc2)c(N2CCC(c3ccccc3)CC2)cc1N(CC)CCN(C)C,TOX28496,0,0,0,,0,0,0,,0,0,,,604.861,5.9144,0,6,64.17
CS(=O)(=O)c1ccc([C@@H](C[C@H]2CCC(=O)C2)C(=O)Nc2cnccn2)cc1Cl,TOX28494,0,0,,0,0,0,0,,0,0,0,0,421.906,3.0151,1,6,106.09
CCCC[C@H]1CN(CC2CCOCC2)C(=O)OC12CCN(C1(C)CCN(C(=O)c3c(C)ncnc3C)CC1)CC2,TOX28495,0,0,0,0,0,0,0,0,0,0,0,0,555.764,4.60794,0,7,88.1
O=C1C(Cl)C(CCl)CN1c1cccc(C(F)(F)F)c1,TOX21987,0,0,1,0,0,0,0,1,0,0,0,0,312.118,3.5144,0,1,20.31
CN(C)[C@@H]1C(O)=C(C(N)=O)C(=O)[C@@]2(O)C(O)=C3C(=O)c4c(O)cccc4[C@@](C)(O)[C@H]3[C@H](O)[C@@H]12,TOX1097,0,0,0,0,0,0,0,0,0,0,0,0,460.439,-1.2436,7,10,201.85
Nc1ccc(Oc2ccc(N)cc2)cc1,TOX1094,0,0,1,1,0,0,0,0,0,0,0,0,200.241,2.6433,2,3,61.27
CCOC(=O)COC(=O)c1cc(Oc2ccc(C(F)(F)F)cc2Cl)ccc1[N+](=O)[O-],TOX21983,0,,0,1,,0,0,0,0,0,,0,447.749,4.7792,0,7,104.97
C=CCOc1ccccc1OCC(O)CNC(C)C,TOX1093,0,0,0,0,0,0,0,0,0,0,,0,265.353,1.9891,2,4,50.72
O=C(O)CF,TOX21981,0,0,0,0,,0,0,0,0,0,0,0,78.042,0.0405,1,1,37.3
CCCN1C[C@H](CSC)C[C@@H]2c3cccc4[nH]cc(c34)C[C@H]21,TOX20583,0,0,,0,,0,0,0,0,0,0,0,314.498,4.2711,1,2,19.03
CN1C(C(=O)Nc2ccccn2)C(=O)c2sc(Cl)cc2S1(=O)=O,TOX26133,0,,0,0,0,0,0,,0,,1,0,371.827,1.6206,1,6,96.44
O=C1CCCCCCCCCCCCCCO1,TOX24359,0,0,0,0,0,0,0,0,0,0,0,0,240.387,4.6145,0,2,26.3
COc1ccc(C2NC(=S)N3C(c4ccc(OC)c(OC)c4)NC(=S)N23)cc1OC,TOX28678,0,,,,0,0,0,,0,,0,0,446.554,2.7136,2,6,67.46
C[N+](C)(CCCCCC[N+](C)(C)C1c2ccccc2-c2ccccc21)C1c2ccccc2-c2ccccc21,TOX28679,0,0,0,0,0,0,0,,0,,0,0,502.746,8.2396,0,0,0
c1ccc(CNCc2ccccc2)cc1,TOX24355,0,0,0,,0,0,0,0,0,0,,0,197.281,2.9764,1,1,12.03
COc1cc2[nH]c(C)c(CCN3CCN(c4ccccc4)CC3)c2cc1OC,TOX28677,0,0,0,0,0,0,0,,0,,0,0,379.504,3.85822,1,4,40.73
C/N=C(\NC)NCc1ccccc1.C/N=C(\NC)NCc1ccccc1,TOX28674,0,0,0,0,,0,0,,0,,0,0,354.502,1.9628,4,2,72.84
OCCNCc1ccccc1,TOX24356,0,0,0,0,0,0,0,0,0,0,0,0,151.209,0.7685,2,2,32.26
O=C(Nc1ccc(S(=O)(=O)N2CCOCC2)cc1)c1cc(Cl)ccc1NS(=O)(=O)c1ccc(Cl)s1,TOX28672,0,0,0,0,0,0,0,,0,,,1,576.505,4.1289,2,7,121.88
CN[C@@]1(c2ccccc2Cl)CCCCC1=O,TOX28673,0,0,0,0,0,0,0,,0,,0,0,237.73,2.8978,1,2,29.1
ClCCN(CCCl)CCCl,TOX28670,0,0,0,0,0,0,0,1,0,0,0,1,204.528,2.0048,0,1,3.24
COC(=O)Cc1ccccc1,TOX24352,0,0,0,0,0,0,0,0,0,0,0,0,150.177,1.4021,0,2,26.3
CCCCCC[n+]1ccccc1,TOX27910,0,0,0,0,,0,0,1,0,0,,,164.272,2.5544,0,0,3.88
CO/N=C(\C(=O)N[C@@H]1C(=O)N2C(C(=O)O)=C(CSc3nnnn3C)CS[C@H]12)c1csc(N)n1.CO/N=C(\C(=O)N[C@@H]1C(=O)N2C(C(=O)O)=C(CSc3nnnn3C)CS[C@H]12)c1csc(N)n1,TOX26646,0,0,0,0,0,0,0,,0,,,0,1023.142,-1.7396,6,28,381.62
CC[N+]1(C)CCCC1.O=S(=O)([N-]S(=O)(=O)C(F)(F)F)C(F)(F)F,TOX27916,0,0,0,0,0,0,0,0,0,0,,0,394.359,2.306,0,4,82.38
CC[N+]1(C)CCCC1,TOX29306,0,0,0,0,0,0,0,0,0,0,0,0,114.212,1.2467,0,0,0
CCCC[N+]1(C)CCCC1,TOX11460,0,0,0,0,0,0,0,0,0,0,0,0,142.266,2.0269,0,0,0
CCCC[N+]1(C)CCCC1.N#CN=C=[N-],TOX27915,0,0,,0,,0,,0,0,0,0,0,208.309,2.23768,0,2,58.45
C/C(=C(\CCOC(=O)C(C)C)SS/C(CCOC(=O)C(C)C)=C(/C)N(C=O)Cc1cnc(C)nc1N)N(C=O)Cc1cnc(C)nc1N,TOX26641,,,,,,,,0,,0,,,702.904,4.68784,2,14,196.82
CCC[N+]1(C)CCCC1.O=S(=O)([N-]S(=O)(=O)C(F)(F)F)C(F)(F)F,TOX27918,0,0,0,0,0,0,0,0,0,0,,0,408.386,2.6961,0,4,82.38
CCCCCCCCn1cc[n+](C)c1.F[B-](F)(F)F,TOX27919,0,0,0,1,,,0,1,,0,1,,282.134,3.9731,0,1,8.81
O=S(=O)(O)c1cc(I)c(O)c2ncccc12,TOX26136,0,0,,0,0,0,0,,0,0,0,0,351.121,1.7917,2,4,87.49
CCCCCCCCCCCCCC/C(O)=N\C(CO)CCCCCCCCCCCCCC,TOX29346,0,0,0,0,0,0,0,0,0,0,0,0,481.85,10.4862,2,2,52.82
CO[C@@]1(NC(=O)C2SC(=C(C(N)=O)C(=O)O)S2)C(=O)N2C(C(=O)O)=C(CSc3nnnn3C)CS[C@@H]21,TOX2762,0,0,0,0,0,0,0,,0,,0,0,575.632,-1.3975,4,14,219.93
CO[C@@]1(NC(=O)Cc2cccs2)C(=O)N2C(C(=O)O)=C(COC(N)=O)CS[C@@H]21,TOX2764,0,0,0,0,0,0,0,0,0,0,0,0,427.46,0.0986,3,8,148.26
CN1CCC(=C2c3ccccc3CCc3sccc32)CC1,TOX3490,0,,0,0,,0,0,,0,0,,0,295.451,4.3742,0,2,3.24
CO[C@H](C(=O)[C@@H](O)[C@@H](C)O)C1Cc2cc3cc(O[C@H]4C[C@@H](O[C@H]5C[C@@H](O)[C@H](O)[C@@H](C)O5)[C@@H](O)[C@@H](C)O4)c(C)c(O)c3c(O)c2C(=O)[C@H]1O[C@H]1C[C@@H](O[C@H]2C[C@@H](O[C@H]3C[C@](C)(O)[C@H](O)[C@@H](C)O3)[C@H](O)[C@@H](C)O2)[C@H](O)[C@@H](C)O1,TOX3492,0,,,1,,0,,,0,,1,1,1085.156,-0.24928,11,24,358.2
C[n+]1ccccc1/C=N/O,TOX3495,0,0,0,0,0,0,0,0,0,0,0,0,137.162,0.3192,1,2,36.47
CCCN[C@H]1CCc2nc(N)sc2C1,TOX24227,0,0,0,0,0,0,0,0,0,0,0,0,211.334,1.5822,2,4,50.94
CC(C(=O)O)c1ccc2c(c1)Cc1cccnc1O2,TOX3497,0,,0,0,0,0,0,0,0,0,0,0,255.273,2.9662,1,3,59.42
O=C(Cl)CCl,TOX6472,0,0,0,0,0,0,0,,0,0,0,0,112.943,0.9906,0,1,17.07
CC(=O)Nc1nnc(S(N)(=O)=O)s1,TOX2544,0,0,0,0,0,0,0,0,0,0,0,0,222.251,-0.8561,2,6,115.04
CC(=O)NO,TOX2546,,,,,,,,0,,0,,,75.067,-0.4883,2,2,49.33
CC(=O)CC(c1ccc([N+](=O)[O-])cc1)c1c(O)c2ccccc2oc1=O,TOX2541,0,0,0,0,0,0,,0,0,0,1,0,353.33,3.5178,1,6,110.65
COc1ccc2c(c1)c(CC(=O)OCC(=O)O)c(C)n2C(=O)c1ccc(Cl)cc1,TOX2540,0,0,0,0,0,0,,0,0,0,,0,415.829,3.47052,1,6,94.83
CC(=O)Nc1ccccc1,TOX2543,0,0,0,0,0,0,0,0,0,0,0,0,135.166,1.645,1,1,29.1
CC1=C2N=C(C=C3N=C(C(C)=C4[C@@H](CCC(N)=O)[C@](C)(CC(N)=O)[C@](C)([C@@H]5N=C1[C@](C)(CCC(=O)NC[C@@H](C)OP(=O)([O-])O[C@@H]1[C@@H](CO)O[C@H](n6cnc7cc(C)c(C)cc76)[C@@H]1O)[C@H]5CC(N)=O)N4[Co+]C#N)[C@@](C)(CC(N)=O)[C@@H]3CCC(N)=O)C(C)(C)[C@@H]2CCC(N)=O,TOX24346,0,0,0,0,0,0,0,0,,0,0,0,1355.388,2.72222,9,21,477.85
CCNc1cc(O)ccc1C,TOX5269,0,0,1,0,0,0,0,,0,0,,0,151.209,2.13242,2,2,32.26
CC(C)C(C(=O)OC(C#N)c1cccc(Oc2ccccc2)c1)c1ccc(Cl)cc1,TOX621,0,0,0,,1,0,0,0,0,,1,0,419.908,6.67998,0,4,59.32
COP(=S)(OC)Oc1ccc(SC)c(C)c1,TOX620,0,0,1,0,1,0,0,0,0,0,0,0,278.335,3.61302,0,5,27.69
[Fe+3],TOX622,0,0,0,0,0,0,0,0,0,0,0,0,55.845,-0.0025,0,0,0
CC(C)(C)NC(=O)[C@H]1CC[C@H]2[C@@H]3CC[C@H]4NC(=O)C=C[C@]4(C)[C@H]3CC[C@]12C,TOX625,0,0,0,0,0,0,0,1,0,0,0,0,372.553,3.8145,2,2,58.2
CN(C)C(=S)[S-].CN(C)C(=S)[S-].CN(C)C(=S)[S-].[Fe+3],TOX624,0,,,,,0,,,,1,,0,416.511,1.1369,0,6,9.72
OC(Cn1cncn1)(Cn1cncn1)c1ccc(F)cc1F,TOX627,0,0,0,0,0,0,0,0,0,0,0,0,306.276,0.7358,1,7,81.65
O=C(NCC1CCCCN1)c1cc(OCC(F)(F)F)ccc1OCC(F)(F)F,TOX3054,0,0,0,0,0,0,0,0,0,0,0,0,414.346,3.4407,2,4,59.59
O=C(Nc1ccc2c(c1)Cc1ccccc1-2)C(F)(F)F,TOX629,0,0,1,,,0,0,,0,0,,0,277.245,3.7586,1,1,29.1
CN(C)C(=O)Nc1cccc(C(F)(F)F)c1,TOX628,0,0,0,0,0,0,0,0,0,0,0,0,232.205,2.7989,1,1,32.34
CS/C(C)=N/OC(=O)N(C)SN(C)C(=O)O/N=C(\C)SC,TOX12578,0,0,0,,0,0,0,,0,,0,,354.479,3.0792,0,9,83.8
CCCCOCCOC(=O)COc1nc(Cl)c(Cl)cc1Cl,TOX12579,0,0,0,0,0,0,0,0,0,0,,0,356.633,3.7805,0,5,57.65
Cc1c(F)c(F)c(COC(=O)C2C(/C=C(\Cl)C(F)(F)F)C2(C)C)c(F)c1F,TOX12577,0,0,0,0,0,0,0,0,0,0,,0,418.736,5.55182,0,2,26.3
C#CCC1=C(C)[C@H](OC(=O)[C@H]2[C@H](C=C(C)C)C2(C)C)CC1=O,TOX12572,0,0,0,,,0,,,0,,,0,300.398,3.4492,0,3,43.37
CC(C)(C)c1ccc(CSc2cnn(C(C)(C)C)c(=O)c2Cl)cc1,TOX12573,0,,0,1,,,,1,0,0,1,,364.942,5.2415,0,4,34.89
CCCCOC(=O)c1ccccc1C(=O)OCC(CC)CCCC,TOX6519,0,0,0,0,0,0,,0,0,0,,,334.456,5.0167,0,4,52.6
Cc1c(Cl)cccc1Nc1ccccc1C(=O)O,TOX25409,0,,0,0,0,0,,1,0,0,1,1,261.708,4.09022,2,2,49.33
CCCCCCCCCCOC(=O)c1ccccc1C(=O)OCCCCCCCCCC,TOX6512,0,0,0,0,0,0,,0,0,0,0,0,446.672,8.2816,0,4,52.6
O=C1NC(=O)C2CC=CCC12,TOX6513,0,0,0,0,0,0,0,0,0,0,0,0,151.165,0.2252,1,2,46.17
C[C@H]1c2cccc(O)c2C(=O)C2=C(O)[C@]3(O)C(=O)C(C(N)=O)=C(O)[C@@H](N(C)C)[C@@H]3[C@@H](O)[C@@H]21,TOX25405,0,0,0,0,0,0,0,,0,0,0,0,444.44,-0.3476,6,9,181.62
O=C1OC(=O)C2CC=CCC12,TOX6516,0,0,0,0,0,0,0,0,0,0,0,0,152.149,0.6522,0,3,43.37
O=C1NC(=O)c2ccccc21,TOX6514,0,0,0,0,0,0,0,0,0,0,0,0,147.133,0.5702,1,2,46.17
O=C1OC(=O)C2CCCCC12,TOX6515,0,0,0,0,0,0,0,0,0,0,0,0,154.165,0.8762,0,3,43.37
C#CCN1CC(=O)N(COC(=O)[C@@H]2[C@@H](C=C(C)C)C2(C)C)C1=O,TOX14669,0,0,0,0,0,0,0,,0,,0,0,318.373,1.6229,0,4,66.92
C=CCOC(Cn1ccnc1)c1ccc(Cl)cc1Cl,TOX4151,0,,1,1,,0,0,,0,1,,1,297.185,4.1338,0,3,27.05
COCc1cnc(C2=NC(C)(C(C)C)C(=O)N2)c(C(=O)O)c1,TOX14664,0,0,0,0,0,0,0,0,0,0,0,0,305.334,1.2173,2,5,100.88
CC(C)C1(C)N=C(c2ncccc2C(=O)O)NC1=O,TOX14665,0,0,0,0,0,0,0,0,0,0,0,0,261.281,1.0709,2,4,91.65
CCBr,TOX199,0,0,0,0,0,0,0,0,0,0,0,0,108.966,1.4012,0,0,0
ClC(Cl)Br,TOX198,,,0,0,,0,0,0,0,0,0,0,163.829,2.1425,0,0,0
O=[N+]([O-])c1cc(N(CCO)CCO)ccc1NCCO,TOX193,0,0,0,,0,0,0,0,0,1,1,0,285.3,-0.21,4,7,119.1
O=C1/C(=C2\Nc3ccc(S(=O)(=O)[O-])cc3C2=O)Nc2ccc(S(=O)(=O)[O-])cc21,TOX190,0,0,0,0,0,0,0,0,0,0,0,0,420.38,0.623,2,10,172.6
CC(C)C[C@H]1C(=O)N2CCC[C@H]2[C@]2(O)O[C@](NC(=O)[C@@H]3C=C4c5cccc6[nH]c(Br)c(c56)C[C@H]4N(C)C3)(C(C)C)C(=O)N12,TOX197,0,0,0,1,0,0,,1,,0,1,0,654.606,3.1928,3,6,118.21
OB(O)O,TOX194,0,0,0,0,0,0,0,0,0,0,0,0,61.833,-2.0518,3,3,60.69
C[C@@H](O)[C@H]1C(=O)N2C(C(=O)O)=C(SCCNC=N)C[C@H]12,TOX3143,0,0,0,0,0,0,0,0,0,0,0,0,299.352,-0.17603,4,5,113.72
Nc1ccc(S(=O)(=O)Nc2cnc3ccccc3n2)cc1,TOX22424,1,0,0,0,0,0,0,0,0,0,0,0,300.343,2.0128,2,5,97.97
O[C@H]1[C@H](O)[C@@H](O)[C@H](O)[C@@H](O)[C@H]1O,TOX3146,0,0,0,0,0,0,0,0,0,0,,0,180.156,-3.8346,6,6,121.38
O=C(O)[C@H](O)[C@@H](O)C(=O)O,TOX3632,0,0,0,0,0,0,0,0,0,0,0,0,150.086,-2.1226,4,4,115.06
CC1(C)C(/C=C\C=C/C=C\C=C2\N(CCCCS(=O)(=O)[O-])c3ccc4ccccc4c3C2(C)C)=[N+](CCCCS(=O)(=O)[O-])c2ccc3ccccc3c21,TOX3145,0,,,0,0,0,0,,0,,,0,751.991,8.3703,0,7,120.65
CNC(=O)c1c(I)c(NC(=O)CCCCC(=O)Nc2c(I)c(C(=O)O)c(I)c(C(=O)NC)c2I)c(I)c(C(=O)O)c1I,TOX3148,,,,,,,,0,,0,,,1253.868,5.5674,6,6,191
CC(=O)N(CC(C)C(=O)O)c1c(I)cc(I)c(N)c1I,TOX3149,0,0,0,0,0,0,0,,0,,,0,613.959,3.1562,2,3,83.63
COc1cc([C@@H]2c3cc4c(cc3C(O[C@@H]3O[C@@H]5COC(c6cccs6)O[C@H]5[C@H](O)[C@H]3O)C3COC(=O)[C@@H]32)OCO4)cc(OC)c1O,TOX3638,0,,,,,0,,,0,,,1,656.662,2.7529,3,14,160.83
CCCC[N+]1(C)CCCCC1.O=S(=O)([N-]S(=O)(=O)C(F)(F)F)C(F)(F)F,TOX29295,0,0,0,,0,0,0,0,0,0,,0,436.44,3.4763,0,4,82.38
COCC(O)CO,TOX29293,0,0,0,0,0,0,0,0,0,0,,0,106.121,-1.014,2,3,49.69
O=C(Nc1ccc([N+](=O)[O-])cc1)Nc1ccc([N+](=O)[O-])cc1,TOX23761,0,0,0,0,1,0,0,1,0,0,1,0,302.246,3.147,2,5,127.41
CN1C(=O)C[C@@H](C(=O)N[C@@H](Cc2c[nH]cn2)C(=O)N2CCC[C@H]2C(N)=O)NC1=O,TOX23763,0,0,0,0,0,0,0,,0,,0,0,405.415,-2.1464,4,6,170.59
CC(=O)Nc1cc(S(=O)(=O)[O-])cc2cc(S(=O)(=O)[O-])c(N=Nc3ccccc3)c(O)c12,TOX24663,0,0,0,,,0,0,0,0,0,,0,463.449,2.7274,2,10,188.45
C[C@@H]1O[C@@H](O[C@H]2C[C@@H](O)[C@]3(CO)[C@H]4[C@H](O)C[C@]5(C)[C@@H](C6=CC(=O)OC6)CC[C@]5(O)[C@@H]4CC[C@]3(O)C2)[C@H](O)[C@H](O)[C@H]1O,TOX23765,0,1,0,1,,0,,,,0,1,0,584.659,-1.515,8,12,206.6
CC(C)OC(=O)CCCCC(=O)OC(C)C,TOX7641,,0,,0,0,0,0,,0,0,,0,230.304,2.45,0,4,52.6
O=C(O)CC(O)C(=O)O,TOX7640,0,0,0,0,0,0,0,0,0,0,0,0,134.087,-1.0934,3,3,94.83
C=C(C)C(=O)OCCC[Si](Cl)(Cl)Cl,TOX7647,0,0,0,0,0,0,0,0,0,0,,0,261.608,3.1511,0,2,26.3
CCOP(=O)(SC(C)CC)N1CCSC1=O,TOX14930,0,0,0,0,0,0,0,0,0,0,0,0,283.355,3.8315,0,5,46.61
COC(=O)c1ccccc1S(=O)(=O)NC(=O)Nc1nc(C)cc(C)n1,TOX14936,0,0,0,0,0,0,0,0,0,0,0,0,364.383,1.39044,2,7,127.35
Cn1c(=O)c2[nH]c(Br)nc2n(C)c1=O,TOX24768,0,0,0,0,0,0,0,0,0,0,0,0,259.063,-0.2772,1,5,72.68
COc1cccc2c1C(=O)c1c(O)c3c(c(O)c1C2=O)C[C@@](O)(C(=O)CO)C[C@@H]3O[C@H]1C[C@H](N)[C@H](O)[C@H](C)O1,TOX10636,0,1,0,1,0,1,0,1,1,0,1,1,543.525,0.0013,6,12,206.07
CC(C=O)Cc1ccc(C(C)C)cc1,TOX24769,0,0,0,0,0,0,0,0,0,0,0,0,190.286,3.1875,0,1,17.07
O=C(CCl)Nc1ccccc1,TOX21409,0,0,0,,,0,,1,,1,0,0,169.611,1.8639,1,1,29.1
COc1ccc(OC)c(Cl)c1,TOX21403,0,0,0,0,0,0,0,0,0,0,0,0,172.611,2.3572,0,2,18.46
CCCCC(CC)(CO)CO,TOX21400,0,0,0,0,0,0,0,0,0,0,0,0,160.257,1.5576,2,2,40.46
Cc1cc(O)c(Cl)cc1C,TOX21404,0,0,0,0,0,0,0,0,0,0,,0,156.612,2.66244,1,1,20.23
NC(=O)c1ccc([N+](=O)[O-])cc1Cl,TOX21405,0,0,0,0,0,0,0,0,0,0,0,0,200.581,1.3471,1,3,86.23
CC1=CCC2C(C1)C2(C)C,TOX27462,0,0,0,,0,0,0,,0,,,0,136.238,2.9987,0,0,0
O=C1CC2CC1C1CCCC21,TOX27463,1,0,0,0,,0,0,0,0,0,0,0,150.221,2.0116,0,1,17.07
Nc1cccnc1,TOX27461,0,0,0,0,0,0,0,0,0,0,0,0,94.117,0.6638,1,2,38.91
CC(C)OCCO,TOX27466,0,0,0,0,0,0,0,0,0,0,0,0,104.149,0.4037,1,2,29.46
CCc1nccnc1C,TOX27464,1,,0,,0,0,0,0,0,0,0,0,122.171,1.34742,0,2,25.78
CC(C)c1ccc2ncccc2c1,TOX27465,0,0,0,0,0,0,0,,0,0,,0,171.243,3.3582,0,1,12.89
Cc1cccc(C(C)(C)C)c1O,TOX27468,0,0,,,0,0,0,0,0,0,0,0,164.248,2.99812,1,1,20.23
CN(C)CCCN(C)C,TOX27469,0,0,0,0,0,0,0,0,0,0,,0,130.235,0.4997,0,2,6.48
Cc1[nH]cnc1-c1ccc(Cl)cc1,TOX31586,,,,,,,,0,,0,,,192.649,3.03852,1,1,28.68
O=C(OCCN1CCOCC1)c1cccnc1Nc1cccc(C(F)(F)F)c1,TOX31587,,,,,,,,1,,0,,,395.381,3.333,1,6,63.69
O=[N+]([O-])c1cncn1CCN1CCOCC1,TOX31584,,,,,,,,0,,0,,,226.236,0.1235,0,6,73.43
Cn1c(=O)c2c(ncn2CC(=O)O)n(C)c1=O,TOX31585,,,,,,,,0,,0,,,238.203,-1.4817,1,7,99.12
CCOC(=O)C(=O)CCc1ccccc1,TOX31582,,,,,,,,0,,0,,,206.241,1.7514,0,3,43.37
CCOC(=O)C(=O)c1csc(NC=O)n1,TOX31583,,,,,,,,0,,0,,,228.229,0.4572,1,6,85.36
CO/N=C(\C(=O)O)c1csc(NC(=O)CCl)n1,TOX31580,,,,,,,,1,,0,,,277.689,0.7555,2,6,100.88
CCN1CCCC1CNC(=O)C(O)(c1ccccc1)c1ccccc1,TOX31588,,,,,,,,0,,0,,,338.451,2.523,2,3,52.57
CCN(CC)CC(=O)Oc1ccc(NC(C)=O)cc1,TOX31589,,,,,,,,0,,0,,,264.325,1.8922,1,4,58.64
CC(C)CCO,TOX5469,0,0,0,0,0,0,0,0,0,0,0,0,88.15,1.0248,1,1,20.23
C=C(C)C(=O)OCC(C)C,TOX5461,0,0,0,0,0,0,0,0,0,0,0,0,142.198,1.7617,0,2,26.3
C=C(C)C(=O)OCCCCCCCC(C)C,TOX5466,0,0,0,0,0,0,0,0,0,0,,0,226.36,4.1023,0,2,26.3
CC(C)CCCCCCCOP(=O)(Oc1ccccc1)Oc1ccccc1,TOX5465,0,0,,0,0,0,0,,0,0,,0,390.46,7.2657,0,4,44.76
O=C=NC1CCCCC1,TOX5464,0,0,,,1,0,0,0,0,0,,0,125.171,1.6549,0,2,29.43
COS(=O)(=O)[O-].C[N+]1(C)CCC(=C(c2ccccc2)c2ccccc2)CC1,TOX2948,0,0,0,0,0,0,0,0,0,0,0,0,389.517,3.4517,0,4,66.43
CC(=O)c1cccc([N+](=O)[O-])c1,TOX5722,0,0,,0,0,0,0,0,0,0,0,0,165.148,1.7974,0,3,60.21
CC(=O)c1ccccc1[N+](=O)[O-],TOX5723,0,0,,0,0,0,0,0,0,0,0,0,165.148,1.7974,0,3,60.21
CC(=O)c1ccc([N+](=O)[O-])cc1,TOX5724,0,0,0,0,0,0,0,0,0,0,0,0,165.148,1.7974,0,3,60.21
Nc1cccc([N+](=O)[O-])c1,TOX5725,0,0,0,0,0,0,0,0,0,0,0,0,138.126,1.177,1,3,69.16
Nc1ccccc1[N+](=O)[O-],TOX5726,0,0,0,0,0,0,0,0,0,0,,0,138.126,1.177,1,3,69.16
CC(C)(C)NCC(O)CSc1nc(-c2ccc(C(N)=O)s2)cs1,TOX26849,0,0,,,0,0,0,,0,,1,0,371.553,2.8116,3,7,88.24
Cc1cc(O)c2c(c1)O[C@@]1(C)CC[C@H]3C(C)(C)CCCC34CO[C@@H]2[C@H]41,TOX26843,0,0,0,,,0,,,0,,,,342.479,5.14572,1,3,38.69
COc1nc(N)nc2c1ncn2[C@@H]1O[C@H](CO)[C@@H](O)[C@@H]1O,TOX26842,0,0,,,0,0,0,0,0,0,,0,297.271,-1.9714,4,10,148.77
COc1ccc2c(=O)c(C)c(-c3ccccc3)oc2c1CN(C)C,TOX26841,0,0,1,1,0,0,0,,0,,0,0,323.392,3.83862,0,4,42.68
CC(=O)CCl,TOX1547,0,0,0,0,0,0,0,0,0,0,0,0,92.525,0.8142,0,1,17.07
CCCOC(C(=O)OC1CCN(C)CC1)(c1ccccc1)c1ccccc1,TOX26847,0,0,0,0,0,0,,0,0,0,,0,367.489,3.9942,0,4,38.77
COC(=O)[C@H]1[C@H]2C[C@@H]3c4[nH]c5cc(OC)ccc5c4CCN3C[C@H]2C[C@H](OC)[C@@H]1OC,TOX26846,0,0,0,0,0,0,0,,0,,0,0,428.529,2.9347,1,6,73.02
CC(CN1c2ccccc2Sc2cccnc21)N(C)C,TOX26845,0,0,0,,0,,0,,0,,,,285.416,3.6344,0,4,19.37
COc1ccc2c(c1)OC(C)(C)[C@@H](c1ccccc1)[C@@H]2c1ccc(OCCN2CCCC2)cc1,TOX26844,0,,0,,0,,,,,,,,457.614,6.2565,0,4,30.93
C=C(C)c1ccccc1,TOX5661,0,0,0,0,0,0,0,0,0,0,0,0,118.179,2.7197,0,0,0
O=C(Cl)c1c(Cl)cccc1Cl,TOX12891,0,0,0,0,0,0,0,0,0,0,0,0,209.459,3.3724,0,1,17.07
CCCCCCCCCCCCN1CCOCC1,TOX22171,0,0,0,0,0,0,0,,0,0,,0,255.446,4.2395,0,2,12.47
C1CN(CCOCCN2CCOCC2)CCO1,TOX22170,0,0,0,0,0,0,0,0,0,0,0,0,244.335,-0.3326,0,5,34.17
COc1ccc(C=O)cc1OC,TOX6285,0,0,0,0,1,0,0,0,0,0,0,0,166.176,1.5163,0,3,35.53
CCCCCCC(=O)OCC,TOX20112,0,0,0,0,,0,0,0,0,0,,0,158.241,2.5199,0,2,26.3
CCCC(=O)OCC,TOX20111,0,0,0,0,0,0,0,,0,0,0,0,116.16,1.3496,0,2,26.3
CCOC(=O)CC,TOX20110,0,0,0,0,0,0,0,0,0,0,0,0,102.133,0.9595,0,2,26.3
Sc1nnc(S)s1,TOX20115,0,0,1,0,0,0,0,,0,0,0,0,150.253,1.1155,2,5,25.78
C=CC(=O)NC(C)(C)C,TOX20114,0,0,0,0,0,0,0,0,0,0,0,0,127.187,1.0871,1,1,29.1
[Cu+2],TOX20449,0,,0,0,,0,0,,0,1,,0,63.546,-0.0025,0,0,0
COc1ccc(Nc2ccc(OC)cc2)cc1,TOX5093,0,0,,,1,0,0,0,1,0,,,229.279,3.4474,1,3,30.49
CCOP(=S)(OCC)O/N=C(\C#N)c1ccccc1,TOX14324,0,0,1,0,1,0,0,0,0,0,,0,298.304,3.22838,0,6,63.84
COC(=O)CCCCC(=O)OC,TOX5096,0,0,0,0,0,0,0,0,0,0,0,0,174.196,0.8928,0,4,52.6
COCCOC(=O)c1ccccc1C(=O)OCCOC,TOX5094,0,0,0,0,0,0,0,0,0,0,0,0,282.292,1.293,0,6,71.06
COc1cc(CCN)c(OC)cc1Br,TOX28809,0,0,,,0,0,0,,0,,,0,260.131,1.9675,1,3,44.48
COc1cc(C[C@@H](C)N)c(OC)cc1Br,TOX28808,0,0,0,1,0,0,,,0,0,,0,274.158,2.356,1,3,44.48
Cc1nc2ccccc2c(=O)n1-c1ccccc1Cl,TOX28801,0,0,,0,1,0,0,,0,0,,0,270.719,3.34752,0,3,34.89
C=CCC1([C@@H](C)CCC)C(=O)NC(=O)NC1=O,TOX28800,0,0,0,0,0,0,0,,0,,0,0,238.287,1.3511,2,3,75.27
CC[C@H]1C[C@@H]2C[C@H]3c4[nH]c5ccc(OC)cc5c4CCN(C2)[C@@H]13,TOX28803,0,0,,0,0,0,0,0,0,1,0,0,310.441,3.9366,1,2,28.26
CCC(N)Cc1c[nH]c2ccccc12,TOX28802,0,0,1,0,0,0,0,,0,,,0,188.274,2.4477,2,1,41.81
COc1cc(CCN)cc(OC)c1OC,TOX28805,0,0,0,1,0,0,0,0,0,0,0,0,211.261,1.2136,1,4,53.71
CCCSc1cc(OC)c(CCN)cc1OC,TOX28804,0,,1,,,0,,,1,,,1,255.383,2.7071,1,4,44.48
COc1cc(C[C@H](C)N)c(OC)cc1Br,TOX28807,0,0,0,0,0,0,,,0,,,0,274.158,2.356,1,3,44.48
COc1cc(CC(C)C)cc(OC)c1OC,TOX28806,0,0,0,0,0,0,,0,0,0,0,0,224.3,2.9109,0,3,27.69
CCCN(CCC)c1c([N+](=O)[O-])cc(C(F)(F)F)cc1[N+](=O)[O-],TOX1395,0,0,0,0,0,0,0,0,0,0,1,0,335.282,4.1482,0,5,89.52
CC1=C(C)C(=O)C(C(CCCCCC(=O)O)c2ccccc2)=C(C)C1=O,TOX1397,,,,,,,,1,,0,,,354.446,4.61,1,3,71.44
CN1C(=O)OC(C)(C)C1=O,TOX1396,0,0,0,0,0,0,0,0,0,0,0,0,143.142,0.3736,0,3,46.61
Cc1ccc(OP(=O)(Oc2ccc(C)cc2)Oc2ccc(C)cc2)cc1,TOX1391,0,0,1,0,0,0,0,0,0,0,1,0,368.369,6.25676,0,4,44.76
ClCC(Cl)CCl,TOX1390,0,0,0,0,1,0,0,0,0,0,0,0,147.432,2.0714,0,0,0
OCCOCCOCCO,TOX1393,0,0,0,0,0,0,0,0,0,0,0,0,150.174,-0.9958,2,4,58.92
OCCN(CCO)CCO,TOX1392,0,0,0,0,0,0,0,0,0,0,0,0,149.19,-1.7347,3,4,63.93
CC(C)NCC(O)c1ccc(O)c(O)c1,TOX5486,0,0,1,0,0,0,0,0,0,0,0,0,211.261,1.1292,4,4,72.72
Cc1cc(C)c(N)cc1C,TOX1398,0,0,0,0,0,0,0,0,0,0,0,0,135.21,2.19406,1,1,26.02
CC1(C)CCC(Cc2ccc(Cl)cc2)C1(O)Cn1cncn1,TOX14497,0,0,,,,0,,1,0,0,1,,319.836,3.3415,1,4,50.94
N#CN,TOX14490,0,0,0,0,0,0,0,0,0,0,0,0,42.041,-0.57382,1,2,49.81
O=c1[nH]sc2ccccc12,TOX12523,0,,,,0,0,,,0,1,1,,151.19,1.5896,1,2,32.86
CN1C(C(=O)Nc2ccccn2)=C(O)c2ccccc2S1(=O)=O,TOX1170,0,0,1,0,0,0,0,0,0,0,1,0,331.353,1.581,2,5,99.6
CC(=O)Nc1ccccc1C,TOX4413,0,0,0,0,0,0,0,0,0,0,0,0,149.193,1.95342,1,1,29.1
CC(=O)Nc1cccc(C)c1,TOX4412,0,0,0,0,0,0,0,0,0,0,0,0,149.193,1.95342,1,1,29.1
CCCCCCCC/C=C/CCCCCCCC(=O)OCCOCC(OCCO)C1OC(OCCO)CC1OCCO,TOX1175,0,0,0,,0,0,0,0,0,0,,0,604.822,4.4626,3,10,133.14
Brc1cc(-c2ccc(Br)c(Br)c2Br)cc(Br)c1Br,TOX1174,0,0,1,0,0,0,0,0,0,0,,0,627.588,7.9286,0,0,0
CC(=O)Nc1ccc(OCC(O)CNC(C)C)cc1,TOX1179,0,0,0,0,0,0,0,0,0,,0,0,266.341,1.3827,3,4,70.59
COc1ccc(-c2ccccc2)cc1NNC(=O)OC(C)C,TOX12525,0,0,1,0,,0,,1,,0,,0,300.358,3.8237,2,4,59.59
C=CCCCCCCC=C,TOX2159,0,0,0,,0,0,0,0,0,1,0,0,138.254,3.699,0,0,0
CCCC[Sn](CCCC)(CCCC)CCCC,TOX2153,0,,,0,,0,1,1,0,1,1,,347.175,6.6356,0,0,0
CC(C)(O)C(=O)Nc1ccc([N+](=O)[O-])c(C(F)(F)F)c1,TOX13562,1,0,0,0,,0,0,1,0,0,1,,292.213,2.323,2,4,92.47
CC1=C2[C@H](/C=C(\C)C(=O)O)CC[C@@H](C)[C@H]2[C@H](O)C1,TOX13564,0,0,0,0,0,0,0,0,0,0,0,0,250.338,2.7607,2,2,57.53
Cl[In](Cl)Cl,TOX13566,0,0,0,0,1,0,0,1,0,0,0,0,221.177,1.6877,0,0,0
O=CO[AlH3](OC=O)OC=O,TOX24724,0,0,0,0,0,0,0,0,0,0,,0,165.057,-2.3128,0,6,78.9
CCCCOC(=O)CO,TOX24725,0,0,0,0,0,0,0,0,0,0,0,0,132.159,0.322,1,3,46.53
CCCC(=O)[O-],TOX17672,0,0,0,0,0,0,0,,0,,0,0,87.098,-0.4636,0,2,40.13
CN(C1CCCCC1)C1CCCCC1,TOX24727,0,0,0,0,0,0,0,0,0,0,0,0,195.35,3.5836,0,1,3.24
Cc1ccnc(N)c1,TOX24720,0,0,0,0,0,0,0,0,0,0,0,0,108.144,0.97222,1,2,38.91
CN(C)C(C)(C)CO,TOX24721,0,0,0,0,1,0,0,0,0,0,0,0,117.192,0.3189,1,2,23.47
CC(=O)CC(=O)Nc1ccc(S(=O)(=O)[O-])cc1,TOX24722,0,0,0,0,0,0,0,0,0,0,,0,256.259,0.5083,1,5,103.37
CC(=O)O[AlH3](O)O,TOX24723,0,0,0,0,0,0,0,0,0,0,0,0,123.064,-2.2841,2,4,66.76
[As]#[In],TOX3825,0,0,0,0,,0,0,0,0,0,0,0,189.74,-0.7616,0,0,0
CC1(C)CC(N=C=O)CC(C)(CN=C=O)C1,TOX3826,0,0,0,0,0,0,0,0,0,0,0,0,222.288,2.243,0,4,58.86
CN(C)CCCO[C@H]1[C@@H](C(O)CO)O[C@@H]2OC(C)(C)O[C@H]12,TOX25883,0,0,,0,0,0,0,0,0,0,0,0,305.371,-0.4471,2,7,80.62
CCN(CC)CCOC(=O)C(c1ccccc1)c1ccccc1,TOX25880,0,0,0,0,0,0,0,0,0,0,,0,311.425,3.7035,0,3,29.54
COS(=O)(=O)[O-],TOX22406,0,0,0,0,0,0,0,0,0,0,0,0,111.098,-0.907,0,4,66.43
CN(Cc1cc(Br)cc(Br)c1N)C1CCCCC1,TOX25886,0,0,,0,,0,0,0,0,0,,,376.136,4.5583,1,2,29.26
CCCCC(CC)COC(=O)/C=C/c1ccc(OC)cc1,TOX28119,0,0,0,0,0,0,0,0,0,0,0,0,290.403,4.468,0,3,35.53
COCCOC(=O)CC#N,TOX18831,0,0,0,0,0,0,0,0,0,0,0,0,143.142,0.08968,0,4,59.32
CCCC(=O)OC(C)(C)Cc1ccccc1,TOX18830,0,0,0,0,0,0,0,0,0,0,,0,220.312,3.351,0,2,26.3
COC(C)=O,TOX1767,0,0,0,0,0,0,0,0,0,0,0,0,74.079,0.1793,0,2,26.3
ClC1=C(Cl)C2(Cl)C3C(Cl)C(Cl)CC3C1(Cl)C2(Cl)Cl,TOX28117,0,,0,,,1,,,0,,1,,409.782,5.6828,0,0,0
N#CCCN(CCO)CCO,TOX24603,0,0,0,0,0,0,0,,0,0,0,0,158.201,-0.81332,2,4,67.49
CN1CCN(C(c2ccccc2)c2ccc(Cl)cc2)CC1,TOX25360,0,0,0,0,0,0,0,,0,,,0,300.833,3.6768,0,2,6.48
OCC1CC=CCC1,TOX24600,0,0,,,0,0,0,0,0,0,0,0,112.172,1.335,1,1,20.23
COC(=O)C1=C(C)NC(C)=C(C(=O)O[C@H]2CCN(Cc3ccccc3)C2)[C@H]1c1cccc([N+](=O)[O-])c1,TOX28580,0,0,0,,0,0,,,0,,1,,491.544,3.8203,1,8,111.01
C[N+]1(CCF)[C@H]2CC[C@@H]1C[C@H](OC(=O)C(O)(c1ccccc1)c1ccccc1)C2,TOX28581,,,,,,,,0,,0,,,398.498,3.5752,1,3,46.53
COC[C@H](c1ccc(C(F)(F)F)cc1)N1CCN(C2(C)CCN(C(=O)c3c(C)ncnc3C)CC2)C[C@H]1C,TOX28582,0,0,0,0,0,0,0,,0,0,0,0,533.639,4.50074,0,6,61.8
C[C@@H]1C[C@H]2[C@@H]3CCC4=CC(=O)C=C[C@]4(C)[C@@]3(F)[C@@H](O)C[C@]2(C)[C@@]1(O)C(=O)CO,TOX384,1,1,,,0,0,0,0,0,0,0,0,392.467,1.8957,3,5,94.83
Cc1c(-c2ccc(O)cc2)n(Cc2ccc(OCCN3CCCCCC3)cc2)c2ccc(O)cc12,TOX28583,0,0,0,1,,,0,0,0,,1,0,470.613,6.33102,2,5,57.86
COC(=O)[C@H]1[C@H]2C[C@@H]3c4[nH]c5ccccc5c4CCN3C[C@H]2C[C@@H](OC(=O)c2cc(OC)c(OC)c(OC)c2)[C@@H]1OC,TOX383,0,,1,,0,0,,,0,,1,0,578.662,4.1625,1,9,108.55
CC(=O)O[C@H]1CC[C@@]2(C)C(=CC[C@H]3[C@@H]4CCC(=O)[C@@]4(C)CC[C@@H]32)C1,TOX380,0,0,0,,1,1,0,,0,0,1,0,330.468,4.45,0,3,43.37
CC1(C)[C@@H](C=C(Br)Br)[C@H]1C(=O)O[C@H](C#N)c1cccc(Oc2ccccc2)c1,TOX381,0,0,0,0,0,0,,0,0,,1,,505.206,6.49018,0,4,59.32
N#CCCCC(C#N)CCC#N,TOX21234,0,0,0,0,,0,0,,0,0,0,0,161.208,2.12384,0,3,71.37
CC1=CC=C(C(C)C)CC1,TOX21237,0,0,0,0,0,0,0,0,0,0,,0,136.238,3.3089,0,0,0
COc1nc(C)nc(N)n1,TOX21230,0,0,0,0,,0,0,0,0,0,,0,140.146,-0.22918,1,5,73.92
CC(C)c1cc(C(C)C)cc(C(C)C)c1,TOX21232,0,0,0,0,0,0,0,0,0,0,0,0,204.357,5.0568,0,0,0
NCC1CCCC(CN)C1,TOX21238,0,0,0,0,0,0,0,0,0,0,0,0,142.246,0.7102,2,2,52.04
O=C(Nc1ccccc1)Nc1ccnc(Cl)c1,TOX14634,0,,1,,,0,,1,0,0,1,,247.685,3.379,2,2,54.02
CC(O)CC(C)O,TOX12878,0,0,0,0,0,0,0,0,0,0,0,0,104.149,0.1381,2,2,40.46
c1ccc(OCCOc2ccccc2)cc1,TOX6706,0,0,1,0,1,0,0,0,0,0,1,0,214.264,3.1444,0,2,18.46
Cc1ccc(S(=O)(=O)O)cc1,TOX6701,0,0,0,0,,,0,0,0,0,0,0,172.205,1.24172,1,2,54.37
CN(C)C(=O)CCSC(SCCC(=O)[O-])c1cccc(/C=C/c2ccc3ccc(Cl)cc3n2)c1,TOX26358,0,,1,,1,0,,,1,,,,514.092,5.1419,0,6,73.33
CCCNC(C)C(=O)Nc1ccccc1C,TOX11956,0,0,0,0,0,0,0,0,0,0,0,0,220.316,2.32162,2,2,41.13
FCOC(C(F)(F)F)C(F)(F)F,TOX26614,0,0,0,0,0,0,0,,0,,0,0,200.053,2.4232,0,1,9.23
COS(=O)(=O)[O-].C[N+]1(C)CCCCC1COC(=O)C(O)(c1ccccc1)c1ccccc1,TOX26615,0,0,0,0,0,0,0,,0,,,0,465.568,2.1876,1,7,112.96
FC(F)(F)C(F)(F)C(F)(F)C(F)(F)C(F)(F)F,TOX26613,0,0,0,0,0,0,0,,0,,0,0,288.031,4.0169,0,0,0
O=C1c2cccc3c2[C@H](CCC3)CN1[C@@H]1CN2CCC1CC2,TOX26610,0,0,,0,0,0,0,0,0,0,0,0,296.414,2.6565,0,2,23.55
C=CCNC1=C2C[C@@H](C)C[C@H](OC)[C@H](O)[C@@H](C)C=C(C)[C@H](OC(N)=O)[C@@H](OC)C=CC=C(C)C(=O)NC(=CC1=O)C2=O,TOX26352,0,0,0,0,,0,0,,0,,,1,585.698,2.5376,4,9,166.28
CN1CCC[C@@H]1c1cccnc1,TOX26351,,,,,,,,0,,0,,,162.236,1.8483,0,2,16.13
Clc1ccc(C(Cn2ccnc2)OCc2ccsc2Cl)c(Cl)c1,TOX26619,0,,0,1,,,0,,0,1,,,387.719,5.8629,0,4,27.05
c1ccc2c(c1)ccc1ccccc12,TOX4254,0,0,0,0,0,0,0,0,0,0,0,0,178.234,3.993,0,0,0
CCCC1CCCCN1,TOX26821,,,,,,,,0,,0,,,127.231,1.9286,1,1,12.03
CCOP(=S)(OCC)SCn1c(=O)oc2cc(Cl)ccc21,TOX4259,0,0,1,1,0,0,0,1,0,1,,0,367.816,4.2361,0,7,53.6
CCCCC/C=C\C/C=C\CCCCCCCC(=O)OCC,TOX26820,0,0,0,0,0,0,0,,0,1,0,0,308.506,6.363,0,2,26.3
COC(=O)c1nc(Cl)c(Cl)nc1N,TOX31434,,,,,,,,1,,1,,,222.031,1.1522,1,5,78.1
CC(=O)OCC[N+](C)(C)C,TOX28904,,,,,,,,0,,0,,,146.21,0.2557,0,2,26.3
CC1=C2[C@H](/C=C(\C)C(=O)O)CC[C@@H](C)[C@H]2CC1,TOX14089,0,0,0,0,,0,,1,0,1,,0,234.339,3.7899,1,1,37.3
O=C([O-])CCCc1ccccc1,TOX20948,,,,,,,,0,,0,,,163.196,0.7592,0,2,40.13
C=C[Si](OC(C)=O)(OC(C)=O)OC(C)=O,TOX24938,0,0,0,0,0,0,0,,0,1,0,0,232.264,0.3398,0,6,78.9
C#C[C@]1(O)C=C[C@H]2[C@@H]3CCC4=CC(=O)CC[C@@H]4[C@H]3CC[C@@]21CC,TOX26478,1,1,0,,1,1,0,,0,0,,0,310.437,3.6586,1,2,37.3
CC(=C\c1ccccc1)/C=C1/SC(=S)N(CC(=O)O)C1=O,TOX26479,0,0,0,,0,0,,,1,,0,0,319.407,2.9187,1,4,57.61
CC(C)(C)c1ccc(C(=O)CCCN2CCC(OC(c3ccccc3)c3ccccc3)CC2)cc1,TOX26472,0,0,,0,,0,0,,0,,,,469.669,7.2176,0,3,29.54
COc1cccc(N(C)C(=S)Oc2ccc3c(c2)CCCC3)n1,TOX26470,1,0,0,,,0,0,1,0,0,,0,328.437,3.7691,0,4,34.59
CC(CCc1ccc(O)cc1)NCC(O)c1ccc(O)cc1,TOX26471,0,0,0,0,0,0,0,,0,,0,0,301.386,2.7421,4,4,72.72
O=C([O-])c1ccc(NC(=O)[C@H](Cc2ccc(O)cc2)NC(=O)c2ccccc2)cc1,TOX26476,0,0,0,0,0,0,0,,0,,0,0,403.414,1.7355,3,5,118.56
CCOC(=O)OC(C)OC1=C(C(=O)Nc2ccccn2)N(C)S(=O)(=O)c2ccccc21,TOX26474,,,,,,,,0,,0,,,447.469,2.5587,1,8,124.13
COc1cc(C(=O)N2CCCCCCC2)cc(OC)c1OC,TOX26475,0,0,0,0,0,0,0,0,0,0,,0,307.39,3.1187,0,4,48
CO[C@H]1C[C@H](O[C@H]2[C@H](C)O[C@@H](O[C@@H]3C(C)=CC[C@@H]4C[C@@H](C[C@]5(C=C[C@H](C)[C@@H](C6CCCCC6)O5)O4)OC(=O)[C@@H]4C=C(C)[C@@H](O)[C@H]5OCC(=CC=C[C@@H]3C)[C@@]45O)C[C@@H]2OC)O[C@@H](C)[C@@H]1O,TOX28908,0,0,0,0,,0,,,,,1,,899.128,5.9116,3,14,170.06
CN1C(=O)N(C)C(O)C1O,TOX24934,0,0,0,0,0,0,0,0,0,0,0,0,146.146,-1.3796,2,3,64.01
CC(C)c1ccc(S(=O)(=O)O)cc1,TOX24932,0,0,0,0,0,0,0,0,0,0,0,0,200.259,2.0567,1,2,54.37
CC(C)(c1ccc(OCC2CO2)cc1)c1ccc(OCC2CO2)cc1,TOX4624,0,0,0,1,0,0,,0,0,1,,0,340.419,3.5677,0,4,43.52
c1ccc(SCCSc2ccccc2)cc1,TOX4625,0,0,,,1,0,0,0,0,0,,0,246.4,4.571,0,2,0
COCCOCCOC,TOX4621,0,0,0,0,0,0,0,0,0,0,0,0,134.175,0.2958,0,3,27.69
CCCCNC(=O)OCC#CI,TOX8038,0,0,0,,,0,0,,1,0,1,1,281.093,1.9086,1,2,38.33
O=C(O)C1=NN(c2ccc(S(=O)(=O)O)cc2)C(=O)C1,TOX21273,0,0,0,0,0,0,0,0,0,0,0,0,284.249,0.1106,2,5,124.34
NC(=O)NNC(N)=O,TOX4628,0,,0,0,0,0,0,0,0,0,,0,118.096,-1.762,4,2,110.24
COC(=O)/C=C/C=C(C)/C=C/C=C(C)/C=C/C=C(C)/C=C/C=C(C)\C=C/C(=O)O,TOX4629,0,0,0,,,0,0,1,0,0,0,0,394.511,5.8102,1,3,63.6
COc1ccc(Cl)cc1C(=O)NCCc1ccc(S(N)(=O)=O)cc1,TOX31449,,,,,,,,0,,0,,,368.842,1.9685,2,4,98.49
Cc1cn([C@@H]2O[C@H](CO)[C@@H](O)[C@@H]2F)c(=O)[nH]c1=O,TOX31448,,,,,,,,0,,0,,,260.221,-1.56628,3,6,104.55
CCC(CC)(CNC(=O)CCCO)c1cccc(OC)c1,TOX31443,,,,,,,,0,,0,,,293.407,2.6417,2,3,58.56
COc1ccnc2c1CCCCC2S(=O)c1nc2ccccc2[nH]1,TOX31442,,,,,,,,1,,0,,,341.436,3.5418,1,4,67.87
CCn1c(=O)c2c(nc(/C=C/c3ccc(OC)c(OC)c3)n2C)n(CC)c1=O,TOX31441,,,,,,,,0,,0,,,384.436,2.1241,0,8,80.28
CCCc1ccc(OCC(=O)N2CCN(C(=O)COc3ccc(CCC)cc3OC)CC2)c(OC)c1,TOX31440,,,,,,,,1,,0,,,498.62,3.7374,0,6,77.54
CC(C)(C)c1cc(C=O)cc(C(C)(C)C)c1O,TOX31447,,,,,,,,0,,0,,,234.339,3.7997,1,2,37.3
CCC(=O)N(c1ccccc1)C1CCNCC1,TOX31446,,,,,,,,0,,0,,,232.327,2.1816,1,2,32.34
O=C(CBr)Nc1ccc(Cl)cc1C(=O)c1ccccc1F,TOX31445,,,,,,,,,,0,,,370.605,4.0435,1,2,46.17
O=C1C=CC(=O)N1c1ccccc1,TOX21274,0,,0,,,,,,,1,,,173.171,1.116,0,2,37.38
CCOC(=O)NC(C)(C)Cc1ccc(Cl)cc1,TOX28720,0,0,0,0,0,0,0,0,0,0,0,0,255.745,3.4072,1,2,38.33
C=C(c1ccc(C(=O)O)cc1)c1cc2c(cc1C)C(C)(C)CCC2(C)C,TOX20619,0,0,0,0,0,,,,0,1,1,,348.486,6.10372,1,1,37.3
CC(=O)C(=O)[O-],TOX20614,0,0,0,0,0,0,0,0,0,0,0,0,87.054,-1.6747,0,3,57.2
COc1cc(S(C)=O)ccc1-c1nc2ncccc2[nH]1,TOX20617,0,0,,0,0,0,0,,0,,0,0,287.344,2.3709,1,4,67.87
COCCCCCCCCOCCC[Si](C)(O[Si](C)(C)C)O[Si](C)(C)C,TOX20611,0,,0,,,,0,1,0,,1,0,422.831,6.1551,0,4,36.92
CC(=O)OC1C2(C)CCC(C2)C1(C)C,TOX27197,0,0,0,0,0,0,0,0,0,0,0,0,196.29,2.7643,0,2,26.3
O=S(=O)([O-])[O-].[Li+].[Li+],TOX28472,0,0,0,0,0,0,0,0,0,0,0,0,109.945,-7.33,0,4,80.26
O=Cc1c2ccccc2c(Cl)c2ccccc12,TOX28473,0,1,0,0,0,1,,1,0,1,1,0,240.689,4.4589,0,1,17.07
CCCCCBr,TOX28474,0,0,0,0,0,0,0,0,0,0,0,0,151.047,2.5715,0,0,0
CCCC[n+]1ccc(C)cc1,TOX29302,0,0,1,0,1,1,0,1,0,0,1,0,150.245,2.08262,0,0,3.88
CC[N+]1(C)CCCC1.F[B-](F)(F)F,TOX28477,0,0,0,0,0,0,0,,0,0,0,0,201.016,2.5467,0,0,0
Cc1[nH]nc2c1N=C(c1ccccc1Cl)c1cc([N+](=O)[O-])ccc1N2,TOX28479,0,0,1,1,,1,,1,1,,,1,353.769,4.50582,2,5,96.21
COC(=O)Nc1nc2cc(S(=O)c3ccccc3)ccc2[nH]1,TOX24112,0,0,1,0,0,0,0,0,0,0,0,1,315.354,2.9079,2,4,84.08
CC1CCC(=O)C1=O,TOX27709,0,0,0,0,0,0,0,0,0,0,0,0,112.128,0.5545,0,2,34.14
CCN1C(=O)c2ccccc2C1Nc1ccc(OCCN2CCCCC2)cc1,TOX28726,0,0,0,0,0,0,0,0,0,0,0,0,379.504,4.1377,1,4,44.81
O=C1CCCCCCCCCCOCCCCO1,TOX27703,0,0,0,1,0,0,0,0,0,0,0,0,256.386,3.8509,0,3,35.53
CSSc1ccoc1C,TOX27702,0,0,0,0,0,0,0,0,0,0,0,0,160.263,2.95812,0,3,13.14
Cc1occc(=O)c1OC(=O)C(C)C,TOX27701,0,0,0,0,0,0,0,0,0,0,0,0,196.202,1.50962,0,4,56.51
CCCc1ccccc1O,TOX27700,0,0,0,,0,0,0,,0,0,1,0,136.194,2.3447,1,1,20.23
CCC(=O)OCc1ccc(OC)cc1,TOX27706,0,0,0,0,0,0,0,0,0,0,0,0,194.23,2.1484,0,3,35.53
CCCC1CCOC(C)S1,TOX27704,0,0,0,0,0,0,0,0,0,0,0,0,160.282,2.6546,0,2,9.23
Cc1cc(Nc2ccccc2C(=O)O)ccc1Cl,TOX28614,0,,1,0,,0,,,0,,1,,261.708,4.09022,2,2,49.33
CC(C)C[C@H]1C(=O)N2CCC[C@H]2[C@]2(O)O[C@](NC(=O)[C@@H]3C[C@@H]4c5cccc6[nH]cc(c56)C[C@H]4N(C)C3)(C(C)C)C(=O)N12,TOX28615,0,0,0,0,0,0,,,0,,0,0,577.726,2.5206,3,6,118.21
CC(C)C[C@H](NC(=O)[C@H](CCc1ccccc1)NC(=O)CN1CCOCC1)C(=O)N[C@@H](Cc1ccccc1)C(=O)N[C@@H](CC(C)C)C(=O)[C@@]1(C)CO1,TOX28616,0,,0,,,,,1,1,1,0,1,719.924,2.5835,4,8,158.47
COC(=O)N[C@H](C(=O)N[C@@H](Cc1ccccc1)[C@@H](O)CN(Cc1ccc(-c2ccccn2)cc1)NC(=O)[C@@H](NC(=O)OC)C(C)(C)C)C(C)(C)C,TOX28617,0,0,0,0,,0,,0,0,0,,0,704.869,4.2116,5,9,171.22
O=C(Nc1ccc(Cl)cc1)Nc1ccc(Cl)c(C(F)(F)F)c1,TOX28610,0,0,0,,,0,,,0,,1,1,349.139,5.6562,2,1,41.13
CC(C)n1nc(-c2cc3cc(O)ccc3[nH]2)c2c(N)ncnc21,TOX28611,0,,1,,,0,,,1,0,0,,308.345,2.8433,3,6,105.64
CC(=O)OCC(=O)[C@@]1(O)CCC2C3CCC4=CC(=O)CC[C@]4(C)C3[C@@H](O)C[C@@]21C,TOX28612,1,1,0,,,0,0,0,0,0,0,0,404.503,2.3524,2,6,100.9
C1CN(P2(N3CC3)=NP(N3CC3)(N3CC3)=NP(N3CC3)(N3CC3)=N2)CCO1,TOX28613,0,0,0,0,0,0,0,,0,,0,1,431.362,1.7488,0,10,64.6
CC(C)(C)C(=O)OCOC(=O)C1N2C(=O)CC2S(=O)(=O)C1(C)C,TOX28618,0,,0,0,0,0,,,0,0,,,347.389,0.2104,0,7,107.05
CC(C)NCC(O)c1ccc([N+](=O)[O-])cc1,TOX28619,0,0,0,0,0,0,0,0,0,0,0,0,224.26,1.6262,2,4,75.4
O=C1CC2(CCCC2)CC(=O)N1CCCCN1CCN(c2ncccn2)CC1,TOX2707,0,0,0,0,0,0,0,1,0,0,0,0,385.512,2.0882,0,6,69.64
Cc1ccc(Cl)c(OCC(O)CNC(C)(C)C)c1,TOX2704,,,,,,,,0,,0,,,271.788,2.77622,2,3,41.49
CS(=O)(=O)Cl,TOX1615,0,0,0,0,0,0,0,0,0,0,0,0,114.553,0.1848,0,2,34.14
Cc1cccc(C(=O)O)c1,TOX1617,0,0,0,0,0,0,0,0,0,0,0,0,136.15,1.69322,1,1,37.3
O=C(O)c1cccc(O)c1,TOX1610,0,0,0,0,0,0,0,0,0,0,0,0,138.122,1.0904,2,2,57.53
Cc1ccc(C(=O)O)cc1,TOX1618,0,0,0,0,0,0,0,0,0,0,0,0,136.15,1.69322,1,1,37.3
CCC(C(=O)OCCN(CC)CC)c1ccccc1,TOX25640,0,0,,0,0,0,0,0,0,0,0,0,263.381,3.0652,0,3,29.54
C[C@]12CC[C@H]3[C@@H](CCC4=CC(=O)CC[C@@]43C)[C@@H]1CC[C@]2(O)C(=O)CO,TOX25642,1,1,0,,,0,0,0,0,0,0,0,346.467,2.8108,2,4,74.6
COc1cc([C@@H]2c3cc4c(cc3[C@H](O)[C@H]3COC(=O)[C@H]23)OCO4)cc(OC)c1OC,TOX25645,0,,1,0,0,,,,1,0,1,0,414.41,2.4092,1,8,92.68
NNS(=O)(=O)c1ccc(Oc2ccc(S(=O)(=O)NN)cc2)cc1,TOX6499,0,0,,0,0,0,0,0,0,0,0,0,358.401,-0.2171,4,7,153.61
C[C@@H]1C[C@H]2[C@@H]3CCC4=CC(=O)C=C[C@]4(C)[C@@]3(F)[C@@H](O)C[C@]2(C)[C@H]1C(=O)CO,TOX25647,1,1,,,0,0,0,,0,0,0,0,376.468,2.7808,2,4,74.6
NC/C=C/C(=O)O,TOX25648,,,,,,,,0,,0,,,101.105,-0.4141,2,2,63.32
CC(=O)OC(C)(C)C1CC=C(C)CC1,TOX6496,0,0,0,0,1,0,0,0,0,0,0,0,196.29,3.0745,0,2,26.3
Cl[Si](Cl)(c1ccccc1)c1ccccc1,TOX6494,0,0,0,0,0,0,0,0,0,0,1,0,253.204,2.7206,0,0,0
COCCOC,TOX5286,0,0,0,0,0,0,0,0,0,0,0,0,90.122,0.2792,0,2,18.46
CCOCCOCC,TOX5285,0,0,0,0,0,0,0,0,0,0,0,0,118.176,1.0594,0,2,18.46
O=[N+]([O-])c1cccc2ccccc12,TOX978,0,0,,0,0,0,0,0,0,0,1,0,173.171,2.748,0,2,43.14
O=C(O)CCC(=O)C(=O)O,TOX13179,0,0,0,0,0,0,0,0,0,0,0,0,146.098,-0.4951,2,3,91.67
S=C([S-])NCCNC(=S)[S-],TOX603,0,0,0,0,0,0,0,1,0,0,,0,210.374,-0.1708,2,4,24.06
O=C1NCCN1,TOX602,0,0,0,0,0,0,0,0,0,0,,0,86.094,-0.7008,2,1,41.13
C[N+](=O)[O-],TOX977,0,0,0,0,0,0,0,1,0,0,0,0,61.04,-0.1071,0,2,43.14
C[N+]([O-])(CCCl)CCCl,TOX976,,,,,,,,0,,0,,,172.055,1.4084,0,1,23.06
CCCCC(CC)COC(=O)c1ccccc1C(=O)OCC(CC)CCCC,TOX607,0,0,0,0,0,0,0,0,0,0,,0,390.564,6.433,0,4,52.6
O=[N+]([O-])c1ccc(Oc2ccc(Cl)cc2Cl)cc1,TOX970,0,0,0,0,0,0,0,0,0,0,1,0,284.098,4.6939,0,3,52.37
CCCCC(CC)CO,TOX605,0,0,0,0,0,0,0,0,0,0,0,0,130.231,2.1951,1,1,20.23
C1CC2OC2CC1C1CO1,TOX604,0,0,0,0,0,0,0,0,0,0,0,0,140.182,0.9527,0,2,25.06
CC(C)N(C(=O)COc1nnc(C(F)(F)F)s1)c1ccc(F)cc1,TOX12552,0,0,0,0,0,0,0,1,0,0,0,0,363.336,3.5164,0,5,55.32
CCN(Cc1c(F)cccc1Cl)c1c([N+](=O)[O-])cc(C(F)(F)F)cc1[N+](=O)[O-],TOX12553,0,0,0,1,1,0,0,0,0,0,1,0,421.734,5.3408,0,5,89.52
Cc1nn(C)c(Oc2ccccc2)c1/C=N/OCc1ccc(C(=O)OC(C)(C)C)cc1,TOX12550,0,0,0,,,,0,1,0,0,,0,421.497,5.02682,0,7,74.94
O=[N+]([O-])c1cc(C(F)(F)F)c(Cl)c([N+](=O)[O-])c1Nc1ncc(C(F)(F)F)cc1Cl,TOX12551,0,,1,1,,1,1,,0,1,,1,465.093,5.986,1,6,111.2
COC(=O)CSc1cc(/N=c2\sc(=O)n3n2CCCC3)c(F)cc1Cl,TOX12556,0,0,0,0,0,0,0,0,0,0,0,0,403.888,2.7951,0,8,65.59
CCCCCOC(=O)COc1cc(N2C(=O)C3=C(CCCC3)C2=O)c(F)cc1Cl,TOX12554,0,0,0,,0,0,0,0,0,0,,0,423.868,4.3351,0,5,72.91
C#CCN1C(=O)COc2cc(F)c(N3C(=O)C4=C(CCCC4)C3=O)cc21,TOX12555,0,0,0,0,0,0,0,1,0,0,,0,354.337,1.9281,0,4,66.92
CO/N=C(/C(=O)OC)c1ccccc1COc1ccccc1C,TOX12558,0,,0,,0,,,1,0,0,,,313.353,3.09752,0,5,57.12
CC1(C)[C@@H](/C=C(\Cl)C(F)(F)F)[C@H]1C(=O)O[C@H](C#N)c1cccc(Oc2ccccc2)c1,TOX12559,0,0,0,0,0,0,,0,0,,1,0,449.856,6.54398,0,4,59.32
CCCCN(CCCC)CCC(O)c1cc2c(Cl)cc(Cl)cc2c2cc(C(F)(F)F)ccc12,TOX25464,0,0,0,0,0,0,0,0,0,0,,0,500.432,8.6443,1,2,23.47
CN[C@@H]1[C@@H](O[C@H]2O[C@H](CO)[C@@H](N)[C@H](O)[C@H]2O)O[C@H]2C[C@@H](N)[C@@H](O[C@@H]3[C@@H](N)C[C@@H](N)[C@H](O)[C@H]3O)O[C@@H]2[C@@H]1O,TOX25465,0,0,0,0,0,0,0,,0,,0,0,539.583,-6.9493,11,16,283.64
CCOC(=O)OC(C)OC(=O)[C@@H]1N2C(=O)[C@@H](NC(=O)[C@H](N)c3ccccc3)[C@H]2SC1(C)C,TOX25466,0,0,0,0,0,0,0,,0,0,0,0,465.528,1.2958,2,9,137.26
CC(C)(C)NC[C@H](O)COc1ccccc1C1CCCC1.CC(C)(C)NC[C@H](O)COc1ccccc1C1CCCC1,TOX25467,0,0,0,0,0,0,,,0,,,0,582.87,6.944,4,6,82.98
C[C@@H]1C[C@H]2[C@@H]3C[C@H](F)C4=CC(=O)C=C[C@]4(C)[C@@]3(Cl)[C@@H](O)C[C@]2(C)[C@H]1C(=O)COC(=O)C(C)(C)C,TOX25460,1,1,0,,0,0,0,,0,,0,0,495.031,4.5951,1,5,80.67
CCCC(=O)Nc1ccc(OCC(O)CNC(C)C)c(C(C)=O)c1,TOX25461,0,0,0,0,0,0,0,0,0,0,0,0,336.432,2.3655,3,5,87.66
Cc1cc(NC(=O)C2=C(O)c3ccccc3S(=O)(=O)N2C)no1,TOX25462,0,0,0,0,0,0,0,0,0,0,1,0,335.341,1.48242,2,6,112.74
CCC(=O)O[C@H]1[C@H](C)O[C@@H](O[C@@H]2[C@@H](C)O[C@@H](O[C@@H]3[C@@H](OC)[C@H](OC(=O)CC)CC(=O)O[C@H](C)CC=CC=C[C@H](O)[C@H](C)C[C@@H]3CC=O)[C@H](O)[C@H]2N(C)C)C[C@@]1(C)O,TOX25463,0,0,0,0,0,0,0,,0,,0,0,813.979,2.7674,3,16,206.05
CC(C(=O)O)c1ccc(C(=O)c2cccs2)cc1,TOX25469,0,0,0,0,0,0,0,0,0,0,0,0,260.314,3.1672,1,3,54.37
COc1ccc2c(c1)N(C[C@H](C)CN(C)C)c1ccccc1S2,TOX25399,0,0,0,0,0,0,0,,0,,,0,328.481,4.4956,0,4,15.71
FC(F)(F)C(F)(F)C(F)(F)C(F)(F)C(F)(F)C(F)(F)C(F)(F)C(F)(F)C(F)(F)C(F)(F)F,TOX9059,0,0,0,0,0,0,0,0,0,0,0,0,538.066,7.1934,0,0,0
C=CC(=O)O[Sn](CCCC)(CCCC)CCCC,TOX24796,0,,,,,,1,1,,1,1,,361.114,5.0614,0,2,26.3
CCCCOCCOCCOCCCC,TOX5046,,0,0,,0,0,0,0,0,0,0,0,218.337,2.6364,0,3,27.69
CNC(=O)Oc1ccccc1OC(C)C,TOX1948,0,0,0,0,0,0,0,0,0,0,0,0,209.245,2.192,1,3,47.56
C#CC(C)(C)O,TOX1949,0,0,0,0,0,0,0,0,0,0,,0,84.118,0.3905,1,1,20.23
CCCCCCCCCCO,TOX1946,0,0,0,1,0,0,0,0,0,0,0,0,158.285,3.1194,1,1,20.23
CCCCCCCCCCCCCO,TOX1947,0,0,0,0,0,0,0,0,0,0,0,0,200.366,4.2897,1,1,20.23
CCCCCCCCO,TOX1940,0,0,0,0,0,0,0,0,0,0,0,0,130.231,2.3392,1,1,20.23
CCOCCOCCO,TOX1941,0,0,0,0,0,0,0,0,0,0,0,0,134.175,0.0318,1,3,38.69
CCCCCCCCCC(C)=O,TOX1943,0,0,0,0,0,0,0,0,0,0,0,0,170.296,3.7161,0,1,17.07
CCCCCCCCCCCCCOC(=O)CCSCCC(=O)OCCCCCCCCCCCCC,TOX7728,0,0,0,0,0,0,0,0,0,0,,0,542.911,10.2082,0,5,52.6
CC12CCCC=C1C(=O)OC2=O,TOX7729,0,0,0,0,0,0,0,0,0,0,0,0,166.176,1.1864,0,3,43.37
CC(C)(c1ccccc1)c1ccc(Nc2ccc(C(C)(C)c3ccccc3)cc2)cc1,TOX7721,0,0,,0,0,0,0,0,0,,1,,405.585,8.082,1,1,12.03
O=C1C(CCS(=O)c2ccccc2)C(=O)N(c2ccccc2)N1c1ccccc1,TOX3618,0,0,0,0,0,0,0,0,0,0,0,0,404.491,3.7955,0,3,57.69
COc1cc(NS(=O)(=O)c2ccc(N)cc2)nc(C)n1,TOX3616,0,0,0,0,0,0,0,0,0,0,0,0,294.336,1.17662,2,6,107.2
Cc1nnc(NS(=O)(=O)c2ccc(N)cc2)s1,TOX3615,0,0,0,0,0,0,0,0,0,0,0,0,270.339,1.22952,2,6,97.97
Cc1ccnc(NS(=O)(=O)c2ccc(N)cc2)n1,TOX3612,0,0,0,0,0,0,0,0,0,0,0,0,264.31,1.16802,2,5,97.97
COc1cnc(NS(=O)(=O)c2ccc(N)cc2)nc1,TOX3613,0,0,0,0,0,0,0,0,0,0,0,0,280.309,0.8682,2,6,107.2
COc1ccc(NS(=O)(=O)c2ccc(N)cc2)nn1,TOX3611,0,0,0,0,0,0,0,0,0,0,0,0,280.309,0.8682,2,6,107.2
CC(=O)CC(=O)Nc1ccccc1,TOX4397,1,1,0,0,1,0,0,0,0,0,0,0,177.203,1.6042,1,2,46.17
CC(=O)O,TOX4394,0,0,0,0,0,0,0,0,0,0,0,0,60.052,0.0909,1,1,37.3
CC(=O)OC(C)=O,TOX4395,0,0,0,0,0,0,0,0,0,0,0,0,102.089,0.096,0,3,43.37
CC(=O)Nc1ccc(C(=O)O)cc1,TOX4392,0,0,0,0,0,0,0,0,0,0,0,0,179.175,1.3432,2,2,66.4
CC(=O)C(C)O,TOX4399,0,0,0,0,0,0,0,0,0,0,0,0,88.106,-0.0438,1,2,37.3
COc1ccc(NC(C)=O)cc1N,TOX7620,0,0,,0,1,1,0,0,0,0,0,0,180.207,1.2358,2,3,64.35
CCCCC(CC)COC(=O)c1ccc(C(=O)OCC(CC)CCCC)cc1,TOX7625,0,0,0,0,0,0,0,0,0,0,0,0,390.564,6.433,0,4,52.6
O=P(O)(O)CN(CP(=O)(O)O)CP(=O)(O)O,TOX7624,0,0,0,0,0,0,0,0,0,0,,0,299.049,-1.306,6,4,175.83
CCC(C)S,TOX21396,0,0,0,0,0,0,0,0,0,0,0,0,90.191,1.7147,1,1,0
CC1=C2C[C@H]3[C@@H](CC=C4C[C@@H](O)CC[C@@]43C)[C@@H]2CC[C@]12O[C@@H]1C[C@H](C)CN[C@H]1[C@H]2C,TOX23709,0,0,0,,0,0,0,,0,0,0,0,411.63,5.0019,2,3,41.49
O=C(CCN1CCC(c2ccccc2)C1)c1ccc2c(c1)OCCO2,TOX26285,0,0,0,,0,0,0,1,0,,0,,337.419,3.5201,0,4,38.77
O=[N+]([O-])c1ccc(O)c2ncccc12,TOX26284,0,0,1,,,0,0,,0,1,1,,190.158,1.8486,1,4,76.26
Nc1ccc(S(=O)(=O)Nc2ccccc2)cc1,TOX26287,0,0,0,0,0,0,0,0,0,0,0,0,248.307,2.0696,2,3,72.19
CCc1nnc(NS(=O)(=O)c2ccc(N)cc2)s1,TOX26286,0,0,0,0,0,0,0,0,0,0,,0,284.366,1.4835,2,6,97.97
Cc1c(Cn2ccnc2)c2ccccc2n1CCC(=O)O,TOX26281,0,0,0,0,0,0,0,0,0,0,0,0,283.331,2.66922,1,4,60.05
O=C(COc1ccc(Cl)cc1)OCCNC12CC3CC(CC(C3)C1)C2,TOX26280,0,0,0,0,0,0,0,,0,,0,0,363.885,3.8204,1,4,47.56
CN1CCC(O)(c2ccc(F)cc2)C(C(=O)c2ccc(F)cc2)C1,TOX26283,,,,,,,,,,0,,,331.362,2.987,1,3,40.54
COC(c1ccccc1)(c1ccccc1)[C@H](Oc1nc(C)cc(C)n1)C(=O)O,TOX26282,0,0,0,0,0,0,0,0,0,0,0,0,378.428,3.51564,1,5,81.54
CCOC(=O)c1c(C)n(C)c2ccc(O)cc12,TOX26289,0,0,,0,0,,0,0,0,0,1,0,233.267,2.36902,1,4,51.46
CN1CCN(C(=O)C2CCCCC2)CC1,TOX26288,0,0,0,0,0,0,0,0,0,0,0,0,210.321,1.3407,0,2,23.55
ICCc1ccccc1,TOX5447,,,0,,0,,0,0,0,,0,0,232.064,2.6641,0,0,0
NCCCNCCCN,TOX5440,0,,0,,0,0,0,,0,0,,0,131.223,-0.7264,3,3,64.07
O=[N+]([O-])c1cccc(I)c1,TOX5449,0,0,0,0,0,0,0,0,0,0,0,0,249.007,2.1994,0,2,43.14
CCCCCCCCCCCCCCCCCCO,TOX6935,0,0,0,0,0,0,0,0,0,0,0,0,270.501,6.2402,1,1,20.23
C=CCCCCCCCCCCCCCCCC,TOX6932,0,0,0,0,0,0,0,0,0,0,,0,252.486,7.0438,0,0,0
CCCCCCCC/C=C\CCCCCCCCN,TOX6933,,,,,,,,0,,0,,,267.501,5.9826,1,1,26.02
COc1ccc(NC(=O)CC(C)=O)cc1,TOX24689,0,0,,0,0,0,0,,0,0,0,0,207.229,1.6128,1,3,55.4
CCCCCCCCCCCCCCCC(=O)OC,TOX9149,0,0,0,0,0,0,0,0,0,0,0,0,270.457,5.6407,0,2,26.3
COC(=O)CC(=O)OC,TOX9145,0,0,0,0,0,0,0,0,0,0,0,0,132.115,-0.2775,0,4,52.6
CN1CCOCC1,TOX9146,0,0,0,0,0,0,0,0,0,0,0,0,101.149,-0.0516,0,2,12.47
CCCC(C)C,TOX9143,0,0,0,0,0,0,0,0,0,0,0,0,86.178,2.4425,0,0,0
[Ni+2].c1cc[cH-]c1.c1cc[cH-]c1,TOX5709,0,0,0,0,0,0,0,0,0,0,0,0,188.883,2.8085,0,0,0
CCCCCCCC[N+](CCCCCCCC)(CCCCCCCC)CCCCCCCC,TOX14042,0,,,1,,,,,,,1,,466.903,11.2452,0,0,0
Cc1cccc(C)c1NC(=O)C1CCCCN1C,TOX11566,,0,0,0,0,0,0,,0,,0,0,246.354,2.72624,1,2,32.34
CN1CCC[C@@H]1Cc1c[nH]c2ccc(CCS(=O)(=O)c3ccccc3)cc12,TOX26861,0,0,0,0,0,0,0,0,0,0,0,0,382.529,3.821,1,3,53.17
O=C(C[C@@H]1NCCC[C@H]1O)Cn1cnc2cc(Br)c(Cl)cc2c1=O,TOX26863,0,0,,0,0,0,0,,0,,0,0,414.687,1.8845,2,6,84.22
C/C(=C\c1csc(C)n1)C1C[C@@H]2O[C@]2(C)CCC[C@H](C)C(O)[C@@H](C)C(=O)C(C)(C)[C@@H](O)CC(=O)O1,TOX26862,0,,0,0,0,,,,0,,,1,507.693,4.47752,2,8,109.25
Clc1cc(Cl)c(OCC#CI)cc1Cl,TOX26865,0,,0,,,0,0,,0,,,,361.393,4.4215,0,1,9.23
N=C(N)NCCC[C@H](NC(=O)[C@@H]1CCCN1C(=O)[C@@H]1CSSCCC(=O)N[C@@H](Cc2ccc(O)cc2)C(=O)N[C@@H](Cc2ccccc2)C(=O)N[C@@H](CCC(N)=O)C(=O)N[C@@H](CC(N)=O)C(=O)N1)C(=O)NCC(N)=O,TOX26864,0,0,0,0,0,0,0,0,0,0,0,0,1069.238,-4.13203,14,15,435.41
O=[N+]([O-])c1c(Cl)cccc1-c1c[nH]cc1Cl,TOX26867,0,0,,,,1,0,,0,,,,257.076,3.8967,1,2,58.93
CCCCC[C@@H](O)C1C(=O)OC(C)[C@H](O)C=CC=CC=CC=CC=C(C)C(O)C(O)C(O)C[C@H](O)C[C@H](O)C[C@H](O)C[C@H](O)C[C@@H]1O,TOX26866,0,0,0,0,0,0,0,,0,,0,0,670.837,0.8588,10,12,228.6
CNC(C)CCC=C(C)C,TOX26869,0,0,1,0,0,0,0,,0,,0,0,141.258,2.3407,1,1,12.03
NC(=S)NS(=O)(=O)c1ccc(N)cc1,TOX26868,0,0,,0,0,0,0,,0,,0,0,231.302,-0.2093,3,4,98.21
COC(=O)/C=C/c1ccccc1,TOX22151,0,0,0,0,,0,0,0,0,0,,0,162.188,1.8728,0,2,26.3
CN(C)c1ccc(/N=N/c2ccccc2C(=O)O)cc1,TOX22154,0,0,1,,,0,0,1,1,1,,0,269.304,3.8662,1,4,65.26
CON(C)C(=O)Nc1ccc(Br)cc1,TOX22157,0,0,1,,,0,0,0,0,0,0,0,259.103,2.4742,1,2,41.57
CO[C@H]1[C@H]([C@]2(C)O[C@@H]2CC=C(C)C)[C@]2(CC[C@H]1OC(=O)NC(=O)CCl)CO2,TOX21141,0,,0,,0,,1,1,,1,0,1,401.887,2.5544,1,6,89.69
CCCC(=O)Nc1c(I)cc(I)c(CC(CC)C(=O)[O-])c1I,TOX3729,0,0,,0,0,0,0,,0,,0,0,640.017,3.5576,1,3,69.23
COC(=O)[C@H]1[C@@H](O)CC[C@H]2CN3CCc4c([nH]c5ccccc45)[C@@H]3C[C@@H]21,TOX20130,0,0,1,0,0,0,0,0,0,0,0,0,354.45,2.6471,2,4,65.56
CC[C@]12CCCN3CCc4c(n(c5ccccc45)[C@@](O)(C(=O)OC)C1)[C@@H]32,TOX20134,0,0,0,0,0,0,0,0,0,0,,0,354.45,2.9525,1,5,54.7
CC(=NC#N)N(C)Cc1ccc(Cl)nc1,TOX14300,0,0,0,0,,0,0,0,0,0,0,0,222.679,2.06628,0,3,52.28
CCCCCCC(C)OC(=O)COc1nc(F)c(Cl)c(N)c1Cl,TOX14303,0,0,,1,,0,0,0,0,0,1,0,367.248,4.3906,1,5,74.44
C=CC(=O)Nc1cc2c(Nc3ccc(F)c(Cl)c3)ncnc2cc1OCCCN1CCOCC1,TOX28869,0,,0,,1,1,0,1,,1,,1,485.947,4.3915,2,7,88.61
CC(=O)O[C@H]1CC[C@@]2(C)C(=CC[C@H]3[C@@H]4CC[C@H](C(C)=O)[C@@]4(C)CC[C@@H]32)C1,TOX28868,1,0,0,0,,1,0,,0,,0,0,358.522,5.0861,0,3,43.37
c1cnc2cc3c(cc2n1)C1CNCC3C1,TOX28867,0,0,0,0,0,0,0,0,0,0,0,0,211.268,1.8039,1,3,37.81
Clc1ccc([C@@H]2C[C@H]3CC[C@@H]2N3)cn1,TOX28865,0,0,0,0,0,0,0,,0,,,0,208.692,2.3429,1,2,24.92
CCC(=O)N(c1ccccc1)C1CCN(CCc2cccs2)CC1,TOX28864,0,0,0,0,,0,0,,0,0,0,0,342.508,4.1982,0,3,23.55
CCC(=O)N(c1ccccc1)C1CCN(Cc2cccs2)CC1,TOX28863,0,0,0,,0,0,,,0,0,0,0,328.481,4.1557,0,3,23.55
CCC(=O)N(c1ccccc1)C1CCN(C(C)Cc2cccs2)CC1,TOX28861,0,0,0,0,,0,0,1,0,0,0,0,356.535,4.5867,0,3,23.55
CCC(=O)N(c1ccccc1)C1CCN(CC(O)c2ccccc2)CC1,TOX28860,0,0,0,0,0,0,,0,0,0,0,0,352.478,3.6276,1,3,43.78
Nc1c(Cl)cc(Cl)cc1Cl,TOX1379,0,0,0,0,0,0,0,0,0,0,,0,196.464,3.229,1,1,26.02
O=C(O)C(Cl)(Cl)Cl,TOX1378,0,0,0,0,0,0,0,0,0,0,0,0,163.387,1.4412,1,1,37.3
FC(F)(Cl)C(F)(Cl)Cl,TOX1377,0,0,0,0,0,0,0,0,0,0,0,0,187.375,2.9189,0,0,0
CCCCCCCC(=O)OCC(COC(=O)CCCCCCC)OC(=O)CCCCCCC,TOX1375,0,0,0,0,0,0,0,0,0,0,0,0,470.691,7.0661,0,6,78.9
BrC(Br)Br,TOX1374,0,0,0,0,0,0,0,0,0,0,0,0,252.731,2.4547,0,0,0
Nc1nc(N)c2nc(-c3ccccc3)c(N)nc2n1,TOX1373,0,,1,,1,,,,1,,0,1,253.269,0.8334,3,7,129.62
Nc1ccc(Oc2ccc(N)c(N)c2)cc1,TOX1372,1,0,1,,,0,0,1,1,,1,0,215.256,2.2255,3,4,87.29
CC1(C)O[C@@H]2C[C@H]3[C@@H]4CCC5=CC(=O)C=C[C@]5(C)[C@@]4(F)[C@@H](O)C[C@]3(C)[C@]2(C(=O)CO)O1,TOX1371,1,0,0,,1,1,0,0,0,0,0,0,434.504,2.4188,2,6,93.06
O=S1OC[C@@H]2[C@H](CO1)[C@]1(Cl)C(Cl)=C(Cl)[C@@]2(Cl)C1(Cl)Cl,TOX17539,0,0,0,,,0,0,1,0,0,1,0,406.929,3.6898,0,3,35.53
Nc1cc([N+](=O)[O-])cc([N+](=O)[O-])c1O,TOX4479,0,,0,0,0,0,0,,0,0,1,0,199.122,0.7908,2,6,132.53
Cc1cc2nc(N)sc2cc1C,TOX4478,0,0,1,,1,0,0,0,1,0,,0,178.26,2.49534,1,3,38.91
Nc1cc(Cl)ccc1O,TOX4473,0,0,1,0,0,0,,1,0,0,,1,143.573,1.6278,2,2,46.25
Nc1cc(Cl)c([N+](=O)[O-])cc1O,TOX4471,0,0,,,0,0,,1,0,0,1,0,188.57,1.536,2,4,89.39
Nc1nc2c(Cl)cccc2s1,TOX4470,,,1,0,0,0,0,1,0,0,1,0,184.651,2.5319,1,3,38.91
Cc1cc(=O)n(-c2ccccc2)n1C,TOX1117,0,0,0,0,0,0,0,0,0,0,0,0,188.23,1.48442,0,3,26.93
CCOc1ccc(NC(C)=O)cc1,TOX1116,0,0,0,0,0,0,0,0,0,0,0,0,179.219,2.0437,1,2,38.33
Nc1cc(Cl)cc(S(=O)(=O)O)c1O,TOX4474,0,0,0,0,0,0,0,,0,0,0,0,223.637,0.8745,3,4,100.62
CC/C=C/CCO,TOX2138,0,0,0,0,0,0,0,0,0,0,0,0,100.161,1.335,1,1,20.23
O=Cc1ccc(Cl)cc1Cl,TOX2130,0,0,0,0,0,0,0,0,0,0,0,0,175.014,2.8059,0,1,17.07
c1ccc(SSc2ccccc2)cc1,TOX2131,0,0,0,0,0,0,0,0,0,1,0,0,218.346,4.486,0,2,0
CCOC(=O)c1cccc(N)c1,TOX2133,0,0,,,,0,0,0,0,0,0,0,165.192,1.4455,1,3,52.32
CC/C=C\CCO,TOX2137,0,0,0,0,0,0,0,0,0,0,0,0,100.161,1.335,1,1,20.23
O=C(O)CNC(=O)c1ccc(CO)o1,TOX13096,0,0,0,,0,0,0,,0,0,0,0,199.162,-0.4137,3,4,99.77
COc1ccc(OC)c(NC(=O)CC(C)=O)c1,TOX24709,0,0,1,0,0,0,0,0,0,0,,0,237.255,1.6214,1,4,64.63
COP(=O)(NC(C)=O)SC,TOX3846,0,0,0,0,0,0,0,0,0,0,0,0,183.169,1.24,1,4,55.4
C1=Cc2cccc3cccc1c23,TOX3845,0,0,,0,0,0,0,0,0,0,0,0,152.196,3.3236,0,0,0
ON(Cc1ccccc1)Cc1ccccc1,TOX24702,0,0,0,,0,0,0,0,0,0,0,0,213.28,3.078,1,2,23.47
N#Cc1ccc(Cl)cc1,TOX24703,0,0,0,0,0,0,0,0,0,0,0,0,137.569,2.21168,0,1,23.79
CC(C)CCCC(=O)O,TOX24252,0,0,0,0,0,0,0,0,0,0,0,0,130.187,1.8973,1,1,37.3
COC(=O)c1ccccc1Cl,TOX24701,0,0,0,0,0,0,0,0,0,0,0,0,170.595,2.1266,0,2,26.3
NCCN1CCNC1=O,TOX24706,0,0,0,0,0,0,0,0,0,0,,0,129.163,-1.0297,2,2,58.36
CC1=C(Br)C(=O)C(Br)=C/C1=C(\c1ccccc1S(=O)(=O)[O-])c1cc(Br)c(O)c(Br)c1C,TOX24704,0,0,,,,0,0,0,0,0,,0,697.013,6.46202,1,5,94.5
CSc1nc2cc(Cl)c(Oc3cccc(Cl)c3Cl)cc2[nH]1,TOX23952,0,0,,1,,,0,,,,1,,359.665,6.0373,1,3,37.91
O=S(=O)([O-])c1cc(O)c(O)c(S(=O)(=O)[O-])c1,TOX23950,0,0,0,0,0,0,0,,0,0,,0,268.224,-1.094,2,8,154.86
COC(C)(C)CCCC(C)CC=O,TOX18818,0,0,0,0,0,0,0,0,0,0,,0,186.295,2.8068,0,2,26.3
NC(=O)c1ccc(N)cc1,TOX18814,0,0,0,,,0,0,0,0,0,,0,136.154,0.3677,2,2,69.11
ClP(Cl)(Cl)(Cl)Cl,TOX13896,0,0,0,0,0,0,0,0,0,0,0,,208.239,4.3087,0,0,0
CCC(Cl)CC(Cl)C(Cl)C(Cl)C(Cl)C(C)Cl,TOX13326,0,,1,,1,0,0,0,0,0,0,0,348.956,5.4508,0,0,0
C=C[Si](C)(C)O[Si](C)(C)C=C,TOX18810,0,0,0,0,0,0,0,0,0,0,0,0,186.403,2.8636,0,1,9.23
NNC(=O)c1cccc(C(=O)NN)c1,TOX18813,0,0,1,0,0,0,0,0,0,0,,0,194.194,-1.1064,4,4,110.24
O=[N+]([O-])C=Cc1ccccc1,TOX28130,0,1,0,,0,0,,,,1,,1,149.149,1.934,0,2,43.14
COP(=O)(OC)O/C(=C\Cl)c1cc(Cl)c(Cl)cc1Cl,TOX28132,0,0,0,1,,,,1,,0,,0,365.964,5.6015,0,4,44.76
CCOP(=O)(Sc1ccccc1)Sc1ccccc1,TOX21910,0,0,0,0,,0,,,0,0,,0,310.38,5.7156,0,4,26.3
CN1CCCCC1CCN1c2ccccc2Sc2ccc(S(C)=O)cc21,TOX3265,0,0,,0,0,0,0,0,0,0,0,0,386.586,4.9011,0,4,23.55
c1ccc2c(c1)Sc1ccccc1N2CC1CN2CCC1CC2,TOX3262,0,0,0,1,0,0,,,0,,,0,322.477,4.6311,0,3,6.48
CCCC(C)(COC(N)=O)COC(N)=O,TOX3261,0,0,0,0,0,0,0,0,0,0,0,0,218.253,0.9834,2,4,104.64
C[C@H]1C[C@H]2[C@@H]3CCC4=CC(=O)C=C[C@]4(C)[C@H]3C(=O)C[C@]2(C)[C@@]1(O)C(=O)CO,TOX3260,1,1,0,,0,0,0,0,0,0,0,0,372.461,2.0118,2,5,91.67
Cc1cc(C)cc(OCC2CNC(=O)O2)c1,TOX3269,0,0,0,0,0,0,0,0,0,0,0,0,221.256,1.79064,1,3,47.56
N#CSCc1ccccc1,TOX156,0,,0,0,0,,0,0,0,0,0,1,149.218,2.40088,0,2,23.79
O=C(O[C@@H](C(=O)O)[C@@H](OC(=O)c1ccccc1)C(=O)O)c1ccccc1,TOX13401,0,0,0,0,0,0,0,0,0,0,0,0,358.302,1.6068,2,6,127.2
O=C([O-])[C@H](O)[C@@H](O)[C@H](O)[C@H](O)CO.O=C([O-])[C@H](O)[C@@H](O)[C@H](O)[C@H](O)CO.[Ba+2],TOX25079,0,0,0,0,0,0,0,,0,,0,0,527.622,-10.0364,10,14,282.56
O=C(CO)[C@@H](O)[C@H](O)[C@@H](O)C(=O)[O-].O=C(CO)[C@@H](O)[C@H](O)[C@@H](O)C(=O)[O-],TOX25078,0,0,0,0,0,0,0,,0,,0,0,386.262,-9.2392,8,14,276.24
O=S(=O)(O)c1cc(Cl)c(Cl)cc1Cl,TOX25072,0,0,0,0,0,0,0,0,0,0,,0,261.513,2.8935,1,2,54.37
CNC.O=C(O)COc1ccc(Cl)cc1Cl,TOX4896,0,0,0,0,0,0,0,0,0,0,0,0,266.124,2.2924,2,3,58.56
Nc1ccn([C@@H]2O[C@H](CO)[C@@H](O)[C@@H]2O)c(=O)n1,TOX2877,0,0,0,0,1,0,0,0,0,0,0,1,243.219,-2.563,4,8,130.83
Cc1ccc(C(C)(C)O)cc1,TOX4890,0,0,0,0,0,0,0,0,0,0,0,0,150.221,2.22242,1,1,20.23
CCCC(=O)OC(=O)CCC,TOX6729,0,0,0,0,0,0,0,0,0,0,0,0,158.197,1.6564,0,3,43.37
CC(C)=CCC/C(C)=C\CO,TOX6728,0,0,0,0,0,0,0,0,0,0,0,0,154.253,2.6714,1,1,20.23
COc1cc(-c2ccc(N)c(OC)c2)ccc1N,TOX5091,0,0,0,0,0,0,0,1,1,0,1,0,244.294,2.5352,2,4,70.5
CCCCCCC(O)CCCCCCCCCCC(=O)O,TOX6725,0,0,,0,0,0,1,1,0,0,0,0,300.483,5.3033,2,2,57.53
CCCCOC(=O)/C=C\C(=O)OCCCC,TOX6724,0,0,0,,0,0,0,,0,,,,228.288,2.2292,0,4,52.6
CC(C)=CCC/C(C)=C/CO,TOX6727,0,0,0,0,1,1,0,0,0,0,0,0,154.253,2.6714,1,1,20.23
CC(C)=CCCC(C)CCO,TOX6726,0,0,0,0,0,0,0,0,0,0,0,0,156.269,2.7513,1,1,20.23
CCCCCCCC[N+](C)(C)CCCCCCCC,TOX15491,0,0,0,,,0,,,,,1,0,270.525,5.7838,0,0,0
CCCCON=O,TOX29378,0,0,0,0,0,0,0,0,0,0,0,0,103.121,1.4845,0,3,38.66
CN1[C@H]2CC[C@@H]1C[C@H](OC(=O)C(CO)c1ccccc1)C2.CN1[C@H]2CC[C@@H]1C[C@H](OC(=O)C(CO)c1ccccc1)C2,TOX20724,0,0,0,0,0,0,0,0,0,0,0,0,578.75,3.8618,2,8,99.54
C[C@@H](O)[C@H]1C(=O)N2C(C(=O)O)=C(S[C@@H]3CN[C@H](CNS(N)(=O)=O)C3)[C@H](C)[C@H]12,TOX26678,0,0,0,0,,0,0,0,0,0,0,0,420.513,-1.6031,5,7,162.06
c1cnccn1,TOX29370,0,0,0,0,0,0,0,0,0,0,,0,80.09,0.4766,0,2,25.78
C1CS1,TOX29371,0,0,0,0,0,0,0,0,0,0,0,0,60.121,0.7332,0,1,0
O=c1[nH]cnc2ccccc12,TOX29372,0,0,0,0,0,0,,0,0,0,0,0,146.149,0.9231,1,2,45.75
O=C(C(=O)c1ccco1)c1ccco1,TOX29373,0,0,0,0,0,0,0,1,0,0,,0,190.154,1.9382,0,4,60.42
CC(=O)OCC(=O)NCCCOc1cccc(CN2CCCCC2)c1,TOX26670,0,0,0,0,1,1,0,0,0,0,0,0,348.443,2.1207,1,5,67.87
CNC[C@H](O)c1ccc(O)c(O)c1,TOX29375,0,0,,0,0,0,0,0,0,0,0,0,183.207,0.3506,4,4,72.72
O=c1cccccc1O,TOX29376,0,0,0,1,0,0,0,,0,,,0,122.123,0.7524,1,2,37.3
N=C(N)NCCCC[C@@H]1NC(=O)CCSSC[C@@H](C(N)=O)NC(=O)[C@@H]2CCCN2C(=O)[C@H](Cc2c[nH]c3ccccc23)NC(=O)[C@H](CC(=O)O)NC(=O)CNC1=O,TOX26673,0,0,0,0,,0,0,0,0,0,0,0,831.979,-1.84473,11,11,323.89
CCCN(CCOc1c(Cl)cc(Cl)cc1Cl)C(=O)n1ccnc1,TOX4270,0,0,1,1,,0,0,1,0,0,1,0,376.671,4.6024,0,4,47.36
CSc1nc(NC(C)C)nc(NC(C)C)n1,TOX4272,0,0,0,0,0,0,0,0,0,0,0,0,241.364,2.2341,2,6,62.73
CC(C)N(C(=O)CCl)c1ccccc1,TOX4274,0,0,,,,0,,,0,,0,1,211.692,2.6668,0,1,20.31
N[C@@H](Cc1ccc(N(CCCl)CCCl)cc1)C(=O)O,TOX804,0,0,0,,0,0,,0,1,0,,1,305.205,1.925,2,3,66.56
C[C@@]12C=CC[C@H]1[C@@H]1CC[C@H]3CC(=O)CC[C@]3(C)[C@H]1CC2,TOX20965,0,0,0,0,1,1,0,,0,,1,0,272.432,4.7643,0,1,17.07
C=CCc1cc(OC)c(O)c(C(=O)NCCO)c1,TOX26490,0,0,0,0,0,0,0,1,0,0,0,0,251.282,0.8514,3,4,78.79
Nc1nc(=O)c2ncn(CCC(CO)CO)c2[nH]1,TOX26491,0,0,0,0,0,0,0,0,0,0,0,0,253.262,-1.3073,4,7,130.05
CCN(CC)CCNC(=O)C1C(C)=NC(/C=C2\C(=O)Nc3ccc(F)cc32)=C1C.O=C(O)CC(O)C(=O)O,TOX26492,,,,,,,,,,0,,,532.569,1.8905,5,7,168.63
CC(C)C[C@H](NC(=O)[C@@H](Cc1c[nH]c2ccccc12)NC(=O)[C@H](Cc1ccc(O)cc1)NC(=O)[C@H](CO)NC(=O)[C@H](Cc1c[nH]c2ccccc12)NC(=O)[C@H](Cc1c[nH]cn1)NC(=O)[C@@H]1CCC(=O)N1)C(=O)N[C@@H](CCCNC(=N)N)C(=O)N1CCC[C@@H]1C(=O)NCC(N)=O.O=C(O)c1cc2ccccc2c(Cc2c(O)c(C(=O)O)cc3ccccc23)c1O,TOX26494,0,0,0,0,0,0,0,,0,,,0,1699.848,2.30627,22,19,602.98
Cn1c(NCCN(CCO)CCCc2ccc([N+](=O)[O-])cc2)cc(=O)n(C)c1=O,TOX26495,0,0,0,,0,0,0,0,0,0,0,0,405.455,0.3312,2,9,122.64
CCCCC(=O)OCC(=O)[C@]1(O)Cc2c(O)c3c(c(O)c2[C@@H](O[C@H]2C[C@H](NC(=O)C(F)(F)F)[C@H](O)[C@H](C)O2)C1)C(=O)c1c(OC)cccc1C3=O,TOX26497,0,1,0,,,,0,,1,,1,1,723.65,2.4622,5,13,215.22
O=C(CS(=O)C(c1ccccc1)c1ccccc1)NO,TOX26498,0,0,0,0,0,0,0,,0,,0,0,289.356,2.0301,2,3,66.4
CCOC(=O)COc1ccc2c(C)c(CCN(CC)CC)c(=O)oc2c1Cl,TOX26499,0,0,0,,0,0,0,0,0,0,,0,395.883,3.58102,0,6,68.98
CO[C@H]1C=CO[C@@]2(C)Oc3c(C)c(O)c4c(c3C2=O)C2=NC3(CCN(CC(C)C)CC3)NC2=C(NC(=O)C(C)=CC=C[C@H](C)[C@H](O)[C@@H](C)[C@@H](O)[C@@H](C)[C@H](OC(C)=O)[C@@H]1C)C4=O,TOX10773,0,0,0,0,0,0,,1,0,0,,0,847.019,4.61572,5,14,205.55
Cc1c(O)cccc1C(=O)N[C@@H](CSc1ccccc1)[C@H](O)CN1C[C@H]2CCCC[C@H]2C[C@H]1C(=O)NC(C)(C)C,TOX10777,0,1,0,,,,,,0,1,1,,567.796,4.74762,4,6,101.9
CCOC(=O)c1ccccc1OC,TOX27126,0,0,,0,0,0,0,0,0,0,0,0,180.203,1.8719,0,3,35.53
CCCCCCCOC(C)=O,TOX27124,0,0,0,0,1,0,0,0,0,0,0,0,158.241,2.5199,0,2,26.3
CC(C)C(=O)Nc1cccc(C2CN3CCSC3=N2)c1,TOX31559,,,,,,,,0,,0,,,289.404,2.7406,1,4,44.7
CCCCn1cc[n+](C)c1.O=S(=O)([N-]S(=O)(=O)C(F)(F)F)C(F)(F)F,TOX29090,0,0,0,0,0,0,0,0,0,0,,0,419.369,2.172,0,5,91.19
Brc1ccc(-c2ccccc2)cc1,TOX4640,0,0,0,0,0,0,0,0,0,0,0,0,233.108,4.1161,0,0,0
OCC(CBr)(CBr)CBr,TOX4641,0,0,,,0,0,0,,0,,0,0,324.838,2.1498,1,1,20.23
O=C(O)C(Cl)Br,TOX4642,0,0,0,0,0,0,0,1,0,0,,0,173.393,1.0308,1,1,37.3
O=C(O)C(Cl)(Cl)Br,TOX4644,0,0,,0,0,0,0,0,0,0,0,0,207.838,1.5973,1,1,37.3
Nc1c(Br)cc([N+](=O)[O-])cc1[N+](=O)[O-],TOX4646,0,0,1,0,,0,0,1,0,0,1,0,262.019,1.8477,1,5,112.3
NC(CCC(=O)O)C(=O)O,TOX29095,0,0,0,0,0,0,0,0,0,0,0,0,147.13,-0.7369,3,3,100.62
CC[n+]1ccccc1,TOX29323,1,1,0,0,,0,0,1,0,0,0,0,108.164,0.994,0,0,3.88
Cc1nc(C2CCCCC2)c(-c2ccc(S(N)(=O)=O)c(F)c2)o1,TOX31460,,,,,,,,,,0,,,338.404,3.48422,1,4,86.19
CC(C)C(=O)Nc1cccc(C(F)(F)F)c1,TOX31463,,,,,,,,0,,0,,,231.217,3.2999,1,1,29.1
Cc1cc2c(cc1CC(=O)c1sccc1S(=O)(=O)Nc1onc(C)c1Cl)OCO2,TOX31462,,,,,,,,,,0,,,454.913,3.96124,1,8,107.73
CCCCC(O)/C=C(C)/C=C/C=C/C(=O)N1CCCC1=O,TOX31465,,,,,,,,0,,0,,,291.391,2.7452,1,3,57.61
CCCC[n+]1ccccc1.F[B-](F)(F)F,TOX29097,0,0,0,0,1,0,0,0,0,0,0,0,223.022,3.0742,0,0,3.88
CCOCCn1c(C2CCN(CCc3ccc(C(C)(C)C(=O)O)cc3)CC2)nc2ccccc21,TOX31467,,,,,,,,0,,0,,,463.622,4.8571,1,5,67.59
CCC(=O)O[C@@H]1C=C2CCC3C(CCC4(C)C3CC[C@@H]4OC(=O)CC)C2CC1,TOX31466,,,,,,,,0,,0,,,388.548,5.2027,0,4,52.6
COc1cc2c(cc1OC)C(=O)CC2,TOX31469,,,,,,,,0,,0,,,192.214,1.8327,0,3,35.53
O=c1[nH]c2ccccc2n1C1CCNCC1,TOX31468,,,,,,,,0,,0,,,217.272,1.2541,2,3,49.82
OCCCCCCCl,TOX29096,0,0,0,0,,0,0,0,0,0,0,0,136.622,1.7779,1,1,20.23
COC(=O)C(C)N(C(=O)Cc1ccccc1)c1c(C)cccc1C,TOX21619,0,0,0,0,0,0,,1,0,0,0,0,325.408,3.44064,0,3,46.61
O=c1[nH]c2cc(Cl)ccc2n1C1CCNCC1,TOX31553,,,,,,,,,,0,,,251.717,1.9075,2,3,49.82
c1ccc(-c2ccccn2)nc1,TOX20635,0,0,,0,0,0,0,,0,,0,0,156.188,2.1436,0,2,25.78
Clc1ccc(C2(Cn3cncn3)OCCO2)c(Cl)c1,TOX21613,0,0,0,0,0,0,0,0,0,0,0,0,300.145,2.4847,0,5,49.17
CCCCCCCCCCCCCCCC(=O)OC[C@H](O)[C@H]1OC(=O)C(O)=C1O,TOX21611,0,0,0,0,0,0,0,,0,,0,0,414.539,4.6248,3,7,113.29
O=C[C@@H](O)[C@H](O)[C@H](O)CO,TOX21610,0,0,0,0,0,0,0,0,0,0,0,0,150.13,-2.7397,4,5,97.99
O=C(Nc1cccc(Cl)c1)OCC#CCCl,TOX21617,0,,1,,,0,,1,,1,1,1,258.104,3.1307,1,2,38.33
CSc1nc(N=[N+]=[N-])nc(NC(C)C)n1,TOX21615,0,0,0,0,0,0,0,1,0,0,0,0,225.281,2.3556,1,6,99.46
CN1[C@H]2CC[C@@H]1CC(OC(=O)c1c[nH]c3ccccc13)C2,TOX24137,0,0,0,0,,0,0,0,0,0,0,,284.359,2.9499,1,3,45.33
Nc1ccc(S(=O)(=O)Nc2ccnn2-c2ccccc2)cc1,TOX24131,0,0,0,0,0,0,0,0,0,0,0,0,314.37,2.2553,2,5,90.01
Nc1ccc(S(=O)(=O)Nc2ncccn2)cc1,TOX24130,0,0,0,0,0,0,0,,0,,0,0,250.283,0.8596,2,5,97.97
CC1CN(c2cc3c(cc2F)c(=O)c(C(=O)O)cn3-c2ccc(F)cc2F)CCN1,TOX24132,0,0,0,0,0,0,0,0,0,0,0,0,417.387,2.9043,2,5,74.57
c1ccc2c(c1)sc1ccccc12,TOX27725,0,0,0,0,0,0,0,0,0,0,0,0,184.263,4.0545,0,1,0
Oc1ccccc1F,TOX27729,0,0,0,0,0,0,0,0,0,0,0,0,112.103,1.5313,1,1,20.23
Fc1ccccc1-c1ccccc1,TOX27728,0,0,0,0,0,0,0,0,0,0,0,0,172.202,3.4927,0,0,0
Oc1cccc(Nc2ccccc2)c1,TOX5431,0,0,,,1,1,0,,0,0,1,0,185.226,3.1358,2,2,32.26
C=CCC1=C(C)[C@@H](OC(=O)[C@@H]2[C@@H](C=C(C)C)C2(C)C)CC1=O,TOX19336,0,0,0,,,0,,,0,,,,302.414,4.002,0,3,43.37
CC(C)=CC(=O)C=C(C)C,TOX1584,0,0,0,0,0,0,0,0,0,0,0,0,138.21,2.4879,0,1,17.07
CC(C)(CCC(=O)O)C(=O)O,TOX1585,0,0,0,0,0,0,0,0,0,0,0,0,160.169,0.962,2,2,74.6
CC(=O)CCC=C(C)CCC=C(C)C,TOX1586,0,0,0,0,0,0,0,0,0,0,0,0,194.318,4.0483,0,1,17.07
CC(C)(CC(=O)O)C(=O)O,TOX1581,0,0,0,0,0,0,0,0,0,0,0,0,146.142,0.5719,2,2,74.6
CC(=O)C(C)=O,TOX1583,0,0,0,0,0,0,0,0,0,0,0,0,86.09,0.1644,0,2,34.14
CC(=O)C1=C(C)[C@@H]2C[C@]3(C1)[C@@H](CC[C@H]3C)C2(C)C,TOX9353,0,0,0,0,0,0,0,0,0,0,0,0,246.394,4.3742,0,1,17.07
C=COCC(C)C,TOX9608,0,0,0,0,0,0,0,0,0,0,,0,100.161,1.8025,0,1,9.23
C=C(C)C(=O)OCCOCCOCCOC(=O)C(=C)C,TOX9607,0,0,0,0,0,0,0,0,0,0,0,0,286.324,1.2582,0,6,71.06
CC(C)=CC=O,TOX9606,0,0,0,0,0,0,0,0,0,0,0,0,84.118,1.1515,0,1,17.07
CC(C)(C#N)C(C)(C)C#N,TOX6125,0,0,0,0,0,0,0,0,0,0,0,0,136.198,2.08596,0,2,47.58
CN(C)c1ccc(N(C)C)cc1,TOX6124,0,0,1,,,0,,1,0,0,0,0,164.252,1.8186,0,2,6.48
CN(C)CCN(C)C,TOX6122,,0,0,0,0,0,0,0,0,0,0,0,116.208,0.1096,0,2,6.48
Cc1cc(-c2cc(C)c(N)c(C)c2)cc(C)c1N,TOX6120,0,0,1,0,0,0,0,0,0,0,,0,240.35,3.75168,2,2,52.04
CSSC,TOX5117,0,0,0,0,0,0,0,0,0,0,0,0,94.204,1.6274,0,2,0
CCOc1ccccc1N,TOX5863,0,0,1,0,0,0,0,0,0,0,0,0,137.182,1.6675,1,2,35.25
CC1=C(/C=C/C(C)=C/C=C/C(C)=C/C=C\C=C(C)\C=C\C=C(C)\C=C\C2=C(C)C(=O)CCC2(C)C)C(C)(C)CCC1=O,TOX2727,0,0,0,0,1,1,0,,0,,0,0,564.854,10.9638,0,2,34.14
CC(C)CC(C)Nc1ccc(Nc2ccccc2)cc1,TOX5114,0,,,,,0,,,0,,,,268.404,5.2767,2,2,24.06
C=C1CC[C@H](O)C/C1=C/C=C1\CCC[C@@]2(C)[C@H]1CC[C@@H]2[C@H](C)CCCC(C)(C)O,TOX2721,0,0,0,0,,0,,,0,,1,,400.647,6.7339,2,2,40.46
CC(C)C(C)C,TOX5112,,,0,0,,0,0,0,0,0,,0,86.178,2.2984,0,0,0
CCC(C)(C)C,TOX5111,0,0,0,0,0,0,0,0,0,0,,0,86.178,2.4425,0,0,0
C=C1/C(=C\C=C2/CCC[C@@]3(C)[C@H]2CC[C@@H]3[C@H](C)CCCC(C)(C)O)C[C@@H](O)C[C@@H]1O,TOX2722,0,0,,0,,0,,,,,1,,416.646,5.7047,3,3,60.69
CC(Cl)(Cl)[N+](=O)[O-],TOX1638,0,0,0,0,0,0,0,0,0,0,0,0,143.957,1.4144,0,2,43.14
CCCCCCCCC=O,TOX1639,0,0,0,0,0,0,0,0,0,0,0,0,142.242,2.9359,0,1,17.07
CC(C)C(=O)O,TOX1636,0,0,0,0,,0,0,0,0,0,0,0,88.106,0.727,1,1,37.3
O=[N+]([O-])C(Br)Br,TOX1637,0,0,,,0,0,0,1,,0,1,,218.832,1.3365,0,2,43.14
CCC(C)C(C)=O,TOX1634,0,0,0,0,1,0,0,0,0,0,0,0,100.161,1.6215,0,1,17.07
CC(C)C=O,TOX1635,0,0,0,0,0,0,0,0,0,0,0,0,72.107,0.8413,0,1,17.07
CC(CCC(=O)O)C(=O)O,TOX1632,0,0,0,0,0,0,0,0,0,0,0,0,146.142,0.5719,2,2,74.6
CCCC(C)C(=O)O,TOX1633,0,0,0,0,0,0,0,0,0,0,0,0,116.16,1.5072,1,1,37.3
Cc1cc(N)no1,TOX1631,0,0,0,0,0,0,0,,0,0,0,0,98.105,0.56522,1,3,52.05
N=C(N)NN=Cc1c(Cl)cccc1Cl,TOX25666,,,,,,,,0,,0,,,231.086,1.81037,3,2,74.26
O=C(O)Cc1nn(Cc2ccc(Br)cc2F)c(=O)c2ccccc12,TOX25665,0,0,0,0,0,0,0,,0,,0,0,391.196,2.9735,1,4,72.19
C=CCN1C[C@H](C)N([C@H](c2ccc(C(=O)N(CC)CC)cc2)c2cccc(OC)c2)C[C@H]1C,TOX25662,0,0,0,0,0,0,0,,0,0,0,0,449.639,4.8472,0,4,36.02
CNCCCCOc1ccccc1Cc1ccccc1,TOX25663,0,0,0,,0,0,,,0,0,,0,269.388,3.6558,1,2,21.26
Cc1ccc2c(c1)c1c3n2CCNC3CCC1,TOX25660,0,0,1,0,0,0,,0,0,0,,0,226.323,2.93032,1,2,16.96
CCN(CC)CCOc1ccc(Cc2ccccc2)cc1,TOX25661,0,,,0,,,0,,0,0,,0,283.415,3.998,0,2,12.47
CCN1CCC[C@H]1CNC(=O)c1c(OC)ccc(Br)c1OC,TOX25668,0,0,0,0,0,0,0,0,0,0,0,0,371.275,2.6804,1,4,50.8
CCCCCCCC/C=C\CCCCCCCC(=O)NCc1ccc(O)c(OC)c1,TOX25669,0,0,0,0,0,0,0,,0,,1,0,417.634,7.0545,2,3,58.56
CCC1(c2ccc(N)cc2)CCC(=O)NC1=O,TOX2589,0,0,0,1,0,0,0,0,0,0,0,0,232.283,1.3532,2,3,72.19
Nc1nc(N)c2nc(CNc3ccc(C(=O)N[C@@H](CCC(=O)O)C(=O)O)cc3)cnc2n1,TOX2588,0,0,0,0,0,0,0,,0,,0,0,440.42,0.2441,6,10,219.33
CCOC(=O)Nc1cccc(OC(=O)Nc2ccccc2)c1,TOX14518,0,0,1,,1,0,0,0,0,0,1,0,300.314,3.8659,2,4,76.66
CC[N+](CC)(CCNC(=O)C(=O)NCC[N+](CC)(CC)Cc1ccccc1Cl)Cc1ccccc1Cl,TOX2582,0,0,0,0,,0,0,0,0,0,0,0,537.576,4.6392,2,2,58.2
NCCCNCCSP(=O)(O)O,TOX2585,,,,,,,,0,,0,,,214.227,-0.2493,4,4,95.58
CC1(C)S[C@@H]2[C@H](/N=C/N3CCCCCC3)C(=O)N2[C@H]1C(=O)O,TOX2584,1,0,0,,0,0,0,0,0,0,0,0,325.434,1.4062,1,4,73.21
Cc1ccc([N+](=O)[O-])cc1N,TOX959,0,0,1,0,0,0,0,0,0,0,0,0,152.153,1.48542,1,3,69.16
NCC[C@H](O)C(=O)N[C@@H]1C[C@H](N)[C@@H](O[C@H]2O[C@H](CN)[C@@H](O)[C@H](O)[C@H]2O)[C@H](O)[C@H]1O[C@H]1O[C@H](CO)[C@@H](O)[C@H](N)[C@H]1O,TOX2586,0,0,0,0,1,0,0,0,0,0,0,0,585.608,-8.4242,13,17,331.94
O=P(O)(O)c1ccccc1,TOX24399,0,0,0,0,0,0,0,0,0,0,0,0,158.093,0.4896,2,1,57.53
C(=C/C=N/c1ccccc1)\C=C\Nc1ccccc1,TOX24398,0,0,,0,0,0,0,,0,0,0,0,248.329,4.5709,1,2,24.39
C[C@]12CC[C@H]3[C@@H](CCC4=CC(=O)CC[C@@]43C)[C@@H]1CC[C@@H]2OC(=O)CCc1ccccc1,TOX28638,1,1,0,,1,1,0,,0,,,0,420.593,6.0629,0,3,43.37
CC(=O)OCC(=O)[C@@]1(O)[C@H](OC(C)=O)C[C@H]2[C@@H]3CCC4=CC(=O)C=C[C@]4(C)[C@@]3(F)[C@@H](O)C[C@@]21C,TOX28639,1,0,0,,,0,0,0,0,0,0,0,478.513,1.7621,2,8,127.2
CC(C)c1ccccc1O,TOX24391,0,0,0,0,0,0,0,0,0,0,0,0,136.194,2.5156,1,1,20.23
CNC(=S)NN,TOX24390,0,0,,,,0,0,0,0,1,0,0,105.166,-1.046,3,2,50.08
CC(=N\O)/C(C)=N/O,TOX24393,0,0,0,0,0,0,0,0,0,0,0,0,116.12,0.6866,2,4,65.18
COc1ccc2ccccc2c1,TOX24392,0,0,0,0,0,0,0,0,0,0,0,0,158.2,2.8484,0,1,9.23
CCCCCCCCCCCCBr,TOX24395,0,0,0,,0,0,0,,0,0,,0,249.236,5.3022,0,0,0
CC(=O)N[C@@H](C=O)[C@H](O)[C@H](O)[C@@H](O)CO,TOX28637,0,0,0,0,0,0,0,,0,,0,0,221.209,-3.235,5,6,127.09
O=S(=O)(O)C(F)(F)F,TOX24397,0,0,0,0,,0,0,0,0,0,0,0,150.077,0.394,1,2,54.37
COCCOCCOCCOCCOC,TOX24396,0,0,,0,0,0,0,0,0,0,0,0,222.281,0.329,0,5,46.15
O=C(OCCOCCO)c1ccccc1Nc1cccc(C(F)(F)F)c1,TOX25448,0,0,0,0,0,0,0,0,0,0,0,0,369.339,3.6147,2,5,67.79
c1ccc([Bi](c2ccccc2)c2ccccc2)cc1,TOX22498,0,0,0,0,1,0,0,,0,,,0,440.298,2.2028,0,0,0
Nc1c(Br)cc(Br)cc1CN[C@H]1CC[C@H](O)CC1,TOX25442,1,1,,0,0,0,0,,0,,0,0,378.108,3.1869,3,3,58.28
CC(=O)OCC(=O)[C@H]1CC[C@H]2[C@@H]3CC[C@H]4C[C@H](O)CC[C@]4(C)[C@H]3C(=O)C[C@]12C,TOX25443,0,0,,0,0,0,0,,0,,0,0,390.52,3.3174,1,5,80.67
CC(C)(Sc1cc(C(C)(C)C)c(O)c(C(C)(C)C)c1)Sc1cc(C(C)(C)C)c(O)c(C(C)(C)C)c1,TOX25440,0,0,0,0,0,0,0,0,0,0,0,0,516.857,9.9083,2,4,40.46
CN1CCOC(c2ccccc2)c2ccccc2C1,TOX25441,0,0,0,0,1,0,0,0,0,0,0,0,253.345,3.238,0,2,12.47
CCO[Si](C)(OCC)OCC,TOX22490,0,0,0,0,0,0,0,0,0,0,0,0,178.304,1.6646,0,3,27.69
CCCCC[Si](OCC)(OCC)OCC,TOX22491,0,0,0,0,0,0,0,0,0,0,,0,234.412,3.225,0,3,27.69
CCCNC(C)C(=O)Nc1c(C)csc1C(=O)OC,TOX25444,0,0,0,0,0,0,0,0,0,0,0,0,284.381,2.16972,2,5,67.43
CC(=O)OC1CC(C)OC(C)O1,TOX480,0,0,0,0,0,0,0,0,0,0,0,0,174.196,1.047,0,4,44.76
COc1ccc(N)c(OC)c1,TOX23829,0,0,0,0,0,0,0,0,0,0,,0,153.181,1.286,1,3,44.48
COc1cc(-c2ccc(N=C=O)c(OC)c2)ccc1N=C=O,TOX484,0,0,1,0,0,0,0,0,0,0,0,0,296.282,3.3054,0,6,77.32
O=C(O)CCCCCCCCCCC(=O)O,TOX7297,0,0,0,0,1,0,0,0,0,0,0,0,230.304,3.0566,2,2,74.6
CCC(C)NC(N)=O,TOX7294,0,0,0,0,0,0,0,0,0,0,0,0,116.164,0.4532,2,1,55.12
CCSCCCl,TOX7295,0,0,0,0,0,0,0,,0,0,0,0,124.636,1.9783,0,1,0
CCCC[Sn](Cl)(Cl)CCCC,TOX7292,0,,,1,,1,,1,,1,1,,303.849,4.5064,0,0,0
C=C(C)C(=O)OCC(CC)CCCC,TOX7293,0,0,0,0,0,0,0,0,0,0,,0,198.306,3.3221,0,2,26.3
CO[Si](OC)(OC)OC,TOX7291,0,0,0,0,0,0,0,,0,0,0,0,152.222,0.0076,0,4,36.92
CC(COc1ccccc1)N(CCCl)Cc1ccccc1,TOX1127,0,0,0,0,1,1,0,1,0,1,1,,303.833,4.1949,0,2,12.47
[C-]#N.[Cu+],TOX3986,0,0,0,0,1,0,0,0,0,0,0,0,89.564,0.09387,0,1,23.79
COc1nc(C)nc(NC(=O)NS(=O)(=O)c2ccccc2Cl)n1,TOX3980,0,0,0,0,,,0,0,0,0,0,0,357.779,1.35242,2,7,123.17
O=C1c2ccccc2C(=O)C1c1ccccc1,TOX3453,0,0,,0,0,0,0,0,0,0,0,0,222.243,2.8494,0,2,34.14
Clc1ccc(Cl)c(Cl)c1,TOX1965,0,0,0,0,0,0,0,0,0,0,0,0,181.449,3.6468,0,0,0
OCCN(CCO)c1ccccc1,TOX1962,0,0,0,0,,0,0,0,0,0,,0,181.235,0.4776,2,3,43.7
O=C(c1ccccc1)c1ccccc1,TOX1961,1,0,0,0,1,0,0,0,0,0,0,0,182.222,2.9176,0,1,17.07
CCOc1cc(C=O)ccc1O,TOX1968,0,0,0,0,0,0,0,0,0,0,0,0,166.176,1.6034,1,3,46.53
COc1cc(C=O)ccc1O,TOX1969,0,0,0,0,0,0,0,0,0,0,0,0,152.149,1.2133,1,3,46.53
CC(C)(C)C(=O)CCl,TOX7749,0,0,0,0,0,0,0,0,0,0,0,0,134.606,1.8404,0,1,17.07
COC1[C@@H](O[C@@H]2O[C@H](C)[C@@H](O[C@H]3C[C@@](C)(O)[C@H](OC(=O)CC(C)C)[C@H](C)O3)[C@H](N(C)C)[C@H]2O)[C@@H](CC=O)C[C@@H](C)[C@@H](O)C=CC=CC[C@@H](C)OC(=O)C[C@H]1OC(C)=O,TOX3183,0,0,0,0,0,0,0,,0,,0,0,828.006,3.0134,3,16,206.05
CCC(C)n1ncn(-c2ccc(N3CCN(c4ccc(OC[C@H]5CO[C@](Cn6cncn6)(c6ccc(Cl)cc6Cl)O5)cc4)CC3)cc2)c1=O,TOX3180,0,0,,0,,0,0,1,0,0,0,0,705.647,5.5773,0,12,104.7
CC[C@H](C)[C@H]1O[C@]2(CC[C@@H]1C)C[C@@H]1C[C@@H](CC=C(C)[C@@H](O[C@H]3C[C@H](OC)[C@@H](O[C@H]4C[C@H](OC)[C@@H](O)[C@H](C)O4)[C@H](C)O3)[C@@H](C)C=CC=C3CO[C@@H]4[C@H](O)C(C)=C[C@@H](C(=O)O1)[C@]34O)O2,TOX3181,0,,0,0,,,,,,,,,875.106,5.6014,3,14,170.06
CCCCC(CC)COP(=O)(O)O,TOX7740,0,0,0,0,0,0,,,0,0,,,210.21,2.3121,2,2,66.76
O=C(c1ccc(F)cc1)C1CCN(CCn2c(=O)[nH]c3ccccc3c2=O)CC1,TOX3188,0,0,0,0,0,0,0,0,0,0,0,0,395.434,2.4238,1,5,75.17
CCC(C)(C#N)/N=N/C(C)(C#N)CC,TOX7747,0,0,0,0,0,0,0,0,0,0,0,0,192.266,2.82316,0,4,72.3
CC(S)C(=O)NCC(=O)O,TOX3678,0,0,0,0,0,0,0,0,0,0,0,0,163.198,-0.4945,3,3,66.4
Clc1ccc2nsnc2c1NC1=NCCN1,TOX3679,1,0,0,0,0,0,0,0,0,0,0,0,253.718,1.7158,2,6,62.2
O=C(O)COc1ccc(C(=O)c2cccs2)c(Cl)c1Cl,TOX3670,0,0,0,0,0,0,0,,0,,0,0,331.176,3.7493,1,4,63.6
COC1CC(=C(c2cccs2)c2cccs2)C[N+](C)(C)C1,TOX3672,0,0,0,0,,0,0,0,0,0,0,0,320.503,4.1066,0,3,9.23
O=C(CCCN1CCC(n2c(=S)[nH]c3ccccc32)CC1)c1ccc(F)cc1,TOX3673,0,0,1,1,,0,,,,,0,0,397.519,5.13799,1,4,41.03
CC(C)(C)NC[C@H](O)COc1nsnc1N1CCOCC1,TOX3674,0,0,0,0,0,0,0,0,0,0,0,0,316.427,0.5025,2,8,79.74
CCS(=O)(=O)CCn1c([N+](=O)[O-])cnc1C,TOX3676,0,0,0,0,1,1,0,0,0,0,0,0,247.276,0.53442,0,6,95.1
CCOC(=O)c1c(N)sc2c1CCN(Cc1ccccc1)C2,TOX3677,,,,,,,,,,0,,,316.426,3.0653,1,5,55.56
C=CCCCCCCCCC(=O)O,TOX15001,0,0,0,0,0,0,0,0,0,0,0,0,184.279,3.3778,1,1,37.3
O=C1CCCO1,TOX224,0,0,0,0,0,0,0,0,0,0,0,0,86.09,0.3234,0,2,26.3
[Cd+2],TOX226,0,,1,,0,,,,1,1,0,,112.412,-0.0025,0,0,0
CC(C)(C)c1ccc(O)cc1,TOX221,0,0,0,0,0,0,0,0,0,0,1,0,150.221,2.6897,1,1,20.23
CC(C)(C)c1cc(O)ccc1O,TOX220,0,0,1,1,0,0,0,1,0,0,1,0,166.22,2.3953,2,2,40.46
CC1CC(=O)O1,TOX223,0,0,0,0,0,0,0,0,0,0,0,0,86.09,0.3218,0,2,26.3
CCCCNC(N)=O,TOX222,0,0,0,0,0,0,0,0,0,1,0,0,116.164,0.4548,2,1,55.12
CCN(CC)c1ccc(C(=O)c2ccccc2C(=O)O)c(O)c1,TOX7604,0,0,,,1,0,1,0,0,0,0,0,313.353,3.1676,2,4,77.84
Nc1cc(S(=O)(=O)[O-])cc2cc(S(=O)(=O)O)cc(O)c12,TOX7600,0,0,0,0,0,0,0,0,0,0,0,0,318.308,0.2784,3,7,157.82
N#CCN(CC#N)CCN(CC#N)CC#N,TOX7603,0,0,0,0,0,0,0,0,0,0,,0,216.248,-0.31528,0,6,101.64
CC(O)C(CO)C(C)O,TOX21370,0,0,0,0,0,0,0,0,0,0,0,0,134.175,-0.6435,3,3,60.69
COCCOCCOCCOCCOCCO,TOX21371,0,0,0,0,0,0,0,0,0,0,0,0,252.307,-0.3085,1,6,66.38
O=C(O)c1cc(Cl)cc([N+](=O)[O-])c1Cl,TOX21372,0,0,0,0,0,0,0,1,0,0,0,0,236.01,2.5998,1,3,80.44
CCCCCC=CCC1CC(=O)OC1=O,TOX21373,0,0,0,0,0,0,0,,0,0,,0,210.273,2.6027,0,3,43.37
CCCCCCCCCCCCCN1CC(C)OC(C)C1,TOX21376,0,0,0,0,0,0,0,0,0,0,0,0,297.527,5.4066,0,2,12.47
COc1cc(C(C)(C)C)c(O)c(C(C)(C)C)c1,TOX21379,0,0,0,,0,0,0,0,0,0,1,0,236.355,3.9958,1,2,29.46
Clc1cc(Cl)nc(Cl)n1,TOX29143,0,0,0,0,0,0,,1,,0,0,0,183.425,2.4368,0,2,25.78
C[n+]1ccn(CCO)c1.F[B-](F)(F)F,TOX29142,0,0,0,0,0,0,0,0,0,0,0,0,213.971,0.6049,1,2,29.04
CC(CC(=O)Cl)CC(C)(C)C,TOX29140,0,0,0,,0,0,0,0,0,0,0,0,176.687,3.2142,0,1,17.07
CC[n+]1ccccc1.O=S(=O)([O-])C(F)(F)F,TOX29147,0,0,0,0,0,0,0,,0,0,0,0,257.233,1.0454,0,3,61.08
CCCCCCn1cc[n+](C)c1.O=S(=O)([N-]S(=O)(=O)C(F)(F)F)C(F)(F)F,TOX29146,0,,0,,,0,,1,0,0,,0,447.423,2.9522,0,5,91.19
CCCC[N+]1(C)CCCCC1,TOX29337,0,0,0,0,0,0,0,0,0,0,0,0,156.293,2.417,0,0,0
CC[C@H](N)c1ccccc1,TOX29144,0,0,0,0,0,0,0,0,0,0,0,0,135.21,2.0964,1,1,26.02
Clc1ccnc(Cl)n1,TOX29149,0,0,0,0,0,0,0,0,0,0,,0,148.98,1.7834,0,2,25.78
CCCC[n+]1ccccc1.O=S(=O)([O-])C(F)(F)F,TOX29148,0,0,0,0,0,0,0,0,0,0,0,0,285.287,1.8256,0,3,61.08
CC/C=C\CCCCCCCCCCOC(C)=O,TOX15266,0,0,0,0,0,0,0,0,0,0,0,0,254.414,5.0266,0,2,26.3
CC(C)(c1ccccc1)c1cc(-n2nc3ccccc3n2)c(O)c(C(C)(C)c2ccccc2)c1,TOX8985,0,0,0,0,0,0,0,0,0,0,0,0,447.582,6.7779,1,4,50.94
CC/C=C/C/C=C/C/C=C/CCCCCCCC(=O)OCC,TOX5307,0,0,0,,0,0,,,0,,1,0,306.49,6.139,0,2,26.3
CC(=O)c1ccc2c(c1)Cc1ccccc1-2,TOX29316,0,0,1,,1,,0,1,0,0,,0,208.26,3.4604,0,1,17.07
NC(=O)c1cnccn1,TOX1215,0,0,0,0,0,0,0,0,0,0,0,0,123.115,-0.4245,1,3,68.87
CCCCC(CC)COCC1CO1,TOX5301,0,0,0,0,0,0,0,0,0,0,0,0,186.295,2.6182,0,2,21.76
CC(=O)Oc1cccc2c1C(=O)c1c(OC(C)=O)cc(C(=O)O)cc1C2=O,TOX25636,0,,0,0,0,0,0,1,0,0,1,0,368.297,2.0108,1,7,124.04
CC(C)(C)C(=O)C1C(=O)c2ccccc2C1=O,TOX5930,0,0,1,0,,0,,,,0,1,0,230.263,2.297,0,3,51.21
C=C(C)C(=O)OCC(C)O,TOX5934,0,0,0,0,0,0,0,0,0,0,0,0,144.17,0.4865,1,3,46.53
CN1C(CSCC(F)(F)F)Nc2cc(Cl)c(S(N)(=O)=O)cc2S1(=O)=O,TOX5939,0,0,,0,0,0,0,,0,0,0,0,439.89,1.655,2,6,109.57
CCCCCCCCBr,TOX1938,0,0,0,0,0,0,0,0,0,0,0,0,193.128,3.7418,0,0,0
CCCCCCCCCCCCO,TOX6918,0,0,0,0,0,0,0,0,0,0,0,0,186.339,3.8996,1,1,20.23
C=CCCCCCCCCCC,TOX6914,0,0,0,0,0,0,0,0,0,0,0,0,168.324,4.7032,0,0,0
CCCCCCCCCCCO,TOX6915,0,0,0,0,0,0,0,0,0,0,0,0,172.312,3.5095,1,1,20.23
COCCOCCOCCO,TOX6912,0,0,0,0,0,0,0,0,0,0,0,0,164.201,-0.3417,1,4,47.92
CCCCCCCCCCCC,TOX6913,0,0,0,0,0,0,0,0,0,,0,0,170.34,4.9272,0,0,0
COc1cc(S(=O)(=O)[O-])c(C)cc1/N=N/c1c(O)ccc2cc(S(=O)(=O)[O-])ccc12,TOX4436,0,0,0,,,0,0,0,0,0,,0,450.45,3.08602,1,10,168.58
CC1=C(/C=C/C(C)=C/C=C/C(C)=C/C=C/C=C(C)/C=C/C=C(C)/C=C/C2=C(C)C[C@@H](O)CC2(C)C)C(C)(C)C[C@H](O)C1,TOX26807,0,,0,,,0,,,1,,,1,568.886,10.5474,2,2,40.46
CC(C)CCC(=O)O[C@H]1CC[C@H]2[C@@H]3CCC4=CC(=O)CC[C@]4(C)[C@H]3CC[C@]12C,TOX26806,1,1,,,1,1,0,,0,,0,0,386.576,5.8663,0,3,43.37
CC(=O)OCC(=O)[C@@]1(O)CC[C@H]2[C@@H]3CCC4=CC(=O)CC[C@]4(C)C3=CC[C@@]21C,TOX26805,1,1,0,0,1,0,0,,0,,0,0,386.488,3.3017,1,5,80.67
COc1ccc(-c2nc3cc(C4=NNC(=O)CC4C)ccc3[nH]2)cc1,TOX26804,0,0,1,,,,0,0,0,0,,1,334.379,3.0986,2,4,79.37
Nc1nc(=O)c(Br)c(-c2ccccc2)[nH]1,TOX26803,0,,0,0,0,0,0,0,0,0,0,0,266.098,1.7816,2,3,71.77
CN(c1nccc(=O)[nH]1)C1CCN(c2nc3ccccc3n2Cc2ccc(F)cc2)CC1,TOX26801,0,0,,0,,0,0,,0,0,,0,432.503,3.4122,1,6,70.05
C[C@]12CC[C@H](O)C[C@H]1CC[C@@H]1[C@@H]2CC[C@]2(C)[C@@H](c3ccc(=O)oc3)C[C@H]3O[C@@]312,TOX26808,,,0,,1,0,1,,,,,1,384.516,4.2583,1,4,62.97
Cc1oc(C)c(C(=O)Nc2ccccc2)c1C,TOX22137,0,0,1,1,,0,,1,0,0,1,0,229.279,3.45716,1,2,42.24
c1ccc([Hg]c2ccccc2)cc1,TOX22130,0,0,,,,0,,,1,0,1,,354.802,1.7199,0,0,0
C[N+](C)(C)CC(O)CCl,TOX7534,0,0,0,0,0,0,0,0,0,0,,0,152.645,0.2923,1,1,20.23
CC1=C(/C=C/C(C)=C\C=C/C(C)=C/C(=O)O)C(C)(C)CCC1,TOX20404,0,0,0,,,0,1,,0,0,,0,300.442,5.6026,1,1,37.3
C=C(C)C(=O)NCCCN(C)C,TOX20154,0,0,0,0,0,0,0,0,0,0,0,0,170.256,0.6304,1,2,32.34
OC[C@H]1O[C@@H](Oc2ccc(O)cc2)[C@H](O)[C@@H](O)[C@@H]1O,TOX20152,0,0,0,0,0,0,0,0,0,0,0,0,272.253,-1.4291,5,7,119.61
O=C(NCNC(=O)NC1C(=O)NC(=O)N1CO)NC1C(=O)NC(=O)N1CO,TOX20151,0,0,0,0,0,0,0,0,0,0,0,0,388.297,-4.8023,8,8,221.54
C=C(C)C(=O)OCC(CC)(COC(=O)C(=C)C)COC(=O)C(=C)C,TOX7530,0,0,0,0,0,0,0,0,0,,0,0,338.4,2.7407,0,6,78.9
O=P(Cl)(Oc1ccccc1)Oc1ccccc1,TOX24892,0,0,0,0,0,0,0,0,0,0,,0,268.636,4.4913,0,3,35.53
CCCCCCCCC(CCCCCC)C(=O)O,TOX24893,0,0,0,,0,0,,,0,,,,256.43,5.4082,1,1,37.3
Oc1ccc(Cc2ccccc2O)cc1,TOX24890,0,0,,0,1,1,0,1,0,0,1,0,200.237,2.6886,2,2,40.46
CC[C@H](OC(C)=O)C(C[C@@H](C)NC)(c1ccccc1)c1ccccc1,TOX28846,0,0,0,,,0,,,0,0,,0,339.479,4.3124,1,3,38.33
CO[Si](CCCn1c(=O)n(CCC[Si](OC)(OC)OC)c(=O)n(CCC[Si](OC)(OC)OC)c1=O)(OC)OC,TOX24896,0,0,0,0,0,0,0,0,0,0,0,0,615.858,-0.0237,0,15,149.07
CCC(CO)CO,TOX24897,0,0,0,0,0,0,0,0,0,0,0,0,104.149,-0.0028,2,2,40.46
CC(CN)CC(C)(C)CCN,TOX24894,0,0,0,0,0,0,0,0,0,0,0,0,158.289,1.3463,2,2,52.04
CC(C)(C)OC(=O)c1ccc(O)cc1,TOX24895,0,0,,,1,1,0,,0,0,1,0,194.23,2.3475,1,3,46.53
C=Cc1ccc(OC(C)=O)cc1,TOX24898,0,0,0,0,0,0,0,1,0,0,0,0,162.188,2.2549,0,2,26.3
CC(C)CC(C)(N)C#N,TOX24899,0,0,0,0,0,0,0,0,0,0,0,0,126.203,1.27348,1,2,49.81
CC(C)=CCN1CC[C@]2(C)c3cc(O)ccc3C[C@H]1[C@H]2C.O=C(O)CCC(=O)O,TOX28849,0,0,0,0,1,0,0,,0,,0,0,403.519,3.8184,3,4,98.07
CC(=O)OC1(c2ccccc2)CCN(CCc2ccccc2)CC1,TOX28848,0,0,0,0,,0,0,0,0,0,0,0,323.436,3.7835,0,3,29.54
O=S(=O)([O-])c1ccc2cc(O)ccc2c1,TOX9201,0,0,0,0,0,0,0,0,0,0,0,0,223.229,1.4495,1,4,77.43
CNC(=S)[S-],TOX9167,0,0,0,0,0,0,0,0,0,0,0,0,106.195,0.0376,1,2,12.03
CC(C)COC(=O)CC(C(=O)OCC(C)C)S(=O)(=O)[O-],TOX9164,0,0,0,0,0,0,,0,0,0,0,0,309.36,0.6887,0,7,109.8
CC1(C)C(=O)N(Br)C(=O)N1Cl,TOX9162,0,0,0,0,0,0,0,1,0,0,,0,241.472,1.4929,0,2,40.62
CCCCCCCCCCCCCCCCCC(=O)OCC(O)CO,TOX9160,0,0,0,0,0,0,0,0,0,0,0,0,358.563,5.1443,2,4,66.76
[SnH2+2],TOX1351,0,0,0,0,0,0,0,0,0,0,0,0,120.727,-0.9162,0,0,0
COCCO,TOX4182,0,0,0,0,0,0,0,0,0,0,,0,76.095,-0.3749,1,2,29.46
C1=CCC([Ti+2]C2=CC=CC2)=C1,TOX1354,0,0,0,,0,0,0,,0,,0,0,178.057,2.7565,0,0,0
COC(=O)Cl,TOX4185,0,0,0,0,0,0,0,0,0,0,0,0,94.497,0.9916,0,2,26.3
CC(=O)Oc1c(C)c(C)c2c(c1C)CC[C@@](C)(CCC[C@H](C)CCC[C@H](C)CCCC(C)C)O2,TOX1356,0,0,0,0,0,0,0,0,0,0,0,0,472.754,9.05996,0,3,35.53
CC(=O)Nc1ccc(N)cc1,TOX4455,0,0,0,0,0,0,0,0,0,0,0,0,150.181,1.2272,2,2,55.12
CC(=O)Nc1cccc(N)c1,TOX4454,0,0,,0,0,0,0,0,0,0,0,0,150.181,1.2272,2,2,55.12
Nc1cccc(N)c1,TOX1139,0,0,1,0,0,0,0,0,0,0,1,0,108.144,0.851,2,2,52.04
CCCCC1C(=O)N(c2ccccc2)N(c2ccccc2)C1=O,TOX1136,0,0,0,0,0,0,0,0,0,0,1,0,308.381,3.7878,0,2,40.62
c1ccc(Nc2ccc3ccccc3c2)cc1,TOX1131,0,0,1,,1,0,0,1,1,0,,0,219.287,4.5834,1,1,12.03
CC1=NN(c2ccccc2)C(=O)C1,TOX1130,0,0,1,0,0,0,0,0,0,0,1,0,174.203,1.7992,0,2,32.67
N=C(N)NC(=O)c1nc(Cl)c(N)nc1N,TOX4452,0,0,1,0,0,0,0,1,0,0,0,1,229.631,-1.08233,5,6,156.79
Nc1ccc(N)cc1,TOX1138,0,0,1,,,,0,1,1,0,1,0,108.144,0.851,2,2,52.04
CC1=CC[C@H]2C[C@@H]1C2(C)C,TOX9290,0,0,0,0,0,0,0,0,0,0,0,0,136.238,2.9987,0,0,0
CCCCCCCCCCCCOCCOS(=O)(=O)[O-],TOX9298,0,0,0,,,0,,,0,0,0,,309.448,3.4007,0,5,75.66
CCCCCCCCCCCCCCCCCCOCCO,TOX9299,0,0,0,0,0,0,0,0,0,0,0,0,314.554,6.2568,1,2,29.46
CN1C(=O)c2ccccc2C1=O,TOX7198,0,0,0,0,,0,0,0,0,0,0,0,161.16,0.9124,0,2,37.38
CCCCCCCCCCCCCCCC,TOX7195,0,0,0,0,,0,0,,0,0,0,0,226.448,6.4876,0,0,0
COC(=O)C(C)O,TOX7197,0,0,0,0,0,0,0,0,0,0,0,0,104.105,-0.4598,1,3,46.53
C1=CCC=C1,TOX7191,0,0,0,0,0,0,0,0,0,0,0,0,66.103,1.5025,0,0,0
CCNc1nc(NC(C)C)nc(SC)n1,TOX3869,0,0,,0,0,0,0,0,0,0,0,0,227.337,1.8456,2,6,62.73
CC1(C)CNC(=NN=C(/C=C/c2ccc(C(F)(F)F)cc2)/C=C/c2ccc(C(F)(F)F)cc2)NC1,TOX3868,0,,1,,1,,,,,,,,494.483,6.3818,2,2,48.78
COC(=O)c1ccccc1S(=O)(=O)NC(=O)Nc1nc(C)nc(OC)n1,TOX3864,0,0,0,0,0,0,0,0,0,0,,0,381.37,0.48562,2,9,149.47
CCOC(=O)[C@H](CCc1ccccc1)N[C@@H](C)C(=O)N1CC2(C[C@H]1C(=O)O)SCCS2,TOX24272,0,0,0,0,0,0,0,,0,,0,0,466.625,2.3908,2,7,95.94
CNC(=O)O/N=C/C(C)(C)S(C)(=O)=O,TOX3862,0,0,0,0,0,0,0,0,0,0,0,0,222.266,0.1514,1,5,84.83
O=C1OC[C@H](Cc2cccc(O)c2)[C@H]1Cc1cccc(O)c1,TOX28157,0,0,0,0,1,0,0,0,0,0,1,0,298.338,2.6722,2,4,66.76
CC(C)(C)c1ccc(N)cc1,TOX28155,0,0,0,0,,0,0,0,0,0,0,0,149.237,2.5663,1,1,26.02
CCCc1ccc(N)cc1,TOX28154,0,0,0,0,0,0,0,0,0,0,0,0,135.21,2.2213,1,1,26.02
COc1cc(NS(C)(=O)=O)ccc1Nc1c2ccccc2nc2ccccc12,TOX17186,0,,,,0,,,,,,1,1,393.468,4.5117,2,5,80.32
CCCCc1nc2cccnc2n1Cc1ccc(-c2ccccc2-c2nnn[n-]2)cc1,TOX28152,0,,0,,0,0,1,,0,0,,0,408.489,4.2984,0,6,83.48
CCCCc1oc2ccccc2c1C(=O)c1cc(I)c(OCCN(CC)CC)c(I)c1,TOX2592,0,0,0,0,0,0,,0,0,,,0,645.319,6.9362,0,4,42.68
CN1CCc2cccc3c2[C@H]1Cc1ccc(O)c(O)c1-3.CN1CCc2cccc3c2[C@H]1Cc1ccc(O)c(O)c1-3,TOX28159,0,0,1,,,0,0,1,0,,0,0,534.656,5.6998,4,6,87.4
C=C1C[C@H]2[C@@H]3C=C(C)C4=CC(=O)CC[C@]4(C)[C@H]3CC[C@]2(C)[C@@]1(OC(C)=O)C(C)=O,TOX28158,1,0,0,,0,,0,1,0,0,0,0,396.527,4.7414,0,4,60.44
CC(C)COC(=O)C=Cc1ccccc1,TOX27646,0,0,0,,0,0,0,0,0,0,0,0,204.269,2.899,0,2,26.3
O=C(C=Cc1ccccc1)OCC=Cc1ccccc1,TOX27647,0,0,0,,1,0,0,,0,0,0,0,264.324,3.9564,0,2,26.3
C=CC(Cl)CCl,TOX2113,0,0,0,0,0,0,0,0,0,0,0,0,124.998,2.0186,0,0,0
Oc1ccccc1Cc1ccccc1O,TOX2446,0,0,0,0,0,,0,1,0,0,1,0,200.237,2.6886,2,2,40.46
CCC(=O)Nc1ccc(Cl)c(Cl)c1,TOX2111,0,0,1,0,,0,0,0,0,0,,0,218.083,3.3419,1,1,29.1
NC12CC3CC(CC(C3)C1)C2,TOX2117,0,0,0,0,0,0,0,0,0,0,0,0,151.253,1.9139,1,1,26.02
CCC(C)(c1ccc(O)cc1)c1ccc(O)cc1,TOX2442,0,0,0,,1,1,,1,0,0,1,1,242.318,3.8138,2,2,40.46
CCc1cccc(C)c1N(C(=O)CCl)C(C)COC,TOX2448,0,0,0,1,0,0,,1,0,0,0,0,283.799,3.16412,0,2,29.54
Fc1ccccc1,TOX5329,0,0,0,0,0,0,0,,0,0,0,0,96.104,1.8257,0,0,0
CC(O)C1CCCCC1,TOX27643,0,0,0,0,0,0,0,0,0,0,0,0,128.215,1.9475,1,1,20.23
CNC1(C)C2CCC(C2)C1(C)C,TOX3240,0,0,0,0,0,0,0,0,0,0,0,0,167.296,2.4206,1,1,12.03
Cc1cccc(Nc2ccccc2C(=O)O)c1C,TOX3243,0,,0,0,0,0,0,,0,0,,0,241.29,3.74524,2,2,49.33
CNC[C@H](O)[C@@H](O)[C@H](O)[C@H](O)CO,TOX3244,0,0,0,0,1,0,0,0,0,0,0,0,195.215,-3.3583,6,6,113.18
Cc1cc(O)c2ccccc2c1O,TOX3247,,,,,,,,,,1,,,174.199,2.55942,2,2,40.46
COC(=O)N(C(=O)N1CO[C@@]2(C(=O)OC)Cc3cc(Cl)ccc3C2=N1)c1ccc(OC(F)(F)F)cc1,TOX12690,0,,0,1,,,,,0,,1,,527.839,4.0933,0,8,106.97
C[N+](C)(C)CCCCCC[N+](C)(C)C,TOX25053,0,0,0,0,0,0,0,0,0,0,0,0,202.386,1.9592,0,0,0
O=C(Cn1cnnn1)N[C@@H]1C(=O)N2C(C(=O)[O-])=C(CSc3nncs3)CS[C@H]12,TOX28520,0,0,0,0,0,0,0,,0,,0,0,439.484,-2.2792,1,13,158.92
COC(=O)C1(O)c2ccccc2-c2ccccc21,TOX14729,0,0,0,0,0,0,0,0,0,0,0,0,240.258,2.0759,1,3,46.53
COc1ccc2c3c1O[C@H]1[C@H](O)CC[C@H]4[C@@H](C2)N(C)CC[C@@]341,TOX28833,0,0,0,0,0,0,0,0,0,0,0,0,301.386,1.7251,1,4,41.93
CS(=O)(=O)c1cc(C(F)(F)F)ccc1C(=O)c1cnoc1C1CC1,TOX14723,0,0,0,0,0,0,,0,0,0,0,0,359.325,3.2053,0,5,77.24
Cc1c(C(=O)c2cnn(C)c2O)ccc(S(C)(=O)=O)c1C1=NOCC1,TOX14722,0,0,,0,0,0,0,0,0,0,0,0,363.395,1.19302,1,8,110.85
CC(C)(C)c1ccc(CCC=O)cc1,TOX24808,0,0,0,,0,0,0,0,0,0,0,0,190.286,3.1156,0,1,17.07
CCCCC(=O)OCC(=O)[C@H]1[C@H](C)C[C@H]2[C@@H]3C[C@H](F)C4=CC(=O)C=C[C@]4(C)[C@@]3(F)[C@@H](O)C[C@@]21C,TOX28524,1,1,,,0,0,0,0,0,0,0,0,478.576,4.4699,1,5,80.67
NCCCC[C@H](NC(=O)[C@@H]1CCCN1C(=O)[C@@H]1CSSC[C@H](N)C(=O)N[C@@H](Cc2ccccc2)C(=O)N[C@@H](Cc2ccccc2)C(=O)N[C@@H](CCC(N)=O)C(=O)N[C@@H](CC(N)=O)C(=O)N1)C(=O)NCC(N)=O,TOX28525,0,0,0,0,0,0,0,,0,,0,0,1040.24,-4.0347,12,15,405.32
C1CC(COCC2CO2)CCC1COCC1CO1,TOX24805,0,0,0,,0,0,,,0,0,0,0,256.342,1.6236,0,4,43.52
COC(=O)CCCCCCCCC(=O)OC,TOX6740,0,0,0,0,0,0,0,0,0,0,,0,230.304,2.4532,0,4,52.6
O=[Se]([O-])[O-],TOX12077,0,0,0,0,0,0,0,0,,0,0,0,126.957,-2.8776,0,3,63.19
CCC(=O)O[C@](Cc1ccccc1)(c1ccccc1)[C@H](C)CN(C)C,TOX28839,0,0,0,0,0,0,,,0,,,0,339.479,4.2755,0,3,29.54
COC(=O)CCCCCCCC(=O)OC,TOX24807,0,0,0,0,0,0,0,,0,0,0,0,216.277,2.0631,0,4,52.6
CCOC(=S)[S-],TOX22315,0,0,0,,0,0,0,1,0,1,0,0,121.206,0.8547,0,3,9.23
CCCCN(CCCC)C(=S)[S-],TOX24800,0,0,0,0,0,0,0,0,0,1,0,0,204.384,2.7204,0,2,3.24
O=C(CCCN1CCC(C(=O)c2ccc(F)cc2)CC1)c1ccc(F)cc1,TOX26120,0,0,0,0,0,0,0,,0,,0,0,371.427,4.5226,0,3,37.38
CC(C)(CO)[C@@H](O)C(=O)NCCCC(=O)[O-].CC(C)(CO)[C@@H](O)C(=O)NCCCC(=O)[O-],TOX26653,0,0,0,0,,0,0,,0,,,0,464.512,-3.9758,6,10,219.38
O=C(O)CCC/C=C\C[C@H]1[C@@H](O)C[C@@H](O)[C@@H]1/C=C/[C@@H](O)COc1cccc(C(F)(F)F)c1,TOX26122,0,0,0,,1,,0,,0,,0,0,458.473,3.5604,4,5,107.22
COc1ccc(-c2cc(=S)ss2)cc1,TOX26651,0,0,,,,0,0,1,0,1,,0,240.374,4.21469,0,4,9.23
O=C1CCC(=O)N1CO,TOX26657,0,0,,0,0,0,0,,0,,,0,129.115,-0.9148,1,3,57.61
NC(=O)[C@@H]1C[C@]2(NC(=O)NC2=O)c2cc(F)ccc2O1,TOX26654,0,0,0,0,0,0,0,,0,,0,0,279.227,-0.5032,3,4,110.52
COc1ccc(C(=O)c2c(C)n(CCN3CCOCC3)c3ccccc23)cc1,TOX26127,0,0,0,0,0,0,0,,0,0,,,378.472,3.52152,0,5,43.7
CCCCCCCCCCCCCCCCBr,TOX29356,0,0,0,0,0,0,0,0,0,0,0,0,305.344,6.8626,0,0,0
CC1=C(C=O)C(C)(C)CC=C1,TOX29357,0,0,0,0,0,0,0,0,0,0,0,0,150.221,2.4879,0,1,17.07
CC[C@@]1(O)C[C@H](O[C@H]2C[C@H](N(C)C)[C@H](O[C@H]3C[C@H](O)[C@H](O[C@H]4CCC(=O)[C@H](C)O4)[C@H](C)O3)[C@H](C)O2)c2c(cc3c(c2O)C(=O)c2c(O)cccc2C3=O)[C@H]1C(=O)OC,TOX26658,0,1,,1,1,,,,,,1,1,811.878,3.1577,4,16,217.05
CC(C)(C)C(=O)CC(=O)C(C)(C)C,TOX29355,0,0,0,0,0,0,0,,0,0,0,0,184.279,2.6069,0,2,34.14
CCCCC/C(=C/c1ccccc1)CO,TOX29352,0,0,0,,0,0,0,0,0,0,1,0,204.313,3.6426,1,1,20.23
CCCCCCCCCCCCCC[P+](CCCC)(CCCC)CCCC.CCCCCCCCCCCCc1ccccc1S(=O)(=O)[O-],TOX29350,0,,,,,,,,0,1,1,1,725.202,15.1595,0,3,57.2
O=[N+]([O-])c1ccc(CBr)cc1,TOX29351,0,0,0,0,0,0,0,,0,0,0,0,216.034,2.4897,0,2,43.14
CC(C)C[C@H](NC(=O)[C@H](Cc1ccccc1)NC(=O)c1cnccn1)B(O)O,TOX20980,0,0,0,1,,,,1,1,1,0,1,384.245,0.3606,4,6,124.44
CCN(CC)C(=O)C(C)Oc1cccc2ccccc12,TOX4211,0,0,1,1,0,0,0,0,0,0,0,0,271.36,3.4755,0,2,29.54
Clc1cccc(C(Cl)(Cl)Cl)n1,TOX4216,0,0,1,0,0,0,0,0,0,0,0,0,230.909,3.5617,0,1,12.89
CC(C)Cc1ccc([C@H](C)C(=O)O)cc1,TOX28650,0,0,0,0,0,0,0,,0,,0,0,206.285,3.0732,1,1,37.3
CC(C)COC(=O)COc1ccc(Cl)cc1Cl,TOX21347,0,0,0,0,0,0,0,0,0,0,0,0,277.147,3.5714,0,3,35.53
CCOC(=O)COc1ccc(Cl)cc1Cl,TOX21346,0,0,0,0,0,0,0,0,0,0,,0,249.093,2.9353,0,3,35.53
CCOC(=O)C=CC(=O)O,TOX24485,0,0,0,0,0,0,0,1,0,0,0,0,144.126,0.1903,1,3,63.6
CCN1C(=CC=CC=Cc2sc3ccccc3[n+]2CC)Sc2ccccc21,TOX28657,0,0,,,,0,0,,,,1,,391.585,6.2517,0,3,7.12
Oc1ccc(C2(c3ccc(O)cc3)c3ccccc3-c3ccccc32)cc1,TOX17731,0,0,0,,,,,,0,,,1,350.417,5.4609,2,2,40.46
N#CCNCC#N,TOX21580,0,0,0,0,0,0,0,0,0,0,0,0,95.105,-0.37684,1,3,59.61
Oc1ccc(C2(c3ccc(O)cc3)CCCCC2)cc1,TOX27939,0,,0,,1,1,,1,0,1,1,,268.356,4.348,2,2,40.46
Nc1cc2c3c(c1)C(c1ccccc1)=N[C@@H](NC(=O)c1cccnc1)C(=O)N3CC2,TOX27291,0,0,,0,0,0,0,0,0,0,,0,397.438,2.16,2,5,100.68
CSc1ccc(Oc2ccc(S(N)(=O)=O)cc2CN(C)C)cc1C,TOX27290,0,0,0,,,0,,0,0,0,,0,366.508,3.21822,1,5,72.63
NCC1(Cc2noc(=O)[nH]2)CCCCC1,TOX27292,0,0,0,0,0,0,0,,0,0,,0,211.265,0.8146,2,4,84.91
CN[C@H]1CC[C@@H](c2ccc(Cl)c(Cl)c2)c2ccc(S(N)(=O)=O)cc21,TOX27295,0,0,0,,,0,,,0,0,1,,385.316,3.827,2,3,72.19
CC(C)c1nnc2ccc(-c3ocnc3-c3cc(F)ccc3F)cn12,TOX27294,0,0,0,,,0,0,0,0,0,,0,340.333,4.4529,0,5,56.22
O=C(O)c1cccc(C[C@@H]2COc3ccc(OCc4nc5cc(F)ccc5s4)cc3[C@@H]2O)c1,TOX27297,0,0,0,0,0,0,0,,0,0,,,465.502,4.9973,2,6,88.88
O=C(O)Cn1c(=O)n(Cc2ccc(Br)cc2F)c(=O)c2ccc(Cl)cc21,TOX27296,0,0,0,0,0,0,0,0,0,0,0,0,441.64,2.8511,1,5,81.3
CCOc1cccc([C@]2(N3CCN(c4ccccc4)CC3)CC[C@@H](C)CC2)c1,TOX27299,0,0,,0,0,0,0,0,0,0,0,0,378.56,5.3129,0,3,15.71
CC(=O)NCCCS(=O)(=O)[O-].CC(=O)NCCCS(=O)(=O)[O-],TOX27529,0,0,0,0,0,0,0,1,0,0,0,0,360.41,-1.8844,2,8,172.6
Cc1ccc(Br)cc1,TOX4661,0,0,0,0,0,0,0,0,0,0,0,0,171.037,2.75752,0,0,0
OCCCCO,TOX4666,0,0,0,0,0,0,0,0,0,0,0,0,90.122,-0.2488,2,2,40.46
C(CCOCC1CO1)COCC1CO1,TOX4667,0,0,0,,0,0,0,1,0,0,0,,202.25,0.5974,0,4,43.52
CCCC=NO,TOX4664,0,0,0,0,0,0,0,0,0,0,0,0,87.122,1.2465,1,2,32.59
C/C(=N/NC(=O)c1ccncc1)C(=O)O,TOX31407,,,,,,,,0,,0,,,207.189,0.2719,2,4,91.65
COc1ccc2c(c1)CCCC2=O,TOX31406,,,,,,,,0,,0,,,176.215,2.2142,0,2,26.3
O=C1CC2(CCCC2)CC(=O)N1,TOX31405,,,,,,,,0,,0,,,167.208,0.9834,1,2,46.17
CCCCCN(CCCOC)C(=O)C(CCC(=O)O)NC(=O)c1ccc(Cl)c(Cl)c1,TOX31404,,,,,,,,0,,0,,,461.386,4.0119,2,4,95.94
C/C(=N\O)[C@@H](C)NCC(C)(C)CN[C@H](C)/C(C)=N/O,TOX31403,,,,,,,,0,,0,,,272.393,1.669,4,6,89.24
CCc1cc2cc(OC)c(OC)cc2c(Cc2ccccc2)n1,TOX31402,,,,,,,,0,,0,,,307.393,4.4052,0,3,31.35
CC[N+]1(CC)CCC(OC(=O)C(O)(c2ccccc2)c2ccccc2)C1,TOX31401,,,,,,,,0,,0,,,354.47,3.0946,1,3,46.53
COc1cc2c(cc1OC)CN(C(=O)[C@H](C)N[C@@H](CCc1ccccc1)C(=O)O)[C@H](C(=O)O)C2,TOX31400,,,,,,,,0,,0,,,470.522,2.1058,3,6,125.4
CC[S+](C)CC.O=S(=O)([N-]S(=O)(=O)C(F)(F)F)C(F)(F)F,TOX27930,,0,0,0,1,0,0,0,0,0,,0,385.373,2.3336,0,4,82.38
CCOC(=O)c1cc(=O)c2c(OCC(COc3cccc4oc(C(=O)OCC)cc(=O)c34)OC(=O)[C@@H](N)CCCCN)cccc2o1,TOX31409,,,,,,,,,,0,,,652.653,3.0787,2,14,209.82
CCCCCCCCn1cc[n+](C)c1.O=S(=O)([N-]S(=O)(=O)C(F)(F)F)C(F)(F)F,TOX27931,0,0,0,1,,,0,1,,0,,,475.477,3.7324,0,5,91.19
Cl[Au](Cl)Cl,TOX24379,0,,0,,,1,,1,,1,,,303.326,2.066,0,0,0
CC(=O)OC(C)c1ccccc1,TOX21636,0,0,0,0,0,0,0,0,0,0,0,0,164.204,2.3107,0,2,26.3
Cc1ccc(S(=O)(=O)[O-])c(C)c1,TOX21639,0,0,0,0,0,0,0,0,0,0,0,0,185.224,1.20754,0,3,57.2
OCCCc1ccccc1,TOX21638,0,0,0,0,0,0,0,0,0,0,0,0,136.194,1.6115,1,1,20.23
CCCCCCCCOC(=O)c1ccc(O)cc1,TOX27933,0,0,0,,1,1,0,0,0,,1,0,250.338,3.9095,1,3,46.53
CN1CC[C@H](c2c(O)cc(O)c3c(=O)cc(-c4ccccc4Cl)oc23)[C@H](O)C1,TOX28887,0,,0,,,0,,,0,0,,0,401.846,3.3046,3,6,94.14
Cn1cnc2ncnc(N)c21,TOX29335,0,0,0,0,0,0,0,0,0,0,0,0,149.157,-0.0545,1,5,69.62
NC(=O)n1c(O)c(C(=O)c2cccs2)c2cc(Cl)ccc21,TOX26104,0,,1,,,0,,,,0,1,1,320.757,3.2196,2,5,85.32
NCCNCCNCCNCCN,TOX6108,0,0,0,0,0,0,0,,0,0,,0,189.307,-2.3274,5,5,88.13
COc1ccc(Br)c(C)c1,TOX9338,0,0,0,0,0,0,0,0,0,0,0,0,201.063,2.76612,0,1,9.23
Oc1c(Cl)c(Cl)cc(Cl)c1Cl,TOX6101,0,,,1,,0,,1,,0,1,,231.893,4.0058,1,1,20.23
O=[N+]([O-])c1ccc(S(=O)(=O)O)c([N+](=O)[O-])c1,TOX29330,,0,,,0,0,0,1,0,0,0,0,248.172,0.7497,1,6,140.65
CCCCCC1=CCCC1=O,TOX9331,0,0,0,0,0,0,0,0,0,0,0,0,152.237,2.856,0,1,17.07
O=C1OC(=O)c2c(Cl)c(Cl)c(Cl)c(Cl)c21,TOX6102,0,0,0,0,0,0,0,0,0,0,0,0,285.897,3.6108,0,3,43.37
C=CC(=O)OCCOCCOCCOCCOC(=O)C=C,TOX6107,0,1,0,,,0,1,1,1,,0,,302.323,0.4946,0,7,80.29
O=C[O-],TOX9626,0,0,0,0,0,0,0,0,0,0,0,0,45.017,-1.6339,0,2,40.13
CCCCCCCCCCCCCCCCCC[N+](C)(C)Cc1ccccc1,TOX5139,0,,0,,,,,,,,1,,388.704,8.5245,0,0,0
CN(C)c1ccc(N=O)cc1,TOX5138,0,1,1,,1,0,,,1,1,0,1,150.181,2.1505,0,3,32.67
CC(C)(C)OC(=O)c1cccc(N)c1,TOX29332,0,0,,0,1,1,0,0,0,0,,0,193.246,2.2241,1,3,52.32
Cc1ccc2ccccc2c1C,TOX5130,0,0,,0,0,0,0,0,0,0,0,0,156.228,3.45664,0,0,0
Cc1ccc([N+](=O)[O-])cc1C,TOX5133,0,0,0,0,0,0,0,0,0,0,0,0,151.165,2.21164,0,2,43.14
Cc1cccc([N+](=O)[O-])c1C,TOX5132,0,0,0,0,0,0,0,0,0,0,0,0,151.165,2.21164,0,2,43.14
Cc1ccc([N+](=O)[O-])c(C)c1,TOX5135,0,0,0,0,1,0,0,0,0,0,0,0,151.165,2.21164,0,2,43.14
Cc1cccc(C)c1[N+](=O)[O-],TOX5134,0,0,0,0,1,0,0,0,0,0,0,0,151.165,2.21164,0,2,43.14
Cc1ccc(C)c([N+](=O)[O-])c1,TOX5137,0,0,0,0,0,0,0,1,0,0,0,0,151.165,2.21164,0,2,43.14
Cc1cc(C)cc([N+](=O)[O-])c1,TOX5136,0,0,0,0,0,0,0,0,0,0,0,0,151.165,2.21164,0,2,43.14
CCO[Si](CC)(OCC)OCC,TOX21962,0,0,0,0,0,0,0,0,0,0,,0,192.331,2.0547,0,3,27.69
CCOc1cc(OP(=S)(OC)OC)nc(CC)n1,TOX21964,0,0,0,0,0,0,0,0,0,0,0,0,292.297,2.3338,0,7,62.7
COP(=S)(OC)Oc1ccc(S(=O)(=O)N(C)C)cc1,TOX21966,0,0,,,0,,0,0,0,0,0,0,325.348,1.833,0,6,65.07
CCC=O,TOX1658,0,0,0,0,0,0,0,0,0,0,0,0,58.08,0.5953,0,1,17.07
O=C(O)CC(=O)O,TOX1659,0,0,0,0,0,0,0,1,0,0,0,0,104.061,-0.4543,2,2,74.6
COC(=O)[C@@H]1[C@@H](O)CC[C@@H]2CN3CCc4c([nH]c5ccccc45)[C@@H]3C[C@@H]21,TOX25608,0,0,1,0,0,0,0,,0,,0,0,354.45,2.6471,2,4,65.56
CC(=O)C(=O)O,TOX1650,0,0,0,0,0,0,0,1,0,0,0,0,88.062,-0.34,1,2,54.37
CC(C)(O)[C@H]1[C@@H]2C(=O)O[C@H]1[C@H]1OC(=O)[C@@]34O[C@@H]3C[C@]2(O)[C@@]14C,TOX25605,0,0,,0,0,0,0,,0,,0,0,310.302,-0.8672,2,7,105.59
CCCCCCCCCCCCCCC(=O)O,TOX1652,0,0,0,0,,,0,0,0,0,0,0,242.403,5.1622,1,1,37.3
CO[C@]12C[C@@H](COC(=O)c3cncc(Br)c3)CN(C)[C@@H]1Cc1cn(C)c3cccc2c13,TOX25607,0,0,1,,0,0,0,0,0,0,0,0,484.394,3.9109,0,6,56.59
NCCCC[C@H](N[C@@H](CCc1ccccc1)C(=O)O)C(=O)N1CCC[C@H]1C(=O)O,TOX25600,0,0,0,0,0,0,0,0,0,0,0,0,405.495,1.2352,4,5,132.96
CCCCC(=O)O,TOX1655,0,0,0,0,1,0,0,0,0,0,0,0,102.133,1.2612,1,1,37.3
O=C(O)Cc1ccccc1,TOX1656,0,0,0,0,0,0,0,0,0,0,0,0,136.15,1.3137,1,1,37.3
CO/N=C(\C(=O)N[C@@H]1C(=O)N2C(C(=O)O)=C(C[N+]3(C)CCCC3)CS[C@H]12)c1csc(N)n1,TOX25603,0,0,0,0,0,0,0,,0,,0,0,481.58,0.0548,3,9,147.21
O=C(O)/C=C/c1c[nH]cn1,TOX21148,0,0,0,0,0,0,0,0,0,0,0,0,138.126,0.5075,2,2,65.98
C[Si](Cn1cncn1)(c1ccc(F)cc1)c1ccc(F)cc1,TOX4235,0,0,,1,,0,0,0,0,0,1,0,315.399,1.9885,0,3,30.71
NNC(=O)c1cccnc1,TOX933,0,0,1,0,,0,0,0,0,0,0,0,137.142,-0.3149,2,3,68.01
O=C(O)c1cccnc1,TOX932,0,0,0,0,0,0,0,0,0,0,0,0,123.111,0.7798,1,2,50.19
O=[N+]([O-])[O-].[Na+],TOX937,0,0,0,0,0,0,0,0,0,0,0,0,84.994,-3.2351,0,3,66.2
CCOC(=O)NC(=S)Nc1ccccc1NC(=S)NC(=O)OCC,TOX14531,0,0,1,,1,0,0,0,0,0,,,370.456,2.5724,4,6,100.72
O=C(O)CN(CC(=O)O)CC(=O)O,TOX939,0,0,0,0,0,0,0,1,0,0,0,0,191.139,-1.4578,3,4,115.14
N#CCCC(Br)(C#N)CBr,TOX4944,0,,0,,0,0,,,0,1,,0,265.936,2.34236,0,2,47.58
CC(CCC(=O)O)(c1ccc(O)cc1)c1ccc(O)cc1,TOX2436,0,0,0,0,1,0,0,0,0,0,0,0,286.327,3.2686,3,3,77.76
CC[C@H]1OC(=O)C[C@@H](O)[C@H](C)[C@@H](O[C@@H]2O[C@H](C)[C@@H](O[C@H]3C[C@@](C)(O)[C@@H](O)[C@H](C)O3)[C@H](N(C)C)[C@H]2O)[C@@H](CC=O)C[C@@H](C)C(=O)C=CC(C)=C[C@@H]1CO[C@@H]1O[C@H](C)[C@@H](O)[C@@H](OC)[C@H]1OC,TOX25938,0,0,0,0,0,0,0,,0,,0,0,916.112,1.8335,5,18,238.67
O=C(O)c1cn(-c2ccc(F)cc2)c2cc(N3CCNCC3)c(F)cc2c1=O,TOX25939,0,0,0,0,0,0,0,0,0,0,,0,385.37,2.3767,2,5,74.57
O=C(NC(Cc1cc(=O)[nH]c2ccccc12)C(=O)O)c1ccc(Cl)cc1,TOX25937,0,0,0,0,0,0,0,,0,0,0,0,370.792,2.6072,3,3,99.26
Cc1ncc([N+](=O)[O-])n1CC(C)O,TOX25934,0,0,0,0,0,0,0,0,0,0,0,0,185.183,0.48052,1,5,81.19
CCn1cc(C(=O)O)c(=O)c2cc(F)c(N3CCN(C)CC3)cc21,TOX25935,0,0,0,0,0,0,0,0,0,0,,0,333.363,1.6105,1,5,65.78
CN(C)CCc1c[nH]c2ccc(C[C@H]3COC(=O)N3)cc12,TOX25933,,,,,,,,0,,0,,,287.363,1.9229,2,3,57.36
C[C@]12CC[C@H]3[C@@H](C=CC4=CC(=O)CC[C@@]43C)[C@@H]1CC[C@@]21CCC(=O)O1,TOX25930,1,1,0,1,,0,0,1,0,0,0,0,340.463,4.3701,0,3,43.37
CC(C)NCC(O)COc1cccc2[nH]ccc12,TOX3476,0,0,,0,0,0,0,0,0,0,0,0,248.326,1.9056,3,3,57.28
O=c1[nH]c2ccccc2n1C1CCN(CCCC(c2ccc(F)cc2)c2ccc(F)cc2)CC1,TOX3474,0,,0,0,,0,0,,,,,,461.556,5.857,1,3,41.03
CC1=C(C/C=C(\C)CCC[C@H](C)CCC[C@H](C)CCCC(C)C)C(=O)c2ccccc2C1=O,TOX3472,,,,,,,,0,,0,,,450.707,9.1576,0,2,34.14
O=C(O)c1ccccc1C(=O)Nc1ccc(S(=O)(=O)Nc2nccs2)cc1,TOX3470,0,0,0,0,0,0,0,0,0,0,0,0,403.441,2.8944,3,6,125.46
CNC(=O)Oc1ccc2c(c1)[C@]1(C)CCN(C)[C@@H]1N2C,TOX3471,0,0,0,0,0,0,0,1,0,0,0,0,275.352,1.7739,1,4,44.81
CC(=O)O[C@H]1C[C@@H]2CC[C@@H]3[C@H](CC[C@@]4(C)[C@H]3C[C@H](N3CC[N+](C)(C)CC3)[C@@H]4OC(C)=O)[C@@]2(C)C[C@@H]1N1CC[N+](C)(C)CC1,TOX3478,0,0,0,0,0,0,0,,0,,0,0,602.905,3.6335,0,6,59.08
CCn1cc(C(=O)O)c(=O)c2cnc(N3CCNCC3)nc21,TOX3479,0,0,0,0,0,0,0,0,0,0,0,0,303.322,-0.0808,2,7,100.35
C=Cc1cccc(CCl)c1,TOX2307,0,0,0,0,0,0,0,1,0,0,0,0,152.624,3.0684,0,0,0
CCOP(=O)(OCC)SCCSCC,TOX2306,0,0,0,0,,0,0,0,0,0,0,0,258.345,3.6538,0,5,35.53
C=Cc1ccc(C(C)(C)C)cc1,TOX2305,0,0,0,0,0,0,0,0,0,0,,0,160.26,3.6271,0,0,0
CCCCN,TOX1904,0,0,0,0,0,0,0,0,0,0,,0,73.139,0.7452,1,1,26.02
CC(C)[C@H](C(=O)OC(C#N)c1cccc(Oc2ccccc2)c1)c1ccc(OC(F)F)cc1,TOX2301,0,0,0,,0,0,0,0,0,,1,0,451.469,6.62798,0,5,68.55
N#CCC#N,TOX1907,0,1,,,0,0,,0,0,1,,,66.063,0.42366,0,2,47.58
CCNCC,TOX24320,0,0,0,0,0,0,0,0,0,0,0,0,73.139,0.6158,1,1,12.03
O=c1c(-c2ccc(O)cc2)coc2cc(O)cc(O)c12,TOX2308,0,0,1,,1,1,,1,1,0,1,1,270.24,2.5768,3,5,90.9
CCCCCCCCCC(=O)N(C)C,TOX7764,0,0,0,0,0,0,0,0,0,0,0,0,199.338,3.2153,0,1,20.31
C=CC(=O)[O-].C=CC(=O)[O-].[Zn+2],TOX7768,0,0,0,0,0,0,,,0,0,0,0,207.5,-2.1579,0,4,80.26
Nc1nc2nc[nH]c2c(=S)[nH]1,TOX3652,0,0,1,1,1,1,0,1,0,0,0,1,167.197,0.59769,3,4,83.38
CS(=O)(=O)c1ccc([C@@H](O)[C@@H](COC(=O)CN)NC(=O)C(Cl)Cl)cc1,TOX3650,0,0,0,0,0,0,0,,0,,0,0,413.279,-0.0861,3,7,135.79
CC1(C)C2=CCCC(C)(C)[C@]23CC[C@H]1C3,TOX24518,0,0,0,1,0,0,0,0,0,0,0,0,204.357,4.5591,0,0,0
CC(CCO)CCCC(C)(C)O,TOX24513,0,0,0,0,,0,0,0,0,0,,0,174.284,1.9461,2,2,40.46
Nc1nc2c(ncn2COC(CO)CO)c(=O)[nH]1,TOX21032,0,0,0,0,0,0,0,0,0,0,0,0,255.234,-1.9709,4,8,139.28
CN1CCN(CCC=C2c3ccccc3Sc3ccc(S(=O)(=O)N(C)C)cc32)CC1,TOX3658,0,0,0,,0,0,,,0,,,,443.638,3.4707,0,5,43.86
Cc1cc(N)n(-c2ccccc2)n1,TOX24517,0,0,,,,0,0,0,0,0,0,0,173.219,1.76292,1,3,43.84
C=C(C)C(=O)OCCOCCOCCOCCOC(=O)C(=C)C,TOX24515,0,0,0,0,0,0,0,1,0,0,,0,330.377,1.2748,0,7,80.29
COc1cc2ncnc(Nc3ccc(F)c(Cl)c3)c2cc1OCCCN1CCOCC1,TOX21034,0,0,1,,,0,0,1,0,0,,,446.91,4.2756,1,7,68.74
COc1ccc(CN2CCNCC2)c(OC)c1OC,TOX25407,,,,,,,,0,,0,,,266.341,1.1176,1,5,42.96
Nc1ccc(S(=O)(=O)Nc2ccccn2)cc1,TOX6067,0,0,0,0,0,0,0,0,0,0,0,0,249.295,1.4646,2,4,85.08
Cc1cc(NS(=O)(=O)c2ccc(N)cc2)no1,TOX6064,0,0,0,0,0,0,0,0,0,0,0,0,253.283,1.36602,2,5,98.22
COc1ccc2c(c1)c1c3n2CCN(C)C3=NCC1,TOX25705,0,,1,0,0,0,0,0,0,0,0,0,255.321,1.898,0,4,29.76
CCN(CC)c1ccc(C(=C2C=CC(=[N+](CC)CC)C=C2)c2ccc(S(=O)(=O)[O-])cc2S(=O)(=O)[O-])cc1,TOX6065,0,0,,1,,0,0,0,,0,,0,543.687,3.7622,0,7,120.65
CCCCOC(=O)c1ccc(O)cc1,TOX209,0,0,0,,1,1,0,1,1,0,1,0,194.23,2.3491,1,3,46.53
CCC(C)c1cc([N+](=O)[O-])cc([N+](=O)[O-])c1O,TOX207,0,0,0,0,0,0,0,1,0,0,1,0,240.215,2.7221,1,5,106.51
CCCCCl,TOX206,0,0,0,0,0,0,0,0,0,0,,0,92.569,2.0253,0,0,0
CCCCOC(=O)c1ccccc1C(=O)OCc1ccccc1,TOX205,0,0,0,0,1,1,0,0,0,0,0,0,312.365,4.0005,0,4,52.6
CCC[C@@H]1O[C@@H]2C[C@H]3[C@@H]4CCC5=CC(=O)C=C[C@]5(C)[C@H]4[C@@H](O)C[C@]3(C)[C@]2(C(=O)CO)O1,TOX202,1,1,0,,0,0,0,1,0,0,0,0,430.541,2.7168,2,6,93.06
OCCBr,TOX200,0,0,0,0,0,0,0,1,0,0,0,0,124.965,0.3736,1,1,20.23
O=C([O-])CCCOc1ccc(Cl)cc1Cl,TOX21356,0,,1,0,0,0,0,0,0,0,0,0,248.085,1.9023,0,3,49.36
CCCCC/C=C\C=C\C(=O)OCC,TOX21357,0,0,0,,0,0,,,0,,1,,196.29,3.2422,0,2,26.3
CCCCCC[n+]1ccccc1.F[B-](F)(F)F,TOX29161,0,0,0,0,0,0,0,0,0,0,0,0,251.076,3.8544,0,0,3.88
Clc1nnc(Cl)c2ccccc12,TOX29162,0,0,1,0,0,0,0,1,0,0,,0,199.04,2.9366,0,2,25.78
Cc1cc(O)c(Cl)c(C)c1Cl,TOX21359,0,,0,,,0,0,,0,,1,,191.057,3.31584,1,1,20.23
CC(C)CCCO,TOX8683,0,0,0,,0,0,0,0,0,0,0,0,102.177,1.4149,1,1,20.23
CC/C=C/CCCCCCCCCCOC(C)=O,TOX15286,0,0,0,0,0,0,0,0,0,0,0,0,254.414,5.0266,0,2,26.3
C/C=C/C/C=C\CCCCCCCCOC(C)=O,TOX15285,0,0,0,,0,0,,,0,1,0,0,252.398,4.8026,0,2,26.3
C/C=C/C=C/CCCCCCCO,TOX15288,0,0,0,0,0,0,0,,0,1,0,0,182.307,3.4516,1,1,20.23
C=CC(=O)OCCCCOC(=O)C=C,TOX24779,0,1,0,,0,0,1,1,1,,0,,198.218,1.225,0,4,52.6
O=[N+]([O-])/C=C/c1ccccc1,TOX1285,0,,,,0,0,,,1,,,1,149.149,1.934,0,2,43.14
COC(=O)c1c(C(F)F)nc(C(F)(F)F)c(C2=NCCS2)c1CC(C)C,TOX12488,0,0,0,0,0,0,0,0,0,0,0,0,396.381,4.5165,0,5,51.55
CCCCn1cc[n+](C)c1,TOX11461,0,0,0,0,0,0,0,0,0,0,0,0,139.222,1.1127,0,1,8.81
CCCCCCI,TOX29298,0,0,,0,0,0,0,0,0,0,0,0,212.074,3.0017,0,0,0
Cc1cccc2c1cc1ccc3cccc4ccc2c1c34,TOX29297,0,1,1,0,0,,1,1,0,1,,1,266.343,6.04562,0,0,0
CCCCCCCCCCCCCCCBr,TOX29296,0,0,0,0,0,0,0,0,0,0,0,0,291.317,6.4725,0,0,0
CCOP(=S)(Oc1cnc(C(C)(C)C)nc1)OC(C)C,TOX12482,0,0,1,,0,0,0,0,0,0,0,0,318.379,3.8389,0,6,53.47
CCOC(=O)CS,TOX29294,0,0,0,,0,0,0,0,0,0,,1,120.173,0.4793,1,3,26.3
COP(=S)(OC)Oc1ccc(Sc2ccc(OP(=S)(OC)OC)cc2)cc1,TOX12484,0,0,,,,,0,0,0,0,,,466.479,5.63,0,9,55.38
CCCCCC[n+]1ccccc1.O=S(=O)([O-])C(F)(F)F,TOX29292,0,0,0,0,,0,0,1,0,0,0,0,313.341,2.6058,0,3,61.08
CCCOC(=O)C(C)O,TOX29290,0,0,0,0,0,0,0,0,0,0,0,0,132.159,0.3204,1,3,46.53
CC(O)CN(CCN(CC(C)O)CC(C)O)CC(C)O,TOX6689,0,0,0,0,0,0,0,0,0,0,0,0,292.42,-0.8864,4,6,87.4
CCCCCCC(C=O)=Cc1ccccc1,TOX6684,0,0,0,0,1,0,0,0,0,0,0,0,216.324,4.2393,0,1,17.07
c1ccc(-c2ccc(-c3ccccc3)cc2)cc1,TOX7888,0,0,1,,1,0,0,0,1,0,,0,230.31,5.0206,0,0,0
OC(CCCN1CCCCC1)(c1ccccc1)c1ccccc1,TOX2950,0,0,0,0,0,0,0,0,0,0,,0,309.453,4.1886,1,2,23.47
CC(C)(C#N)/N=N/C(C)(C)C#N,TOX6457,0,0,0,0,0,0,0,0,0,0,0,0,164.212,2.04296,0,4,72.3
CCCCC(CC)COC(=O)c1c(Br)c(Br)c(Br)c(Br)c1C(=O)OCC(CC)CCCC,TOX7887,1,0,0,,0,0,0,0,0,0,0,0,706.148,9.483,0,4,52.6
CCC(C)(C)c1cc(-n2nc3ccccc3n2)c(O)c(C(C)(C)CC)c1,TOX7886,0,0,0,0,0,0,0,0,0,0,0,0,351.494,5.5013,1,4,50.94
CC/C=C\C#N,TOX7884,0,0,0,0,0,0,0,0,0,0,,0,81.118,1.47618,0,1,23.79
CC(C)S,TOX5481,0,0,0,0,0,0,0,,0,0,0,0,76.164,1.3246,1,1,0
CC(C)OCC1CO1,TOX5480,0,0,0,0,0,0,0,0,0,,0,0,116.16,0.8102,0,2,21.76
CC(C)OC(=O)Cc1ccccc1,TOX5483,0,0,0,0,0,0,0,0,0,0,0,0,178.231,2.1807,0,2,26.3
COP(=S)(OC)Oc1cc(Cl)c(Cl)cc1Cl,TOX14885,0,0,1,0,0,0,0,,0,0,1,0,321.549,4.5429,0,4,27.69
CC(C)Nc1ccc(Nc2ccccc2)cc1,TOX5485,0,0,0,,,0,0,1,0,,,1,226.323,4.2505,2,2,24.06
Fc1ccc(Oc2ccnc3cc(Cl)cc(Cl)c23)cc1,TOX14881,0,0,,0,0,0,1,1,0,,1,1,308.139,5.473,0,2,22.12
COP(OC)OC,TOX6979,0,0,0,0,0,0,0,0,0,0,,0,124.076,1.1525,0,3,27.69
CCC(C)(C)c1ccc(O)c(C(C)(C)CC)c1,TOX6974,0,0,0,,0,0,0,,,,1,,234.383,4.7674,1,1,20.23
Cc1ccc([N+](=O)[O-])cc1S(=O)(=O)O,TOX6975,0,0,0,0,0,0,0,0,0,0,0,0,217.202,1.14992,1,4,97.51
CC(C)(C)CC(C)(C)c1ccc(OCCO)cc1,TOX14085,0,0,0,,,0,0,1,0,,1,0,250.382,3.7715,1,2,29.46
OCCO[C@H]1[C@@H](O)O[C@H](CO)[C@@H](O)[C@@H]1O,TOX26829,1,0,0,,0,0,0,,0,,0,0,224.209,-3.2048,5,7,119.61
O=c1[n-]c2[nH]c(=O)[nH]c(=O)c2[nH]1,TOX26828,,,,,,,,0,,0,,,167.104,-2.1381,3,3,112.68
CCCCCCCCC1CO1,TOX5242,0,0,0,0,0,0,0,0,0,0,0,0,156.269,3.1358,0,1,12.53
CNC(=O)[C@H](Cc1c[nH]c2ccccc12)NC(=O)[C@@H](CC(=O)NO)CC(C)C,TOX26353,0,0,,0,0,0,0,,,,0,0,388.468,1.499,5,4,123.32
C[Se]CC[C@H](N)C(=O)O,TOX26824,0,0,0,0,0,0,0,,0,,0,0,196.108,-0.041,2,2,63.32
O=C(O[C@@H]1C[C@@H]2C[C@@H]3C[C@H](C1)N2CC3=O)c1c[nH]c2ccccc12,TOX26827,0,0,0,0,0,0,0,,0,,,0,324.38,2.519,1,4,62.4
CCCCCCCCOc1ccccc1C(=O)Nc1ccc(C(=O)OCC[N+](C)(CC)CC)cc1,TOX26357,0,0,0,0,0,0,,,0,,,,483.673,6.3214,1,4,64.63
O[C@@H]1[C@H](O)CN2CCC[C@@H](O)[C@H]12,TOX26356,0,0,0,0,0,0,0,,0,,0,0,173.212,-1.4529,3,4,63.93
CCCC(=O)O[C@]1(C(=O)CCl)[C@@H](C)C[C@H]2[C@@H]3CCC4=CC(=O)C=C[C@]4(C)[C@@]3(F)C(=O)C[C@@]21C,TOX26823,,,,,,,,1,,0,,,478.988,4.7014,0,5,77.51
C=CC[C@@H]1C=C(C)C[C@H](C)C[C@H](OC)[C@H]2O[C@@](O)(C(=O)C(=O)N3CCCC[C@H]3C(=O)O[C@H](/C(C)=C/[C@@H]3CC[C@@H](O)[C@H](OC)C3)[C@H](C)[C@@H](O)CC1=O)[C@H](C)C[C@@H]2OC,TOX26354,0,0,0,,0,0,,,,,1,0,804.031,4.639,3,12,178.36
Nc1ncnc2c1ncn2[C@@H]1O[C@H](COP(=O)(O)O)[C@@H](O)[C@H]1O,TOX2560,0,0,0,0,0,0,0,0,0,0,,0,347.224,-1.863,5,10,186.07
CCOC(=O)N(C)C(=O)CSP(=S)(OCC)OCC,TOX22117,0,0,1,0,0,0,0,0,0,0,0,0,329.38,2.632,0,7,65.07
CC/C=C\CC/C=C/CO,TOX27192,0,0,0,0,0,0,0,0,0,0,0,0,140.226,2.2813,1,1,20.23
C=C(C)CCC[C@H](C)CCO,TOX27193,0,0,0,0,0,0,0,0,0,0,0,0,156.269,2.7513,1,1,20.23
CCCCCCCCC1CCC(=O)O1,TOX27190,1,0,0,,,0,0,0,0,0,0,0,198.306,3.4426,0,2,26.3
C=CC(C)(CCC=C(C)C)OC(=O)c1ccccc1,TOX27191,0,0,0,0,1,1,0,0,0,0,1,0,258.361,4.5345,0,2,26.3
CC1CCc2nccnc21,TOX27196,,0,0,0,0,0,0,0,0,0,0,0,134.182,1.5263,0,2,25.78
CCCCCCCCCCCCCCC1CO1,TOX5245,0,0,,0,0,0,0,0,0,0,0,0,240.431,5.4764,0,1,12.53
CC1CCC(C(C)(C)S)C(=O)C1,TOX27195,0,0,0,0,0,0,0,0,0,0,0,0,186.32,2.7001,1,2,17.07
CCCC(C)C(=O)OCC,TOX27198,0,0,0,0,0,0,0,0,0,,0,0,144.214,1.9857,0,2,26.3
CCCc1ccc(O)c(OC)c1,TOX27199,0,0,0,0,0,0,0,0,0,0,0,0,166.22,2.3533,1,2,29.46
CN(C)C(=S)SC(=S)N(C)C,TOX1333,0,0,,,,1,,,1,1,,0,208.377,1.4126,0,3,6.48
CN(C)C(=S)SSC(=S)N(C)C,TOX1332,0,,0,,,0,,,1,1,1,0,240.444,2.0608,0,4,6.48
OC[P+](CO)(CO)CO.OC[P+](CO)(CO)CO,TOX1331,0,0,0,,0,0,0,1,0,,,0,310.22,-2.3936,8,8,161.84
OC[P+](CO)(CO)CO,TOX1330,0,0,0,0,0,0,0,1,0,0,,0,155.11,-1.1968,4,4,80.92
c1ccc2[nH]c(-c3cscn3)nc2c1,TOX1337,0,0,1,,1,0,0,0,1,0,0,0,201.254,2.6864,1,3,41.57
Cn1c(=O)c2[nH]cnc2n(C)c1=O,TOX1336,0,0,0,0,1,0,0,0,0,0,0,0,180.167,-1.0397,1,5,72.68
CN(C)CCN(Cc1ccsc1)c1ccccn1,TOX1335,,,,,,,,0,,0,,,261.394,2.7113,0,4,19.37
O=[N+]([O-])C([N+](=O)[O-])([N+](=O)[O-])[N+](=O)[O-],TOX1334,0,0,0,0,0,0,0,1,0,0,0,0,196.031,-1.2955,0,8,172.56
S=P(N1CC1)(N1CC1)N1CC1,TOX1339,0,0,0,0,0,0,0,,0,0,0,1,189.224,0.1577,0,1,9.03
CS(=O)(=O)c1ccc([C@@H](O)[C@@H](CO)NC(=O)C(Cl)Cl)cc1,TOX1338,0,0,0,0,0,0,0,0,0,0,0,0,356.227,0.4043,3,5,103.7
Cc1ccc(S(N)(=O)=O)cc1,TOX9105,0,0,0,0,0,0,0,0,0,0,0,0,171.221,0.64242,1,2,60.16
CO/N=C1/C[C@]2(C[C@@H]3C[C@@H](CC=C(C)C[C@@H](C)C=CC=C4CO[C@@H]5[C@H](O)C(C)=C[C@@H](C(=O)O3)[C@]45O)O2)O[C@H](/C(C)=C/C(C)C)[C@H]1C,TOX17577,1,1,0,0,,,,,0,,1,,639.83,5.7289,2,9,116.04
CON(C)C(=O)Nc1ccc(Cl)cc1,TOX17576,0,0,1,,0,0,0,0,0,0,0,0,214.652,2.3651,1,2,41.57
O=C(O)c1cc(C(=O)O)cc(C(=O)O)c1,TOX1488,0,0,0,0,0,0,0,0,0,0,0,0,210.141,0.7812,3,3,111.9
COP(=O)(OC)Oc1ccc([N+](=O)[O-])cc1,TOX17571,0,0,0,1,0,0,0,,0,,0,0,247.143,2.3745,0,6,87.9
CNC(=O)N(C)c1nc2ccccc2s1,TOX17570,0,0,1,,1,0,0,,1,0,0,0,221.285,2.0719,1,3,45.23
O=C(O)c1cccc(C(=O)O)c1,TOX1485,0,0,0,0,0,0,0,0,0,0,0,0,166.132,1.083,2,2,74.6
O=C(O)c1ccccc1C(=O)O,TOX1484,0,0,0,0,0,0,0,0,0,0,0,0,166.132,1.083,2,2,74.6
O=C(O)c1ccc(C(=O)O)c(C(=O)O)c1,TOX1487,0,0,0,0,0,0,0,0,0,0,0,0,210.141,0.7812,3,3,111.9
O=C(O)c1cccc(C(=O)O)c1C(=O)O,TOX1486,0,0,0,0,0,0,0,0,0,0,0,0,210.141,0.7812,3,3,111.9
CC(C)OC(=O)c1cc(C(=O)OC(C)C)cc([N+](=O)[O-])c1,TOX17579,0,0,,,0,0,0,0,0,0,,0,295.291,2.7252,0,6,95.74
CC1CCCO1,TOX10258,0,0,0,0,0,0,0,0,0,0,,0,86.134,1.1853,0,1,9.23
O=C(O)c1ccc(S(=O)(=O)O)cc1C(=O)O,TOX6535,0,0,0,0,0,0,0,0,0,0,0,0,246.196,0.3297,3,4,128.97
Nn1cnnc1,TOX13058,0,0,0,0,0,0,0,0,0,0,0,0,84.082,-1.0081,1,4,56.73
O=C1O[C@H]([C@H](O)CO)C(O)=C1O,TOX6537,0,0,0,0,,0,0,0,0,0,0,0,176.124,-1.4074,4,6,107.22
C[N+]1(C)[C@H]2CC(OC(=O)C(O)(c3cccs3)c3cccs3)C[C@@H]1[C@H]1O[C@@H]21,TOX24214,0,0,0,0,,0,0,,0,,0,,392.522,2.3457,1,6,59.06
COc1ccnc(CS(=O)c2nc3cc(OC(F)F)ccc3[n-]2)c1OC,TOX24215,0,0,1,0,0,0,0,1,0,0,0,0,382.368,2.5134,0,6,84.64
CCCCc1ncc(/C=C(\Cc2cccs2)C(=O)O)n1Cc1ccc(C(=O)O)cc1,TOX24217,0,0,0,0,0,0,0,0,0,0,,0,424.522,4.7444,2,5,92.42
CC(C)[C@H](N)C(=O)OCCOCn1cnc2c(=O)[nH]c(N)nc21,TOX24210,0,0,0,0,0,0,0,0,0,0,0,0,324.341,-0.7976,3,9,151.14
CNC(=O)Oc1cc(C)cc(C(C)C)c1,TOX17617,0,0,0,0,0,0,0,0,0,0,,0,207.273,2.83662,1,2,38.33
Cc1ccsc1C(=CCCN1CCC[C@@H](C(=O)O)C1)c1sccc1C,TOX24218,0,0,0,0,1,0,0,0,0,0,,0,375.559,5.04484,1,4,40.54
COc1cc(C)nc(-n2nc(C)cc2OC)n1,TOX25422,0,0,,0,0,0,0,0,0,1,0,0,234.259,1.29634,0,6,62.06
CCN(CC)CC#CCOC(=O)C(O)(c1ccccc1)C1CCCCC1,TOX25356,0,0,0,0,0,0,0,,0,,,0,357.494,3.3429,1,4,49.77
OC(CCN1CCCC1)(c1ccccc1)C1CCCCC1,TOX25357,0,0,0,0,0,0,0,0,0,0,,0,287.447,3.9404,1,2,23.47
Cc1ccc(C(=O)Oc2ccc(C(O)CNC(C)(C)C)cc2OC(=O)c2ccc(C)cc2)cc1,TOX2683,,,,,,,,,,0,,,461.558,5.16334,2,6,84.86
CC(=O)Oc1ccc(C(c2ccc(OC(C)=O)cc2)c2ccccn2)cc1,TOX2681,0,0,0,,,,0,0,0,0,1,1,361.397,4.1124,0,5,65.49
Cc1cc2c(OCC(CNC(C)(C)C)OC(=O)c3ccccc3)cccc2[nH]1,TOX2684,0,0,0,0,0,0,0,0,0,0,,0,380.488,4.46882,2,4,63.35
CC[N+](C)(C)Cc1ccccc1Br,TOX2685,0,0,0,0,0,0,0,,0,,0,0,243.168,3.0454,0,0,0
CN(C)CCOC(c1ccccc1)c1ccc(Br)cc1,TOX2688,,,,,,,,,,0,,,334.257,4.1167,0,2,12.47
CSC(=O)c1cccc2nnsc12,TOX12519,0,0,0,0,0,0,0,0,0,0,0,0,210.283,2.1945,0,5,42.85
CCCCC1CCC(O)CC1,TOX28179,0,0,0,0,0,0,0,0,0,0,0,0,156.269,2.7277,1,1,20.23
CCC(=O)c1ccc(Cl)cc1,TOX28178,0,0,0,0,0,0,0,0,0,0,0,0,168.623,2.9327,0,1,17.07
Cc1cc(C)c(C(=O)O)c(C)c1,TOX28175,0,0,0,0,0,0,0,0,0,0,0,0,164.204,2.31006,1,1,37.3
CCCCOc1ccc(N)cc1,TOX28174,0,0,,0,,0,0,0,0,0,0,0,165.236,2.4477,1,2,35.25
CC(C)C(=O)c1ccccc1,TOX28177,0,0,,0,0,0,0,0,0,0,0,0,148.205,2.5253,0,1,17.07
O=C(c1ccccc1)C1CCC1,TOX28176,0,0,0,0,0,0,0,0,0,1,0,0,160.216,2.6694,0,1,17.07
CC(C)(C)c1ccc(S)cc1,TOX28171,0,0,0,,,0,0,0,0,0,0,0,166.289,3.2728,1,1,0
CCCCCCOc1ccc(O)cc1,TOX28170,0,0,,,1,0,,1,1,0,1,1,194.274,3.3513,1,2,29.46
CCCC1CCC(=O)CC1,TOX28173,0,0,0,0,0,0,0,0,0,0,0,0,140.226,2.5458,0,1,17.07
CCCC(CC)CCCCCCCN,TOX9815,0,0,0,0,0,0,0,0,0,0,,0,199.382,4.112,1,1,26.02
CC(=O)OC[C@H]1O[C@@H](O)[C@H](OC(=O)c2ccccc2C(=O)O)[C@@H](O)[C@@H]1O[C@@H]1O[C@H](COC(C)=O)[C@@H](O)[C@H](OC(=O)c2ccccc2C(=O)O)[C@H]1O,TOX28594,0,0,0,0,0,0,0,,0,,0,0,722.605,-1.1298,6,17,288.41
C=C(C)C(=O)OCC,TOX5308,0,0,0,0,0,0,0,0,0,0,0,0,114.144,1.1256,0,2,26.3
CCOS(C)(=O)=O,TOX5309,0,0,0,0,0,0,0,0,0,0,0,0,124.161,-0.0175,0,3,43.37
CC=C1CC2C=CC1C2,TOX5306,0,0,0,0,0,0,0,0,0,0,0,0,120.195,2.5287,0,0,0
COP(=O)(O)OP(=O)(O)OC,TOX24632,0,0,0,,0,0,0,,0,0,0,0,206.027,0.4966,2,5,102.29
CCCCC(CC)COCCCN,TOX5304,0,0,0,0,,0,0,0,0,,,0,187.327,2.5682,1,2,35.25
CCCCC(CC)COC(=O)C=Cc1ccc(OC)cc1,TOX5302,0,0,0,0,0,0,0,0,0,0,0,0,290.403,4.468,0,3,35.53
CCCCC(CC)COCCC#N,TOX5303,0,0,0,0,0,0,0,0,0,0,0,0,183.295,3.13308,0,2,33.02
CCCCC(CC)COP(=O)(Oc1ccccc1)Oc1ccccc1,TOX5300,0,0,0,0,0,0,0,0,0,,,0,362.406,6.4855,0,4,44.76
Oc1ccc(CCNCCCCCCNCCc2ccccc2)cc1O,TOX28592,0,0,0,0,0,0,,,0,0,0,0,356.51,3.6226,4,4,64.52
O=NN(CCCl)C(=O)NC1CCCCC1,TOX3222,,,,,,,,0,,0,,,233.699,2.2509,1,3,61.77
CC(Oc1c(Cl)cccc1Cl)C1=NCCN1,TOX3221,,,,,,,,,,0,,,259.136,2.7624,1,3,33.62
C#C[C@]1(OC(=O)CCCCCC)CC[C@H]2[C@@H]3CCC4=CC(=O)CC[C@@H]4[C@H]3CC[C@@]21C,TOX28590,1,1,0,,1,1,0,,0,,1,,410.598,6.0138,0,3,43.37
CCCCc1nc(Cl)c(CO)n1Cc1ccc(-c2ccccc2-c2nnn[nH]2)cc1,TOX3227,0,0,0,0,0,0,1,0,0,0,,0,422.92,4.2668,2,6,92.51
O=C1Nc2ccc(Cl)cc2C(c2ccccc2Cl)=NC1O,TOX3225,0,0,0,0,0,0,0,,0,,0,0,321.163,3.1013,2,3,61.69
CCOC(=O)N1CCC(=C2c3ccc(Cl)cc3CCc3cccnc32)CC1,TOX3224,0,0,0,0,,0,0,1,,,,1,382.891,4.8878,0,3,42.43
COc1cc(OC)nc(Sc2cccc(Cl)c2C(=O)[O-])n1,TOX12673,0,0,0,0,0,0,0,0,0,0,0,0,325.753,1.6619,0,7,84.37
CCCSP(=S)(OCC)Oc1ccc(SC)cc1,TOX12675,0,0,1,0,0,0,0,0,0,,,0,322.457,5.1915,0,5,18.46
Cc1cnc(C2=NC(=O)C(C)(C(C)C)N2)c(C(=O)O)c1,TOX14270,0,0,0,0,,0,0,0,0,0,,0,275.308,1.37932,2,4,91.65
Cc1cc(Cl)ccc1OCC(=O)[O-],TOX14700,0,0,0,0,0,0,0,0,0,0,0,0,199.613,0.77712,0,3,49.36
O=C(CS)Nc1ccccc1,TOX28598,0,,1,0,1,0,0,0,0,,,1,167.233,1.5549,2,2,29.1
COc1ccc(CCN(C)CCCC(C#N)(c2ccc(OC)c(OC)c2)C(C)C)cc1OC,TOX14095,0,0,0,0,,0,,0,0,0,,0,454.611,5.09308,0,6,63.95
C[Si](C)(C)O[Si](C)(C)C,TOX6769,0,0,0,0,0,0,0,0,0,0,0,0,162.381,2.6728,0,1,9.23
C=C(C)CC(C)(C)C,TOX6765,0,0,0,0,0,0,0,0,0,0,0,0,112.216,2.9987,0,0,0
CC(C)=CC(C)(C)C,TOX6766,0,0,0,0,0,0,0,0,0,0,0,0,112.216,2.9987,0,0,0
CC(=O)OCC1=C(C(=O)O)N2C(=O)[C@@H](NC(=O)Cc3ccccc3)[C@H]2SC1,TOX26106,0,0,,0,0,0,0,,0,,0,0,390.417,0.5308,2,6,113.01
COc1cc(C(=S)N2CCOCC2)ccc1O,TOX26107,0,0,0,0,0,0,0,0,0,0,0,0,253.323,1.4085,1,4,41.93
Cn1c(=N)[nH]c2[nH]cnc2c1=O,TOX29336,0,0,,0,0,0,0,0,0,0,0,0,165.156,-0.93083,3,4,90.32
O=C(O)c1ccc(NC2OC[C@@H](O)[C@H](O)[C@H]2O)cc1,TOX26102,0,0,0,,0,0,0,,0,,0,0,269.253,-0.7643,5,6,119.25
O=C(O)COc1ccc(CCNS(=O)(=O)c2ccccc2)s1,TOX26103,0,0,0,0,0,0,0,,0,,0,0,341.41,1.7325,2,5,92.7
COc1cc2[nH]c(=O)[nH]c(=O)c2cc1OC,TOX26100,0,0,0,0,,0,0,0,0,0,0,0,222.2,0.2336,2,4,84.18
C[C@H]1[C@@H](c2ccccc2)N=C(O)N1C,TOX29333,0,0,0,0,0,0,0,0,0,0,,0,190.246,1.9756,1,2,35.83
CCOC(=O)CC(=O)c1cc(F)c(Cl)nc1Cl,TOX29338,0,0,0,0,0,0,0,0,0,0,0,0,280.082,2.6634,0,4,56.26
CCC(C=O)CC,TOX29339,0,0,0,0,0,0,0,0,0,0,0,0,100.161,1.6215,0,1,17.07
CC(=O)NC(=O)c1ccccc1O,TOX26108,0,0,0,0,0,0,0,0,0,0,0,0,179.175,0.6685,2,3,66.4
CCCCN1CCCC1C(=O)Nc1c(C)cc(C)cc1C,TOX26109,0,0,,0,0,0,0,0,0,0,,0,288.435,3.81486,1,2,32.34
BrCC(Br)C1CCC(Br)C(Br)C1,TOX4947,1,0,0,0,0,0,0,,0,0,1,0,427.8,4.4719,0,0,0
CNc1cnn(-c2cccc(C(F)(F)F)c2)c(=O)c1Cl,TOX4234,0,0,1,,1,0,0,0,1,0,0,0,303.671,2.9464,1,4,46.92
Brc1cc(Oc2cc(Br)c(Br)c(Br)c2Br)c(Br)c(Br)c1Br,TOX4236,0,0,0,0,0,0,0,0,0,0,0,0,801.379,9.5789,0,1,9.23
OCC(Br)=C(Br)CO,TOX4942,0,0,,0,,0,0,0,0,0,,0,245.898,0.9724,2,2,40.46
BrC/C=C/CBr,TOX4941,0,0,0,0,0,0,0,,0,0,0,0,213.9,2.3324,0,0,0
N#CC(Br)Br,TOX4940,0,0,0,0,0,0,0,1,1,0,0,0,198.845,1.62588,0,1,23.79
CC(C)Oc1cc(-n2nc(C(C)(C)C)oc2=O)c(Cl)cc1Cl,TOX4239,0,0,,,,0,,1,0,,1,0,345.226,4.217,0,5,57.26
CCCN(CCC)c1c([N+](=O)[O-])cc(S(N)(=O)=O)cc1[N+](=O)[O-],TOX4238,0,1,0,,,0,,,0,0,1,,346.365,1.7768,1,7,149.68
O=C1C(I)=CC(=C(c2cc(I)c(O)c(I)c2)c2ccccc2C(=O)O)C=C1I,TOX28266,0,0,0,0,0,0,,,0,,1,,821.912,6.322,2,3,74.6
CCCCCCCCCCCCCCCCCC[N+](C)(C)CCC[Si](OC)(OC)OC,TOX15542,0,0,0,0,1,1,0,,0,,0,0,460.84,7.5925,0,3,27.69
C=C(C#N)CCC#N,TOX7418,0,0,0,0,0,0,0,1,0,0,0,0,106.128,1.36996,0,2,47.58
BrCc1cccc(Oc2ccccc2)c1,TOX8022,0,0,0,0,1,,0,,0,0,,0,263.134,4.3738,0,1,9.23
CC1(C)Cc2cccc(O)c2O1,TOX7414,0,0,0,0,0,0,0,0,0,0,0,0,164.204,2.1057,1,2,29.46
SC1CCCCC1,TOX7416,0,0,0,0,0,0,0,0,0,0,,0,116.229,2.2489,1,1,0
CCCCOCCOCCOCCOCCO,TOX7412,0,0,0,0,,0,0,0,0,0,0,0,250.335,0.8452,1,5,57.15
O=S(=O)([O-])CCO,TOX7413,0,0,0,0,0,0,0,0,0,0,0,0,125.125,-1.4761,1,4,77.43
Cc1ccc(OC(=O)c2ccccc2O)cc1,TOX27508,0,0,0,,0,0,0,0,0,0,0,0,228.247,2.91982,1,3,46.53
C=CCOCC(O)CS(=O)(=O)[O-],TOX8028,0,0,0,0,0,0,0,0,0,0,,0,195.216,-0.9049,1,5,86.66
N[C@@H](Cc1cc(I)c(Oc2ccc(O)c(I)c2)c(I)c1)C(=O)[O-],TOX27505,0,0,1,0,1,,,,0,0,,0,649.968,2.618,2,5,95.61
COC(=O)CCCCC(CCSS/C(CCO)=C(\C)N(C=O)Cc1cnc(C)nc1N)SC(C)=O,TOX31429,,,,,,,,0,,0,,,544.765,4.09272,2,11,135.71
Cc1cc(=O)oc2cc(O[C@@H]3SC[C@@H](O)[C@H](O)[C@H]3O)ccc12,TOX31428,,,,,,,,0,,0,,,324.354,0.63582,3,7,100.13
COc1ccc(C)cc1N,TOX350,0,0,1,0,0,0,0,0,0,0,0,0,137.182,1.58582,1,2,35.25
CC(C)NC(=O)c1ccc(C=O)cc1,TOX31425,,,,,,,,0,,0,,,191.23,1.6373,1,2,46.17
CCCCOCCOC(=O)c1cccnc1,TOX31424,,,,,,,,0,,0,,,223.272,2.0551,0,4,48.42
Cc1ccc([N+](=O)[O-])c2c1O[Hg]2,TOX31427,,,,,,,,,,1,,,351.711,0.91842,0,3,52.37
COc1cc(CC#N)cc(OC)c1OC,TOX31426,,,,,,,,0,,0,,,207.229,1.77848,0,4,51.48
CC(=O)OC[C@H]1O[C@@H](OC(C)=O)[C@H](OC(C)=O)[C@@H]1OC(C)=O,TOX31421,,,,,,,,0,,0,,,318.278,-0.2991,0,9,114.43
CCC(=O)O[C@]1(C(=O)COC)[C@@H](C)C[C@H]2[C@@H]3CCC4=CC(=O)C=C[C@]4(C)C3(F)[C@@H](O)C[C@@]21C,TOX31420,,,,,,,,0,,0,,,462.558,3.5107,1,6,89.9
C#CC(C)(CC)OC(=O)c1ccccc1C(=O)O,TOX31423,,,,,,,,0,,0,,,246.262,2.3435,1,3,63.6
CCCCCOc1ccccc1/C(=C\SC)n1ccnc1,TOX31422,,,,,,,,1,,1,,,302.443,4.6618,0,4,27.05
CC[Hg]Sc1ccccc1C(=O)[O-],TOX5540,0,1,,,,1,1,1,1,1,,1,381.826,1.5779,0,3,40.13
C=C(C)C(=O)O,TOX5542,0,0,0,0,0,0,0,0,0,0,0,0,86.09,0.6471,1,1,37.3
CC(C/N=C/c1ccccc1O)/N=C/c1ccccc1O,TOX21200,0,0,1,0,0,0,0,,0,0,0,0,282.343,3.0243,2,4,65.18
CN1CCC(CN2c3ccccc3Sc3ccccc32)C1,TOX5548,0,0,0,0,0,0,,,0,,,0,296.439,4.241,0,3,6.48
CC1(C)[C@H](C=C(Cl)Cl)[C@@H]1C(=O)O[C@@H](C#N)c1cccc(Oc2ccccc2)c1,TOX21201,0,0,0,0,,0,,0,0,,,0,416.304,6.17798,0,4,59.32
O=C(O)c1cc(Br)c(O)c(Br)c1,TOX21656,0,0,0,,0,0,0,0,0,0,0,0,295.914,2.6154,2,2,57.53
CCCCC(CC)COC(=O)c1ccccc1,TOX21654,0,0,,0,0,0,0,0,0,0,,0,234.339,4.0598,0,2,26.3
COC(=O)c1c(C)cc(O)c(C)c1O,TOX21653,0,,0,0,1,,0,0,0,0,1,0,196.202,1.50124,2,4,66.76
CCCCCC1CCCC(=O)O1,TOX24496,0,0,0,0,0,0,0,0,0,0,0,0,170.252,2.6624,0,2,26.3
N#Cc1ccc(C(=O)O)cc1,TOX21659,0,0,0,0,0,0,0,0,0,0,0,0,147.133,1.25648,1,2,61.09
NCCc1cc[nH]n1,TOX27769,0,0,0,0,0,0,0,0,0,0,0,0,111.148,-0.0891,2,2,54.7
O=C(O)c1cn(C2CC2)c2cc(N3CCNCC3)c(F)cc2c1=O,TOX27768,0,0,0,0,0,0,0,,0,0,0,0,331.347,1.5833,2,5,74.57
CN1CCC[C@@H]1CCO[C@](C)(c1ccccc1)c1ccc(Cl)cc1,TOX27765,0,0,0,0,0,0,0,,0,0,,0,343.898,5.1044,0,2,12.47
Cc1c(-c2ccccc2)oc2c(C(=O)OCCN3CCCCC3)cccc2c1=O,TOX27764,0,0,0,0,0,0,0,0,0,0,0,0,391.467,4.41112,0,5,59.75
COc1cc(N)c(Cl)cc1C(=O)NC1CCN(Cc2ccccc2)CC1,TOX27767,0,0,0,0,0,0,0,0,0,0,0,0,373.884,3.3252,2,4,67.59
CCOC(=O)Nc1ccc2c(c1)N(C(=O)CCN1CCOCC1)c1ccccc1S2,TOX27766,1,0,,0,0,0,0,1,0,0,,0,427.526,4.1066,1,6,71.11
N[C@@H]1C[C@H]1c1ccccc1,TOX27761,0,0,0,0,0,0,0,0,0,0,,0,133.194,1.5012,1,1,26.02
CNC(C)(C)Cc1ccccc1.CNC(C)(C)Cc1ccccc1,TOX27760,0,0,0,0,0,0,0,0,0,0,0,0,326.528,4.4542,2,2,24.06
CC(=O)c1ccc2c(c1)N(CCCN(C)C)c1ccccc1S2,TOX27763,0,0,0,0,0,0,0,0,0,0,,0,326.465,4.4436,0,4,23.55
c1ccc(CN(CC2=NCCN2)c2ccccc2)cc1,TOX27762,0,0,0,0,0,0,0,0,0,0,0,,265.36,2.6949,1,3,27.63
NS(=O)(=O)C(F)(F)C(F)(F)C(F)(F)C(F)(F)C(F)(F)C(F)(F)C(F)(F)C(F)(F)F,TOX18939,0,,0,,0,1,0,,0,1,1,1,499.142,4.2418,1,2,60.16
CCC(C)c1cc(C(C)(C)C)c(O)c(C(C)(C)C)c1,TOX9315,0,0,0,0,0,0,1,0,0,0,1,0,262.437,5.5007,1,1,20.23
C=CC(C)CCCC(C)(C)O,TOX9317,0,0,0,0,0,0,0,0,0,0,0,0,156.269,2.7497,1,1,20.23
Cc1cccc(C#N)c1,TOX6167,0,0,0,0,1,0,0,0,0,0,,0,117.151,1.8667,0,1,23.79
CC(C)(C)CC(C)(C)c1ccc(Nc2ccc(C(C)(C)CC(C)(C)C)cc2)cc1,TOX9310,0,0,0,0,0,0,0,0,0,0,0,0,393.659,8.8578,1,1,12.03
Cc1ccccc1N,TOX1364,0,0,0,0,1,0,0,0,0,0,0,0,107.156,1.57722,1,1,26.02
NCc1cccc(CN)c1,TOX9649,0,0,0,0,0,0,0,0,0,0,0,0,136.198,0.604,2,2,52.04
COC(=O)CCC(=O)OC,TOX5152,0,0,0,0,0,0,0,0,0,0,0,0,146.142,0.1126,0,4,52.6
COP(=O)(O)OC,TOX5150,0,0,0,0,0,0,0,0,0,0,0,0,126.048,0.3796,1,3,55.76
CNC(=O)NC,TOX5156,0,0,0,0,0,0,0,0,0,0,0,0,88.11,-0.4548,2,1,41.13
Cl[Dy](Cl)Cl,TOX21909,0,0,0,0,0,0,,0,0,0,,0,268.859,2.0685,0,0,0
CC1CCc2cc(F)cc3c(=O)c(C(=O)O)cn1c23,TOX25623,0,0,0,0,0,0,0,0,0,0,,0,261.252,2.346,1,3,59.3
O=C(O)CCNC(=O)c1ccccc1,TOX25626,0,0,0,,,0,0,0,0,0,0,0,193.202,0.8911,2,2,66.4
OCC(O)CN1CCN(c2ccccc2)CC1,TOX25624,0,0,0,0,0,0,0,0,0,0,0,0,236.315,0.1618,2,4,46.94
CCCOc1ccc2[nH]c(NC(=O)OC)nc2c1,TOX25625,0,,,0,0,,0,1,1,0,0,1,249.27,2.53,2,4,76.24
Cc1cc(C)c(C=C2C(=O)Nc3ccccc32)[nH]1,TOX21132,0,,1,0,0,,0,1,0,0,1,,238.29,3.12424,2,1,44.89
CCC[C@@H]1C[C@@H](C(=O)N[C@H]([C@H](C)Cl)[C@H]2O[C@H](SC)[C@H](O)[C@@H](O)[C@H]2O)N(C)C1,TOX25428,0,0,0,0,0,0,0,,0,,0,0,424.991,0.3895,4,7,102.26
O=c1cc(CO)occ1O,TOX20236,0,0,0,0,0,0,0,0,0,0,0,0,142.11,-0.1623,2,4,70.67
Nc1nc(N)nc(-c2cc(Cl)ccc2Cl)n1,TOX20234,0,0,0,0,0,0,0,0,0,0,0,0,256.096,2.0098,2,5,90.71
NC(=S)Nc1cccc2ccccc12,TOX919,0,0,0,0,0,0,0,0,0,0,0,0,202.282,2.4953,2,1,38.05
c1ccc2cc(Nc3ccc(Nc4ccc5ccccc5c4)cc3)ccc2c1,TOX918,0,,1,0,0,,,0,0,0,0,0,360.46,7.4802,2,2,24.06
c1ccc2ccccc2c1,TOX913,0,0,0,0,0,0,0,0,0,0,0,0,128.174,2.8398,0,0,0
CCn1cc(C(=O)O)c(=O)c2ccc(C)nc21,TOX912,0,0,0,0,0,0,0,0,0,0,0,0,232.239,1.42302,1,4,72.19
CC(C)(Oc1ccc(C2CCCc3ccccc32)cc1)C(=O)O,TOX911,0,0,0,0,1,0,1,,0,,0,0,310.393,4.3968,1,2,46.53
CS(=O)(=O)OCCCCOS(C)(=O)=O,TOX910,0,0,0,0,1,0,0,0,0,0,0,0,246.306,-0.281,0,6,86.74
NCCNc1cccc2ccccc12,TOX917,0,0,1,1,0,0,0,0,0,0,,1,186.258,2.2104,2,2,38.05
Nc1cccc2c(N)cccc12,TOX916,0,0,1,0,,0,0,1,0,0,1,0,158.204,2.0042,2,2,52.04
O=C(O)Cc1cccc2ccccc12,TOX915,0,0,0,0,0,0,1,0,0,0,0,0,186.21,2.4669,1,1,37.3
NC(=O)Cc1cccc2ccccc12,TOX914,0,0,0,0,0,0,0,,0,0,0,0,185.226,1.8676,1,1,43.09
CCOC(=O)C1=C[C@@H](OC(CC)CC)[C@H](NC(C)=O)[C@@H](N)C1,TOX25954,0,0,0,0,0,0,0,,0,,0,0,312.41,1.2854,2,5,90.65
CCCSSCCC,TOX2096,0,0,0,0,0,0,0,0,0,0,0,0,150.312,3.1878,0,2,0
C=Cc1c(C)c2cc3nc(c(CC(=O)[O-])c4[n-]c(cc5nc(cc1[n-]2)c(C)c5CC)c(C)c4C(=O)[O-])C(CCC(=O)[O-])C3C.[Cu+2],TOX25956,0,0,1,0,0,0,0,,0,,0,0,655.19,2.24434,0,8,174.37
CCC1(c2cccc(O)c2)CCCCN(C)C1,TOX25485,0,0,0,0,0,0,0,0,0,0,,0,233.355,3.1557,1,2,23.47
CC(C)C[C@H](CN)CC(=O)O,TOX25950,0,0,0,0,1,0,0,,0,,0,0,159.229,1.0821,2,2,63.32
CCC(=O)NCCC1CCc2ccc3c(c21)CCO3,TOX25951,0,0,0,0,1,0,0,,0,,,0,259.349,2.5676,1,2,38.33
NC[C@H]1O[C@H](O[C@@H]2[C@@H](N)C[C@@H](N)C(O)[C@H]2O[C@@H]2O[C@H](CO)[C@@H](O)[C@H]2O)[C@H](N)[C@@H](O)[C@@H]1O,TOX25480,0,0,0,0,0,0,0,0,0,0,0,0,454.477,-6.6523,10,14,262.38
CCc1c2c(nc3ccc(OC(=O)N4CCC(N5CCCCC5)CC4)cc13)-c1cc3c(c(=O)n1C2)COC(=O)[C@]3(O)CC,TOX25953,0,0,0,,,0,,,0,0,1,1,586.689,4.0911,1,9,114.2
CCN(CC)CCOc1ccc2c(c1)C(=O)c1cc(OCCN(CC)CC)ccc1-2,TOX25958,,,,,,,,,,0,,,410.558,4.3392,0,5,42.01
O=C(CCCCCCCCCCCCC1CCCC1)Nc1ccc(S(=O)(=O)c2ccc(NC(=O)CCCCCCCCCCCCC3CCCC3)cc2)cc1,TOX25959,0,0,0,0,0,0,0,,0,,0,0,777.213,14.1392,2,4,92.34
Nc1cc(C(Cl)=C(Cl)Cl)c(S(N)(=O)=O)cc1S(N)(=O)=O,TOX25488,0,0,0,0,0,0,0,0,0,0,0,0,380.662,0.9061,3,5,146.34
CC(=O)Oc1ccc(C2(c3ccc(OC(C)=O)cc3)C(=O)Nc3ccccc32)cc1,TOX3411,0,0,0,,,0,0,0,0,0,1,1,401.418,3.8237,1,5,81.7
CC(=O)O[C@H]1C(=O)[C@]2(C)[C@@H](O)C[C@H]3OC[C@@]3(OC(C)=O)[C@H]2[C@H](OC(=O)c2ccccc2)[C@]2(O)C[C@H](OC(=O)[C@H](O)[C@@H](NC(=O)c3ccccc3)c3ccccc3)C(C)=C1C2(C)C,TOX3413,0,,0,0,,0,0,,0,,,,853.918,3.7357,4,14,221.29
NCCC(O)(P(=O)(O)O)P(=O)(O)O,TOX3414,,,,,,,,0,,0,,,235.069,-1.6633,6,4,161.31
CC(=O)O[C@H]1C[C@@H]2CC[C@@H]3[C@H](CC[C@@]4(C)[C@H]3C[C@H]([N+]3(C)CCCCC3)[C@@H]4OC(C)=O)[C@@]2(C)C[C@@H]1[N+]1(C)CCCCC1,TOX3415,0,0,0,0,0,0,0,,0,,0,0,572.875,6.1105,0,4,52.6
COc1ccnc(CS(=O)c2nc3cc(OC(F)F)ccc3[nH]2)c1OC,TOX3416,0,0,1,,,0,0,1,0,0,0,0,383.376,2.8843,1,6,86.33
CC1(C)NC(=O)NC1=O,TOX1754,0,0,0,0,0,0,0,0,0,0,0,0,128.131,-0.3956,2,2,58.2
CC1OC(C)OC(C)O1,TOX3419,0,0,0,0,0,0,0,0,0,0,0,0,132.159,1.0878,0,3,27.69
CCN(CC)CCCC(C)Nc1ccnc2cc(Cl)ccc12,TOX24681,0,0,0,0,0,0,0,0,0,0,0,0,319.88,4.8106,1,3,28.16
NCCCN(CCO)CCO,TOX24680,0,0,0,0,0,0,0,0,0,0,0,0,162.233,-1.3782,3,4,69.72
Nc1ccccn1,TOX4505,0,0,0,0,0,0,0,0,0,0,,0,94.117,0.6638,1,2,38.91
CCOc1ccc(OCC)c(Cl)c1,TOX24685,0,0,0,0,0,0,0,0,0,0,,0,200.665,3.1374,0,2,18.46
O=C([O-])C1=NN(c2ccc(S(=O)(=O)O)cc2)C(=O)C1,TOX24684,0,0,0,0,0,0,0,0,0,0,0,0,283.241,-1.2241,1,6,127.17
N#CC(Cl)(Cl)Cl,TOX1672,0,0,0,0,0,0,0,0,0,0,,0,144.388,1.88018,0,1,23.79
NC(=O)C(Cl)(Cl)Cl,TOX1671,0,0,0,0,1,0,0,1,0,0,0,0,162.403,0.8419,1,1,43.09
Nc1nc(-c2ccccc2)cs1,TOX4503,0,0,1,,1,0,0,1,,0,1,0,176.244,2.3923,1,3,38.91
CC(=O)C(Cl)(Cl)Cl,TOX1679,0,0,0,,,,,,0,0,1,0,161.415,1.9456,0,1,17.07
C(=C(c1ccccc1)c1ccccc1)c1ccccc1,TOX2320,0,0,,0,1,1,0,0,0,0,1,0,256.348,5.2755,0,0,0
CCOCCOC(C)=O,TOX1928,0,0,0,0,0,0,0,0,0,0,0,0,132.159,0.586,0,3,35.53
CCCCCCBr,TOX1929,0,0,0,0,0,0,0,0,0,0,0,0,165.074,2.9616,0,0,0
Oc1ccc(C(c2ccc(O)cc2)C(Cl)(Cl)Cl)cc1,TOX2325,0,0,,,1,,,1,0,1,1,,317.599,4.5999,2,2,40.46
C[C@@H]1O[C@@H](OC[C@H]2O[C@@H](Oc3c(-c4ccc(O)c(O)c4)oc4cc(O)cc(O)c4c3=O)[C@H](O)[C@@H](O)[C@@H]2O)[C@H](O)[C@H](O)[C@H]1O,TOX2326,0,0,0,0,1,0,0,0,0,0,0,0,610.521,-1.6871,10,16,269.43
CCNCCO,TOX1922,0,0,0,0,1,0,0,0,0,0,0,0,89.138,-0.4118,2,2,32.26
C1CCCCC1,TOX1923,0,0,0,0,0,0,0,0,0,0,0,0,84.162,2.3406,0,0,0
Nc1cc(S(=O)(=O)O)ccc1O,TOX4500,0,0,0,0,0,0,0,0,0,0,0,0,189.192,0.2211,3,4,100.62
c1ccncc1,TOX7262,0,0,0,0,0,0,0,0,0,0,0,0,79.102,1.0816,0,1,12.89
C1OCOCO1,TOX1925,0,0,0,,,0,0,0,0,0,0,0,90.078,-0.0777,0,3,27.69
O=S(=O)([O-])c1ccc(Nc2nc(Nc3ccc(/C=C/c4ccc(Nc5nc(Nc6ccc(S(=O)(=O)[O-])cc6)nc(N(CCO)CCO)n5)cc4S(=O)(=O)[O-])c(S(=O)(=O)[O-])c3)nc(N(CCO)CCO)n2)cc1,TOX7781,0,,0,0,0,,,0,0,,0,1,1073.096,0.3998,8,28,441.66
FB(F)F,TOX13264,0,0,0,0,0,0,0,0,0,0,0,0,67.806,0.8798,0,0,0
Clc1ccccc1-c1ccccc1Cl,TOX24533,0,0,0,,1,1,0,0,0,0,1,,223.102,4.6604,0,0,0
CCCCOCCCC,TOX2007,0,0,0,0,0,0,0,0,0,0,0,0,130.231,2.6032,0,1,9.23
O=C1c2ccccc2C(=O)c2cc(S(=O)(=O)[O-])ccc21,TOX24535,0,0,0,0,0,0,0,,0,0,0,0,287.272,1.3661,0,5,91.34
CC(=O)Oc1ccc(C(C)=O)cc1,TOX24534,0,0,0,0,0,0,0,0,0,0,,0,178.187,1.8145,0,3,43.37
CC(C)c1ccc2c(C(C)C)cc(C(C)C)c(S(=O)(=O)[O-])c2c1,TOX24537,0,0,0,0,0,0,0,1,0,0,0,0,333.473,5.1141,0,3,57.2
CC(=O)c1cc(C(C)(C)C)cc2c1CCC2(C)C,TOX24536,0,0,0,,0,0,0,0,0,,1,,244.378,4.4105,0,1,17.07
CCN(CCC#N)c1ccc(N=Nc2c(Cl)cc([N+](=O)[O-])cc2Cl)cc1,TOX24538,0,0,,,0,0,0,1,0,0,,,392.246,6.05698,0,6,94.89
CCCCC(CC)CNCC(CC)CCCC,TOX5053,,,0,0,,0,0,0,0,0,0,0,241.463,5.0088,1,1,12.03
CCCCn1cc[n+](C)c1C,TOX27907,0,0,0,0,0,0,0,,0,0,0,0,153.249,1.42112,0,1,8.81
CCCCCCCC[N+](C)(CCCCCCCC)CCCCCCCC.O=S(=O)([O-])C(F)(F)F,TOX27880,0,,,,,,,,,,1,,517.783,8.5659,0,3,57.2
CN(C)N=O,TOX1029,0,0,0,0,0,0,0,0,0,0,0,0,74.083,0.2294,0,2,32.67
CCN(CC)N=O,TOX1028,0,0,0,0,1,0,0,0,0,0,0,0,102.137,1.0096,0,2,32.67
CCCCCCCCCCn1cc[n+](C)c1.O=S(=O)([N-]S(=O)(=O)C(F)(F)F)C(F)(F)F,TOX27889,0,0,0,1,,,0,1,0,1,,,503.531,4.5126,0,5,91.19
CCC(Cl)CCC(Cl)C(Cl)CC(Cl)C(Cl)C(Cl)CCl,TOX269,0,0,0,0,0,0,0,0,0,,,0,411.455,6.4499,0,0,0
O=C(O)C1C(C(=O)O)C2(Cl)C(Cl)=C(Cl)C1(Cl)C2(Cl)Cl,TOX268,0,0,,0,0,0,0,0,0,0,0,0,388.845,3.2335,2,2,74.6
OC(O)C(Cl)(Cl)Cl,TOX261,0,0,0,,0,0,0,0,0,0,0,0,165.403,0.6673,2,2,40.46
C[C@H](CCC(=O)O)[C@H]1CC[C@H]2[C@H]3[C@H](CC[C@@]21C)[C@@]1(C)CC[C@@H](O)C[C@H]1C[C@H]3O,TOX260,1,0,0,0,0,0,0,,0,0,,0,392.58,4.4779,3,3,77.76
O=C(O)CCCc1ccc(N(CCCl)CCCl)cc1,TOX263,0,0,0,0,0,0,0,1,1,0,0,1,304.217,3.3779,1,2,40.54
Nc1cc(Cl)cc(C(=O)O)c1Cl,TOX262,0,0,0,0,0,0,0,0,0,0,0,0,206.028,2.2738,2,2,63.32
O=C(N[C@H](CO)[C@H](O)c1ccc([N+](=O)[O-])cc1)C(Cl)Cl,TOX265,0,0,0,0,0,0,0,0,0,0,0,0,323.132,0.909,3,5,112.7
ClC1=C(Cl)[C@@]2(Cl)[C@H]3[C@H](CC(Cl)[C@@H]3Cl)C1(Cl)C2(Cl)Cl,TOX267,0,,0,,,,,1,0,1,1,,409.782,5.6828,0,0,0
O=C1C(Cl)=C(Cl)C(=O)C(Cl)=C1Cl,TOX266,0,,1,,0,1,,,0,1,1,1,245.876,2.5166,0,2,34.14
CCCCCCCCCCCCn1cc[n+](C)c1.F[B-](F)(F)F,TOX29109,0,,,1,,,,1,,,1,,338.242,5.5335,0,1,8.81
CCCCCCn1cc[n+](C)c1.F[B-](F)(F)F,TOX29108,0,0,0,0,,0,0,1,0,0,0,0,254.08,3.1929,0,1,8.81
CCCn1cc[n+](C)c1.F[B-](F)(F)F,TOX29107,0,0,0,0,0,0,0,0,0,0,0,0,211.999,2.0226,0,1,8.81
CCCn1cc[n+](C)c1C,TOX29103,0,0,0,0,0,0,0,0,0,0,,0,139.222,1.03102,0,1,8.81
c1ccc2cc3c4ccccc4c4ccccc4c3cc2c1,TOX29101,0,0,1,1,,0,0,1,0,,,0,278.354,6.2994,0,0,0
CCCC[P+](CC)(CCCC)CCCC.CCOP(=O)([O-])OCC,TOX29100,0,0,0,0,0,0,0,0,0,0,0,0,384.478,5.952,0,4,58.59
CCC(C)(CCCC(C)C)OC(C)=O,TOX21487,0,0,0,0,0,0,0,0,0,0,0,0,200.322,3.5445,0,2,26.3
CC/C=C\CCOC(C)=O,TOX21484,0,0,0,0,0,0,0,0,0,0,0,0,142.198,1.9058,0,2,26.3
CC(C)=C1CC[C@@H](C)CC1=O,TOX5975,,,0,,,0,0,0,0,0,0,0,152.237,2.7119,0,1,17.07
CC/C=C1/OC(=O)c2ccccc21,TOX5972,0,0,0,0,,0,0,0,0,,0,0,174.199,2.6079,0,2,26.3
Cc1ccccc1C(=O)O,TOX6161,,,0,,0,0,0,0,0,0,0,0,136.15,1.69322,1,1,37.3
CN1CCN(c2cc3c(cc2F)c(=O)c(C(=O)O)cn3-c2ccc(F)cc2)CC1,TOX26599,1,0,0,0,0,0,0,0,0,0,,0,399.397,2.7189,1,5,65.78
Cc1ncc(COP(=O)(O)O)c(C=O)c1O,TOX26594,,,,,,,,0,,0,,,247.143,0.51742,3,5,116.95
N=C(N)NCCC[C@H](NC(=O)[C@@H]1CCCN1C(=O)[C@@H]1CSSC[C@H](N)C(=O)N[C@@H](Cc2ccc(O)cc2)C(=O)N[C@@H](Cc2ccccc2)C(=O)N[C@@H](CCC(N)=O)C(=O)N[C@@H](CC(N)=O)C(=O)N1)C(=O)NCC(N)=O,TOX26597,0,0,0,0,1,1,0,,0,,0,0,1084.253,-5.19483,15,16,461.43
CCN1C(=CC=Cc2sc3ccccc3[n+]2CC)Sc2ccccc21,TOX26591,0,,,,,,,1,,0,,1,365.547,5.6955,0,3,7.12
CC(C)=CCC/C(C)=C/C=C\C(C)=C\C=C\C(C)=C\C=C/C=C(C)/C=C/C=C(C)/C=C\C=C(/C)CCC=C(C)C,TOX26593,0,1,0,0,1,1,0,,0,,0,0,536.888,12.938,0,0,0
O=C1c2ccccc2C(=O)N1CO,TOX6954,0,0,0,0,0,0,0,0,0,0,0,0,177.159,0.2324,1,3,57.61
O=c1[nH]c2ccccc2c(=O)o1,TOX6955,0,0,,0,0,0,0,0,0,0,0,0,163.132,0.4813,1,3,63.07
O=C(O)c1ccc2cc(O)ccc2c1,TOX9312,0,0,,0,,0,0,0,0,0,0,0,188.182,2.2436,2,2,57.53
C[C@@H]1CC[C@H]2[C@@H](C)[C@H](OC(=O)CCC(=O)O)O[C@@H]3O[C@]4(C)CC[C@@H]1C23OO4,TOX22681,0,0,0,,0,0,,,,,,,384.425,2.6024,1,7,100.52
CCn1cc(C(=O)O)c(=O)c2cnc(N3CCCC3)nc21,TOX25424,0,0,0,0,0,0,0,0,0,0,0,0,288.307,1.1098,1,6,88.32
Cc1ccc(C#N)cc1,TOX6169,0,0,0,0,0,0,0,0,0,0,,0,117.151,1.8667,0,1,23.79
Oc1ccc(Cc2ccccc2)cc1,TOX27938,0,0,0,0,1,1,0,,0,0,1,0,184.238,2.983,1,1,20.23
COc1cc(C(=O)OCCCN2CCCN(CCCOC(=O)c3cc(OC)c(OC)c(OC)c3)CC2)cc(OC)c1OC,TOX25425,,,,,,,,1,,0,,,604.697,3.5399,0,12,114.46
CCC(O)C(C)(C)C,TOX12813,0,0,0,0,,0,0,0,0,0,0,0,116.204,1.8034,1,1,20.23
CCC(C)(C)C(=O)O,TOX12811,,,0,0,,0,0,0,0,0,0,0,116.16,1.5072,1,1,37.3
Cc1cc(O)c2c3c4c(cc(O)c13)C(C)(C)C(=O)c1c(O)cc(O)c(c1-4)C2=O,TOX26101,0,,0,0,,0,0,,0,0,1,1,376.364,3.65592,4,6,115.06
CC1CN(c2ccccc2)NC1=O,TOX24412,0,0,1,,1,0,,,0,0,0,0,176.219,1.1739,1,2,32.34
CCN1CCCC1=O,TOX24413,0,0,0,0,0,0,0,0,0,0,0,0,113.16,0.6287,0,1,20.31
O=S(=O)([O-])c1cc(O)ccc1O,TOX24410,0,0,,0,0,0,0,,0,0,0,0,189.168,0.0019,2,5,97.66
ClC(Cl)=C(Cl)Cl,TOX1319,0,0,0,0,,,0,0,0,0,0,0,165.834,3.0682,0,0,0
ClC(Cl)C(Cl)Cl,TOX1318,0,0,0,0,0,0,0,0,0,0,0,0,167.85,2.5938,0,0,0
Clc1cc2c(cc1Cl)Oc1cc(Cl)c(Cl)cc1O2,TOX1315,0,0,1,,0,0,0,1,0,0,,0,321.974,6.1982,0,2,18.46
Nc1cc(Cl)c(-c2cc(Cl)c(N)cc2Cl)cc1Cl,TOX1314,0,,1,1,,0,,1,1,1,1,1,322.022,5.1316,2,2,52.04
ClCC(Cl)(Cl)Cl,TOX1317,0,0,0,0,0,0,0,0,0,0,0,0,167.85,2.5954,0,0,0
O=S(=O)(c1ccc(Cl)cc1)c1cc(Cl)c(Cl)cc1Cl,TOX1316,0,0,0,1,,0,,,0,0,1,1,356.057,5.133,0,2,34.14
O=C=NCCCCCCN=C=O,TOX4143,0,0,0,0,0,0,0,0,0,0,0,0,168.196,1.2184,0,4,58.86
Nc1ccc(-c2ccc(N)c(N)c2)cc1N,TOX1312,0,0,1,1,0,0,0,1,0,,1,0,214.272,1.6824,4,4,104.08
OCC1CCCO1,TOX9128,0,0,0,0,0,0,0,0,0,0,0,0,102.133,0.1577,1,2,29.46
O=C(OC(=O)c1ccccc1)c1ccccc1,TOX9122,0,0,0,0,0,0,0,0,0,0,0,0,226.231,2.6838,0,3,43.37
Oc1ccc(-c2ccc(O)cc2)cc1,TOX9120,0,0,0,,1,1,,1,1,0,1,1,186.21,2.7648,2,2,40.46
CCOC(=O)C(C)O,TOX9127,0,0,0,0,0,0,0,0,0,0,0,0,118.132,-0.0697,1,3,46.53
Cc1cc(C)c(C)cc1C,TOX9124,0,0,0,0,0,0,0,0,0,0,0,0,134.222,2.92028,0,0,0
CC(C)[C@@H](Nc1ccc(C(F)(F)F)cc1Cl)C(=O)OC(C#N)c1cccc(Oc2ccccc2)c1,TOX17555,0,0,0,0,0,,,0,0,,1,,502.92,7.39568,1,5,71.35
CN(C)C(=O)Nc1ccccc1,TOX17551,0,0,0,0,0,0,0,0,0,0,0,0,164.208,1.7801,1,1,32.34
Nc1nc(N)nc(Cl)n1,TOX17806,0,0,0,0,0,0,0,0,0,0,0,0,145.553,-0.3106,2,5,90.71
O=[N+]([O-])c1ccc(Oc2ccc(C(F)(F)F)cc2[N+](=O)[O-])cc1,TOX17553,0,0,1,,,0,0,,0,,1,0,328.202,4.3141,0,5,95.51
Nc1ccc(O)cc1,TOX4499,0,0,1,,0,0,1,,1,1,1,1,109.128,0.9744,2,2,46.25
Nc1ccccc1O,TOX4498,0,0,1,,,0,,1,0,0,1,,109.128,0.9744,2,2,46.25
CC(C)(c1cc(Br)c(OCCO)c(Br)c1)c1cc(Br)c(OCCO)c(Br)c1,TOX18922,0,0,0,1,,0,,,0,1,1,1,631.981,5.8047,2,4,58.92
Nc1nc2ccc([N+](=O)[O-])cc2s1,TOX4491,0,0,1,0,0,0,0,,0,0,1,0,195.203,1.7867,1,5,82.05
Nc1cccc(O)c1,TOX4497,,,,,,0,,0,0,0,0,0,109.128,0.9744,2,2,46.25
CC(C)(C)C1=CC(=O)C=C(C(C)(C)C)C1=O,TOX1493,0,0,0,,0,0,0,,0,0,1,0,220.312,3.0832,0,2,34.14
COC(=O)c1cc(Cl)ccc1[N+](=O)[O-],TOX24948,0,0,0,0,0,0,0,0,0,0,0,0,215.592,2.0348,0,4,69.44
CCC1(CO)COCOC1,TOX24949,0,0,0,0,0,0,0,0,0,0,,0,146.186,0.3794,1,3,38.69
Clc1ccc(Nc2nnc(Cc3ccncc3)c3ccccc23)cc1,TOX28999,0,0,1,1,0,0,0,1,0,0,1,0,346.821,5.0126,1,4,50.7
COc1ccc(C[C@@H](C)NC[C@H](O)c2ccc(O)c(NC=O)c2)cc1.COc1ccc(C[C@@H](C)NC[C@H](O)c2ccc(O)c(NC=O)c2)cc1,TOX24239,0,0,0,0,0,0,0,,,,0,0,688.822,4.4466,8,10,181.64
C=CC(=O)OCC1CC2CC1C1CCC(COC(=O)C=C)C21,TOX24940,0,0,0,,,0,0,1,,1,,1,304.386,2.7432,0,4,52.6
CC[C@@H]([C@H](C)O)n1ncn(-c2ccc(N3CCN(c4ccc(OCC5CO[C@@](Cn6cncn6)(c6ccc(F)cc6F)C5)cc4)CC3)cc2)c1=O,TOX28992,0,0,0,0,,0,0,1,0,0,0,0,700.791,4.5732,1,12,115.7
O[C@@H](CNC[C@H](O)[C@H]1CCc2cc(F)ccc2O1)[C@@H]1CCc2cc(F)ccc2O1,TOX28991,0,0,0,,0,0,,,,0,,0,405.441,2.3636,3,5,70.95
CNS(=O)(=O)CCc1ccc2[nH]cc(C3CCN(C)CC3)c2c1,TOX28990,0,0,0,0,0,0,0,0,0,0,,0,335.473,2.0688,2,3,65.2
Cc1cc(CCC(=O)OCCOCCOCCOC(=O)CCc2cc(C)c(O)c(C(C)(C)C)c2)cc(C(C)(C)C)c1O,TOX24236,0,0,0,0,0,0,0,0,0,0,1,0,586.766,5.99464,2,8,111.52
OCCSCSCCO,TOX24945,0,0,0,0,0,0,0,0,0,0,0,0,168.283,0.3949,2,4,40.46
C=CC(=O)N1CCOCC1,TOX24947,0,0,0,0,0,0,0,0,0,0,0,0,141.17,0.0312,0,2,29.54
C[C@H]1C[C@H]2[C@@H]3CCC4=CC(=O)C=C[C@]4(C)[C@@]3(F)[C@@H](O)C[C@]2(C)[C@@]1(O)C(=O)CO,TOX2667,1,1,1,,0,0,0,0,0,0,0,0,392.467,1.8957,3,5,94.83
CC(C)COCC(CN(Cc1ccccc1)c1ccccc1)N1CCCC1,TOX2663,0,0,0,,0,0,0,,,0,,,366.549,4.8302,0,3,15.71
Cl[Zr](Cl)(C1=CC=CC1)C1C=CC=C1,TOX6318,0,0,0,0,0,0,0,0,0,0,0,0,292.32,4.2062,0,0,0
CC(=O)N1CCN(c2ccc(OC[C@H]3CO[C@](Cn4ccnc4)(c4ccc(Cl)cc4Cl)O3)cc2)CC1,TOX9879,0,0,1,0,,0,0,1,0,1,,0,531.44,4.2058,0,7,69.06
Clc1ccccc1C(c1ccccc1)(c1ccccc1)n1ccnc1,TOX9871,0,,1,1,,,,1,0,1,,,344.845,5.3767,0,2,17.82
[O-][n+]1ccccc1S[Zn]Sc1cccc[n+]1[O-],TOX6314,0,1,,,,1,1,,1,1,1,1,317.71,1.7503,0,4,53.88
O=S1(=O)OC(c2ccc(O)cc2)(c2ccc(O)cc2)c2ccccc21,TOX2408,0,0,0,0,1,0,0,0,0,0,0,0,354.383,3.1086,2,5,83.83
O=S(=O)(c1ccc(O)cc1)c1ccc(O)cc1,TOX2409,0,0,0,0,1,1,0,0,0,0,,0,250.275,1.9306,2,4,74.6
C=C(C)C(=O)OCC1CO1,TOX5361,0,0,0,0,0,0,0,0,0,0,0,0,142.154,0.5045,0,3,38.83
COc1ccc(C(=O)c2ccccc2O)c(O)c1,TOX2403,0,0,0,1,0,0,0,0,0,0,1,0,244.246,2.3374,2,4,66.76
O=C(c1ccccc1O)c1ccccc1O,TOX2404,0,0,0,1,0,0,0,1,0,0,1,0,214.22,2.3288,2,3,57.53
COc1ccc(C(=O)c2ccccc2)c(O)c1,TOX2405,0,0,1,0,1,1,0,0,0,0,0,0,228.247,2.6318,1,3,46.53
O=C(c1ccccc1)c1ccc(O)cc1O,TOX2406,0,0,0,0,1,1,0,1,0,0,,0,214.22,2.3288,2,3,57.53
Nc1nnc(N)[nH]1,TOX5367,0,0,0,0,0,0,0,0,0,0,,0,99.097,-1.0309,3,4,93.61
O=C(Nc1ccccc1)Nc1cnns1,TOX12651,0,0,1,,,0,0,,0,0,1,,220.257,2.1821,2,4,66.91
CC1(C)CCC(=Cc2ccc(Cl)cc2)C1(O)Cn1cncn1,TOX12655,1,0,1,0,0,0,0,0,0,0,0,0,317.82,3.5662,1,4,50.94
C=C(C)CN(CC)c1c([N+](=O)[O-])cc(C(F)(F)F)cc1[N+](=O)[O-],TOX12386,0,0,0,0,0,0,0,0,0,0,1,0,333.266,3.9242,0,5,89.52
CC(=O)[C@H]1CC[C@H]2[C@@H]3CC=C4C[C@@H](O)CC[C@]4(C)[C@H]3CC[C@]12C,TOX16541,0,0,0,0,1,1,0,1,0,0,0,0,316.485,4.5153,1,2,37.3
C[N+]1(CCCCC[N+]2(C)CCCC2)CCCC1,TOX25542,0,0,0,0,0,0,0,,0,,0,0,240.435,2.6375,0,0,0
Cc1cccc(C)c1NC(=O)C(C)N,TOX25540,0,0,0,0,0,0,0,0,0,0,0,0,192.262,1.58914,2,2,55.12
CCCc1ncc(C[n+]2ccccc2C)c(N)n1,TOX25547,0,0,0,0,0,0,0,0,0,0,,0,243.334,1.65552,1,3,55.68
O=C1OC2(c3cc(Br)c([O-])cc3Oc3c2cc(Br)c([O-])c3[Hg]O)c2ccccc21,TOX25545,0,0,0,0,0,0,0,,0,,,0,704.676,2.5419,1,6,101.88
C[C@@H](Cc1ccccc1)NCCC(c1ccccc1)c1ccccc1.C[C@H](O)C(=O)O,TOX25544,0,0,0,,0,0,0,,0,,,0,419.565,4.8812,3,3,69.56
COC1=CC(=O)OC(CCc2ccccc2)C1,TOX13433,0,0,0,0,0,0,0,0,0,0,0,0,232.279,2.465,0,3,35.53
COc1cc(OC)nc(NC(=O)NS(=O)(=O)c2ncccc2C(=O)N(C)C)n1,TOX14764,0,0,0,0,0,0,0,0,0,0,0,0,410.412,0.101,2,9,152.71
C[C@H](CCC(=O)[O-])[C@H]1CC[C@H]2[C@@H]3CC[C@@H]4C[C@H](O)CC[C@]4(C)[C@H]3C[C@H](O)[C@@]21C,TOX13389,0,0,0,,0,0,0,,0,0,,0,391.572,3.1432,2,4,80.59
CCCCCCCCC(=O)NCc1ccc(O)c(OC)c1,TOX14769,1,0,0,1,0,0,0,0,0,0,0,0,293.407,3.7676,2,3,58.56
O=P1(N(CCCl)CCCl)NC(OO)CCO1,TOX28984,0,0,0,0,0,0,0,,0,,0,0,293.087,1.6997,2,4,71.03
CC(=O)/C(C)=C/C1C(C)=CCCC1(C)C,TOX7047,0,,0,0,0,0,0,0,0,0,0,0,206.329,3.9042,0,1,17.07
CC(=O)[O-].[Na+],TOX7044,0,0,0,0,0,0,0,0,0,0,0,0,82.034,-4.2398,0,2,40.13
CC(=O)[O-].[K+],TOX7043,0,0,0,0,0,0,0,0,0,0,0,0,98.142,-4.2398,0,2,40.13
CC(C)CC(C)(O)C#CC(C)(O)CC(C)C,TOX7041,0,0,0,1,,0,0,0,0,0,1,0,226.36,2.584,2,2,40.46
C=C1CCC2CC1C2(C)C,TOX7049,0,0,0,0,0,0,0,0,0,0,0,0,136.238,2.9987,0,0,0
O=[N+]([O-])c1cccc(S(=O)(=O)[O-])c1,TOX7048,0,0,0,0,0,0,0,0,0,0,,0,202.167,0.4989,0,5,100.34
C=CCN1CC[C@]23CCCC[C@H]2[C@H]1Cc1ccc(O)cc13,TOX3205,0,0,0,0,0,,0,0,0,0,0,0,283.415,3.6366,1,2,23.47
CN(C)CCOC1=Cc2ccccc2Sc2ccc(Cl)cc21,TOX3756,0,0,,,0,0,,0,0,0,,0,331.868,4.8809,0,3,12.47
O=C1Cc2cc(CCN3CCN(c4nsc5ccccc45)CC3)c(Cl)cc2N1,TOX3753,1,0,1,,0,0,0,0,0,,0,0,412.946,3.809,1,5,48.47
CC(c1cc2ccccc2s1)N(O)C(N)=O,TOX3752,0,0,,0,0,0,1,0,0,0,0,0,236.296,2.7322,2,3,66.56
N#Cc1ccc(C(c2ccc(C#N)cc2)n2cncn2)cc1,TOX3202,0,0,0,1,0,0,0,0,0,0,0,0,285.31,2.65916,0,5,78.29
CCCCCCCCCCCC(=O)O[Sn](CCCC)(CCCC)OC(=O)CCCCCCCCCCC,TOX4961,0,0,0,0,0,0,0,1,0,1,0,0,631.571,10.957,0,4,52.6
O=C(Cl)C(Cl)Cl,TOX4965,0,0,0,0,0,0,0,0,0,0,,0,147.388,1.5555,0,1,17.07
Nc1cc(Cl)ccc1Cl,TOX4967,,0,0,0,0,0,0,0,0,0,0,0,162.019,2.5756,1,1,26.02
Nc1ccc(Cl)cc1Cl,TOX4966,0,0,0,0,0,0,0,0,0,0,0,0,162.019,2.5756,1,1,26.02
CC12CC1(C)C(=O)N(c1cc(Cl)cc(Cl)c1)C2=O,TOX13923,0,0,0,0,0,0,0,0,0,0,0,0,284.142,3.2829,0,2,37.38
CCCCCCCCCCCC[N+](C)(C)CCCCCCCCCCCC,TOX27112,0,,,,,,,1,,,,,382.741,8.9046,0,0,0
CC(C(=O)O)c1ccc(-c2ccccc2)c(F)c1,TOX17231,0,0,0,0,1,0,,0,0,0,0,0,244.265,3.6808,1,1,37.3
CC(=O)OC/C=C(\C)CC/C=C(\C)CCC=C(C)C,TOX27110,0,0,0,0,0,0,0,1,0,0,0,0,264.409,4.9687,0,2,26.3
N[C@H]1C(O)O[C@H](CO)[C@@H](O)[C@@H]1O,TOX17236,0,0,0,0,1,0,0,0,0,0,0,0,179.172,-3.255,5,6,116.17
COc1ccc(Cl)cc1C(=O)NCCc1ccc(S(=O)(=O)NC(=O)NC2CCCCC2)cc1,TOX17237,0,0,0,0,0,0,,,0,0,,0,494.013,3.6417,3,5,113.6
C=C[C@](C)(O)CC[C@@H]1[C@@]2(C)CCCC(C)(C)[C@@H]2CC[C@@]1(C)O,TOX27111,0,,0,,,0,,,0,,,,308.506,4.6972,2,2,40.46
C=C(C)[C@@H]1CC[C@@H](C)C[C@@H]1O,TOX27116,0,0,0,0,0,0,0,0,0,0,0,0,154.253,2.3596,1,1,20.23
O=[PH](O)c1ccccc1,TOX7436,0,0,0,0,0,0,0,0,0,0,0,0,142.094,0.7789,1,1,37.3
CN(C)CCC#N,TOX7432,0,0,0,0,0,0,0,0,0,0,0,0,98.149,0.46168,0,2,27.03
CO[Si](CCCNCCN)(OC)OC,TOX7433,0,0,0,0,0,0,0,0,0,0,0,0,222.361,-0.1971,2,5,65.74
CC(C)=CCCC(C)=CC(=O)O,TOX27115,0,0,0,0,0,0,0,0,0,0,0,0,168.236,2.7637,1,1,37.3
CCCCO[PH](=O)OCCCC,TOX7438,0,0,0,0,0,0,0,0,0,0,0,0,194.211,3.0095,0,3,35.53
Cc1c([N+](=O)[O-])cc2c(c1[N+](=O)[O-])C(C)(C)CC2(C)C,TOX24519,0,0,,1,,1,0,,,0,,0,278.308,3.77032,0,4,86.28
CCCCCCCCCCCCn1cc[n+](C)c1,TOX29289,0,0,0,0,0,0,0,0,0,0,1,0,251.438,4.2335,0,1,8.81
N[C@H](C(=O)O)[C@@H](O)c1ccc(O)c(O)c1,TOX26422,,,,,,,,,,0,,,213.189,-0.4569,5,5,124.01
c1csc(C2(N3CCCCC3)CCCCC2)c1,TOX26168,0,0,0,0,0,0,0,,0,,0,0,249.423,4.3934,0,2,3.24
CCCCCCCCCCCCCCCC(=O)OCC(COC(=O)CCCCCCCCCCCCCCC)OC(=O)CCCCCCCCCCCCCCC,TOX26169,0,0,0,0,,0,0,,0,,0,0,807.339,16.4285,0,6,78.9
Cc1cccc(C)c1NC(=O)NC1=CCCN1C,TOX26164,0,0,0,0,0,0,0,,0,,0,0,245.326,2.60184,2,2,44.37
[O-][n+]1cc[n+]([O-])c2ccccc21,TOX26165,0,0,,0,0,0,0,,0,,0,0,162.148,0.1066,0,2,53.88
N=C(N)NCC1COc2ccccc2O1,TOX26166,0,0,0,0,0,0,0,,0,,0,0,207.233,0.30947,3,3,80.36
CCCCCCCCCCn1cc[n+](CCCCCCCCCC)c1C,TOX29311,0,,,1,,,,1,,1,1,,363.654,7.36542,0,1,8.81
CCOC(=O)Cc1ccc(-c2ccccc2)cc1,TOX26160,0,0,,0,0,0,1,,0,,0,0,240.302,3.4592,0,2,26.3
O=C(O)CNC(=O)c1ccccc1I,TOX26161,0,0,0,0,0,0,0,0,0,0,0,0,305.071,1.1056,2,2,66.4
CC(C)(C)C(=O)NCCCC(=O)O,TOX26162,0,0,,0,0,0,0,0,0,0,0,0,187.239,1.0135,2,2,66.4
CCNC(=O)NCc1cccc(Cl)c1,TOX26163,0,0,0,0,0,0,0,0,0,0,0,0,212.68,2.1591,2,1,41.13
Oc1ccc2c(c1)Cc1ccccc1-2,TOX27569,1,0,,,1,1,0,1,,0,,1,182.222,2.9634,1,1,20.23
Cc1nnc(-c2ccccc2)c(=O)n1N,TOX27568,0,0,1,0,,,0,0,0,0,0,0,202.217,0.32752,1,5,73.8
CCC(C)C(=O)OCCc1ccccc1,TOX27567,0,0,0,0,0,0,0,0,0,0,0,0,206.285,2.8184,0,2,26.3
FC(F)(F)C(F)(F)C(F)(F)C(F)(F)C(F)(F)C(F)(F)CCI,TOX27565,0,0,0,0,0,0,0,0,0,0,0,0,473.998,5.5503,0,0,0
C/C=C(\C)C(=O)OCC/C=C\CC,TOX27562,0,0,0,0,0,0,0,0,0,0,0,0,182.263,2.8521,0,2,26.3
CC/C=C\CCOC(=O)CCCCC,TOX27560,0,0,0,0,0,0,0,0,0,0,0,0,198.306,3.4662,0,2,26.3
Cc1cc(C(C)(C)C)c(O)c(C)c1Cn1c(=O)n(Cc2c(C)cc(C(C)(C)C)c(O)c2C)c(=O)n(Cc2c(C)cc(C(C)(C)C)c(O)c2C)c1=O,TOX8008,0,0,0,1,0,0,0,0,0,,1,,699.933,7.17642,3,9,126.69
Cc1ccccc1C(N)=O,TOX5569,0,0,0,0,0,0,0,0,0,0,0,0,135.166,1.09392,1,1,43.09
CC(=O)O[C@@H]1CC2CCC1(C)C2(C)C,TOX21675,0,0,0,0,0,0,0,0,0,0,0,0,196.29,2.7643,0,2,26.3
COC(=O)c1ccccc1N,TOX5567,0,0,0,0,0,0,0,0,0,0,0,0,151.165,1.0554,1,3,52.32
CNc1ccc(O)cc1.CNc1ccc(O)cc1,TOX5565,0,0,1,,0,,,1,,,1,,246.31,2.8678,4,4,64.52
CC1=CC[C@@H]2C[C@H]1C2(C)C,TOX21671,0,0,0,0,0,0,0,0,0,,0,0,136.238,2.9987,0,0,0
COc1c2ccoc2cc2oc(=O)ccc12,TOX5560,0,0,1,,0,0,0,0,0,0,0,0,216.192,2.5478,0,4,52.58
CC(C)(c1ccc(Oc2ccc3c(c2)C(=O)OC3=O)cc1)c1ccc(Oc2ccc3c(c2)C(=O)OC3=O)cc1,TOX8001,0,0,0,0,0,0,0,0,0,0,0,0,520.493,6.2183,0,8,105.2
CC1(C)S[C@@H]2[C@H](NC(=O)Cc3ccccc3)C(=O)N2[C@H]1C(=O)O.CC1(C)S[C@@H]2[C@H](NC(=O)Cc3ccccc3)C(=O)N2[C@H]1C(=O)O.c1ccc(CNCCNCc2ccccc2)cc1,TOX27781,0,0,0,0,0,0,0,0,0,0,0,0,909.144,4.2876,6,10,197.48
CCC[C@@H]1C[C@@H](C(=O)N[C@H]([C@@H](C)O)[C@H]2O[C@H](SC)[C@H](O)[C@@H](O)[C@H]2O)N(C)C1,TOX27780,0,0,0,0,0,0,0,0,0,0,0,0,406.545,-0.857,5,8,122.49
CN[C@]1(c2ccccc2Cl)CCCCC1=O,TOX27787,0,0,0,0,0,0,0,,0,,0,0,237.73,2.8978,1,2,29.1
CC(CN(C)C)C(C)(O)Cc1ccc(Cl)cc1,TOX27784,0,0,0,0,0,0,0,0,0,0,0,0,255.789,2.8312,1,2,23.47
CCN(CCO)CCCC(C)Nc1ccnc2cc(Cl)ccc12,TOX27788,,,,,,,,0,,0,,,335.879,3.783,2,4,48.39
C#C[C@]1(O)CC[C@H]2[C@@H]3CCC4=C/C(=N/O)CC[C@@H]4[C@H]3CC[C@@]21CC,TOX26788,1,1,,,1,1,,,0,,1,,327.468,4.1437,2,3,52.82
CC1(C)NC(=O)N(c2ccc([N+](=O)[O-])c(C(F)(F)F)c2)C1=O,TOX14165,0,0,0,0,,0,0,1,0,0,0,0,317.223,2.4484,1,4,92.55
NC(=O)C(c1ccccc1)(c1ccccc1)[C@@H]1CCN(CCc2ccc3c(c2)CCO3)C1,TOX26780,0,0,,0,0,0,,0,0,0,,0,426.56,3.9575,1,3,55.56
C#C[C@]1(O)CC[C@H]2[C@@H]3CCC4=CC(=O)CC[C@@H]4[C@H]3C(=C)C[C@@]21CC,TOX26782,1,1,0,,1,1,0,,0,,0,0,324.464,4.0487,1,2,37.3
O=C(O[C@H]1CN2CCC1CC2)N1CCc2ccccc2[C@@H]1c1ccccc1,TOX26783,0,0,,0,0,0,0,,0,,,0,362.473,3.8649,0,3,32.78
CC(C)[C@H](N)C(=O)OCC(CO)OCn1cnc2c(=O)nc(N)[nH]c21,TOX26784,0,0,0,0,0,0,0,,0,,0,0,354.367,-1.4367,4,10,171.37
CCN(CC)C(=O)[C@]1(c2ccccc2)C[C@@H]1CN,TOX26785,0,0,0,0,0,0,0,,0,,0,0,246.354,1.7714,1,2,46.33
CN1CC(=O)N2[C@H](Cc3c([nH]c4ccccc34)[C@H]2c2ccc3c(c2)OCO3)C1=O,TOX26786,0,0,0,0,0,0,0,0,0,0,,0,389.411,2.2113,1,4,74.87
N#CC(c1ccc(Cl)cc1)c1c(Cl)cc(-n2ncc(=O)[nH]c2=O)cc1Cl,TOX26787,0,,0,,0,0,,,,,1,1,407.644,3.53648,1,5,91.54
CCCCCCCCCCCCN(CCO)CCO,TOX22090,0,,0,,,0,,,,,,,273.461,3.1939,2,3,43.7
CC(C)=CCC[C@](C)(O)[C@@H]1CC=C(C)CC1,TOX22094,0,0,0,,0,0,0,0,0,0,,0,222.372,4.2302,1,1,20.23
OC[C@H](O)[C@H](O)[C@@H](O)[C@H](O)CO,TOX22096,0,0,0,0,0,0,0,0,0,0,,0,182.172,-3.5854,6,6,121.38
O=C(O)C=Cc1ccc(C=CC(=O)O)cc1,TOX5879,0,0,0,0,0,0,0,0,0,0,0,0,218.208,1.8822,2,2,74.6
CN1C(C(=O)Nc2ccccn2)=C(O)c2sccc2S1(=O)=O,TOX25486,0,0,0,0,0,0,0,0,0,0,1,0,337.382,1.6425,2,6,99.6
CC(C)[C@]12CC(=O)[C@H](C)[C@H]1C2,TOX6148,0,0,0,0,0,0,0,0,0,0,0,0,152.237,2.2576,0,1,17.07
CCCCCNC(=N)N/N=C/c1c[nH]c2ccc(OC)cc12,TOX25955,,,,,,,,0,,,,,301.394,2.81457,4,3,85.29
CC(CO)Oc1ccccc1,TOX9665,0,0,0,0,0,0,0,0,0,0,,0,152.193,1.4462,1,2,29.46
COc1ccc(CN(CCN(C)C)c2ncccn2)cc1,TOX6147,0,0,0,0,0,0,0,0,0,0,,0,286.379,2.0534,0,5,41.49
CC(CCO)CC(C)(C)C,TOX9661,0,0,0,0,0,0,0,0,0,0,0,0,144.258,2.4411,1,1,20.23
CCN[C@@H]1C[C@H](N)[C@@H](OC2OC(CN)=CCC2N)[C@H](O)[C@H]1O[C@H]1OC[C@](C)(O)[C@H](NC)[C@H]1O.CCN[C@@H]1C[C@H](N)[C@@H](OC2OC(CN)=CCC2N)[C@H](O)[C@H]1O[C@H]1OC[C@](C)(O)[C@H](NC)[C@H]1O,TOX25484,,,,,,,,0,,0,,,951.174,-6.4014,16,24,399.46
CCCCCCCC[Sn](Cl)(Cl)CCCCCCCC,TOX9662,0,,,,,,0,1,,1,,,416.065,7.6272,0,0,0
COc1ccc2cc1Oc1ccc(cc1)C[C@H]1c3c(cc4c(c3Oc3cc5c(cc3OC)CCN(C)[C@@H]5C2)OCO4)CCN1C,TOX25957,,,,,,,,,,0,,,606.719,6.8739,0,8,61.86
N=C(Nc1ccccc1)Nc1ccccc1,TOX5178,0,0,1,,,0,0,1,0,0,,0,211.268,3.14537,3,1,47.91
Cc1ccc(C)o1,TOX2093,0,0,,0,0,0,0,0,0,0,0,0,96.129,1.89644,0,1,13.14
C=CC(C)(O)CC/C=C(\C)CCC=C(C)C,TOX20783,0,0,0,0,0,0,0,,0,,1,0,222.372,4.3963,1,1,20.23
CC(=O)c1cc2c(cc1C)C(C)(C)C(C)CC2(C)C,TOX21544,0,0,0,,0,0,0,0,0,,1,0,258.405,4.79262,0,1,17.07
CC[C@@]1(O)C(=O)OCc2c1cc1n(c2=O)Cc2cc3c(CN(C)C)c(O)ccc3nc2-1,TOX25952,0,,0,1,,0,,,0,,0,1,421.453,1.8468,2,8,104.89
OCCN1CCOCC1,TOX2090,0,0,0,0,0,0,0,0,0,0,,0,131.175,-0.6891,1,3,32.7
CCSC(=O)N(CC)CC,TOX21925,0,0,0,0,0,0,0,0,0,0,0,0,161.27,2.2013,0,2,20.31
CCCCc1c(C)nc(NCC)nc1O,TOX21927,0,0,0,0,0,0,0,0,0,0,0,0,209.293,2.26502,2,4,58.04
CCCCC(CC)COCCO,TOX21920,0,0,0,0,0,0,0,0,0,0,0,0,174.284,2.2117,1,2,29.46
COCCCOCCCOC,TOX22327,0,0,0,0,0,0,0,0,0,0,0,0,162.229,1.076,0,3,27.69
CC(=O)CC(c1ccccc1)c1c([O-])c2ccccc2oc1=O,TOX22324,1,1,0,0,1,0,1,0,0,0,1,0,307.325,2.9776,0,4,70.34
CCCc1ccc(OC)cc1,TOX22325,0,0,0,0,,0,0,0,0,0,0,0,150.221,2.6477,0,1,9.23
CCCCCC[C@@H](O)C/C=C\CCCCCCCC(=O)[O-],TOX22322,0,0,0,0,0,0,0,,0,,1,0,297.459,3.7446,1,3,60.36
O=N[O-],TOX941,0,0,0,0,0,0,0,0,0,0,0,0,46.005,0.2506,0,3,52.49
O=C(CBr)c1ccc(O)cc1,TOX14576,0,0,0,,0,0,0,,0,,,0,215.046,1.9698,1,2,37.3
O=[N+]([O-])c1ccc(Oc2ccc(N=C=S)cc2)cc1,TOX28698,0,0,0,1,,0,,,0,,,1,272.285,4.1214,0,5,64.73
CCO[C@H](Cc1ccc(OCCc2ccc(OS(C)(=O)=O)cc2)cc1)C(=O)O,TOX28699,0,0,0,0,0,0,1,,0,0,0,0,408.472,2.6787,1,6,99.13
C1CCNCC1.O=c1[nH]cnc2[nH]cc(CN3CCCCC3)c12,TOX28694,0,0,0,0,0,0,0,,0,,0,0,317.437,1.997,3,4,76.81
CCOc1ccc(/N=C(\C)Nc2ccc(OCC)cc2)cc1,TOX28695,0,0,0,0,0,0,0,,0,,0,0,298.386,4.646,1,3,42.85
c1ccc2c(c1)Sc1ccccc1N2C[C@@H]1CN2CCC1CC2,TOX28697,0,0,0,0,0,0,0,,0,,0,0,322.477,4.6311,0,3,6.48
COC(=O)[C@]12CCC(C)(C)C[C@H]1[C@H]1C(=O)C=C3[C@@](C)(CC[C@H]4C(C)(C)C(=O)C(C#N)=C[C@]34C)[C@]1(C)CC2,TOX28690,0,,,,,1,,,1,,1,,505.699,6.37898,0,5,84.23
CC(=O)[C@@]1(O)CC[C@H]2[C@@H]3CCC4=CC(=O)CC[C@]4(C)C3(F)[C@@H](O)C[C@@]21C,TOX28691,,1,0,,0,0,0,,0,,0,0,364.457,2.9013,2,4,74.6
CCCCCCCCCC(=O)N[O-],TOX28692,0,0,0,,0,0,0,,0,,0,0,186.275,2.7411,1,2,52.16
CN(C)CCOc1ccccc1Cc1ccccc1.Nc1ccc(C(=O)O)c(O)c1,TOX28693,0,0,0,0,0,0,,,0,,,0,408.498,3.8904,3,5,96.02
FC(F)(F)c1ccccc1Cl,TOX4774,0,0,0,0,0,0,0,0,0,0,0,0,180.556,3.3588,0,0,0
ClCCBr,TOX4775,0,0,0,0,0,0,0,0,0,0,0,0,143.411,1.6201,0,0,0
O=C(O)c1cccc(Cl)c1,TOX4770,0,0,0,0,0,0,0,0,0,0,,0,156.568,2.0382,1,1,37.3
O=C(O)c1ccccc1Cl,TOX4771,0,0,0,0,0,0,0,0,0,0,,0,156.568,2.0382,1,1,37.3
O=C(O)c1ccc(Cl)cc1,TOX4772,0,0,0,0,0,0,0,0,0,0,0,0,156.568,2.0382,1,1,37.3
FC(F)(F)c1cccc(Cl)c1,TOX4773,0,0,0,0,0,0,0,0,0,0,0,0,180.556,3.3588,0,0,0
CC(=O)Oc1cccc(C)c1,TOX26041,,,,,,,,0,,0,,,150.177,1.92032,0,2,26.3
C1COCCO1,TOX533,0,0,0,0,0,0,0,0,0,0,0,0,88.106,0.0332,0,2,18.46
Cc1cc([N+](=O)[O-])c(O)c([N+](=O)[O-])c1,TOX7239,0,,,0,,0,0,1,0,0,1,0,198.134,1.51702,1,5,106.51
COC(=O)C(C)(C)C,TOX7234,0,0,0,0,0,0,0,0,0,0,0,0,116.16,1.2055,0,2,26.3
Cc1cccc([N+](=O)[O-])c1[N+](=O)[O-],TOX7236,0,0,0,0,0,0,0,1,0,0,,0,182.135,1.81142,0,4,86.28
CC(Br)C(=O)O,TOX7233,0,0,0,0,0,0,0,0,0,0,0,0,152.975,0.8544,1,1,37.3
Brc1ccc(Oc2ccccc2)cc1,TOX3927,0,0,0,0,0,0,0,0,0,0,0,0,249.107,4.2414,0,1,9.23
CC(=O)CCCCn1c(=O)c2c(ncn2C)n(C)c1=O,TOX3437,0,0,0,0,0,0,0,0,0,0,0,0,278.312,0.193,0,7,78.89
O=C(O)CN(CCN(CC(=O)O)CC(=O)O)CCN(CC(=O)O)CC(=O)O,TOX3434,0,0,0,0,0,0,,,1,0,0,,393.349,-2.6846,5,8,196.22
CCCC(C)C1(CC)C(=O)N=C(O)NC1=O,TOX3435,0,0,0,0,0,0,0,,0,,0,0,226.276,1.3894,2,2,78.76
CCCCCCCCCCC(=O)O,TOX1690,0,0,0,0,0,0,0,0,0,0,0,0,186.295,3.6018,1,1,37.3
O=C(O)c1ccccc1Nc1cccc(C(F)(F)F)c1,TOX3063,0,,0,0,0,0,,1,0,0,1,1,281.233,4.1472,2,2,49.33
COc1nc(NC(C)C)nc(NC(C)C)n1,TOX2341,0,0,0,0,0,0,0,0,0,0,0,0,225.296,1.5208,2,6,71.96
CC(C)(Oc1ccc(CCNC(=O)c2ccc(Cl)cc2)cc1)C(=O)O,TOX9869,0,0,0,0,0,0,1,0,0,0,0,0,361.825,3.5545,2,3,75.63
Clc1ccc(C(c2ccccc2Cl)C(Cl)(Cl)Cl)cc1,TOX2345,0,0,0,0,1,1,0,,0,,1,,354.491,6.4955,0,0,0
CC(=O)CCc1ccccc1,TOX13241,0,0,0,0,0,0,0,0,0,0,0,0,148.205,2.2082,0,1,17.07
CCO[C@@H]1O[C@H](C(COCc2ccccc2)OCc2ccccc2)[C@H](OCc2ccccc2)[C@H]1O,TOX3697,,,,,,,,,,0,,,478.585,4.4963,1,6,66.38
Cc1ccc(N)cc1C,TOX6308,0,0,1,0,1,0,0,0,0,0,0,0,121.183,1.88564,1,1,26.02
CCOC(=O)[C@H](CCc1ccccc1)N[C@@H](C)C(=O)N1[C@H](C(=O)O)C[C@H]2CCCC[C@@H]21,TOX3692,0,0,0,0,0,0,0,,0,,0,0,430.545,2.7733,2,5,95.94
COc1ccc(/C=C/C(=O)Nc2ccccc2C(=O)O)cc1OC,TOX3693,0,,,,0,0,,,1,,,0,327.336,3.0539,2,4,84.86
Cc1cccc(Nc2ccncc2S(=O)(=O)NC(=O)NC(C)C)c1,TOX3690,0,0,0,0,0,0,,0,0,0,0,0,348.428,2.52992,3,5,100.19
COc1cccc([C@@]2(O)CCCC[C@@H]2CN(C)C)c1,TOX3691,0,0,0,0,0,0,0,0,0,0,0,0,263.381,2.6346,1,3,32.7
CCOC(=O)CC(SP(=S)(OC)OC)C(=O)OCC,TOX791,0,0,0,0,0,0,0,,0,0,0,0,330.364,2.1218,0,8,71.06
CCOC(=O)CC(SP(=O)(OC)OC)C(=O)OCC,TOX790,0,0,0,0,0,0,0,1,0,0,0,0,314.296,2.0054,0,8,88.13
O=c1ccc(=O)[nH][nH]1,TOX792,0,0,0,0,0,0,0,0,0,0,0,0,112.088,-0.9368,2,2,65.72
S=C([S-])NCCNC(=S)[S-].[Mn+2],TOX794,0,0,0,0,0,0,0,1,0,0,0,0,265.312,-0.1733,2,4,24.06
NS(=O)(=O)c1cc2c(cc1Cl)NC(C(Cl)Cl)NS2(=O)=O,TOX3699,0,0,0,0,0,0,0,,0,0,0,0,380.662,0.821,3,5,118.36
CN(C)C(=O)Oc1cccc([N+](C)(C)C)c1,TOX21075,0,0,0,0,0,0,0,0,0,0,,0,223.296,1.9437,0,2,29.54
O=C([O-])c1cc(=O)c2c(OCC(O)COc3cccc4oc(C(=O)[O-])cc(=O)c34)cccc2o1,TOX24554,0,0,0,0,0,0,0,0,0,0,,0,466.354,-0.5549,1,11,179.37
Cc1ccccc1S(=O)(=O)[O-],TOX24553,0,0,0,0,0,0,0,0,0,0,0,0,171.197,0.89912,0,3,57.2
CC(=O)O[AlH3](O)OC(C)=O,TOX24552,0,0,0,0,1,0,0,0,0,0,0,0,165.101,-1.7133,1,5,72.83
COc1c(C)c2c(c(O)c1C/C=C(\C)CCC(=O)O)C(=O)OC2,TOX21070,0,,,,,,,,0,0,,1,320.341,2.73322,2,5,93.06
CCCN(CC1CC1)c1c([N+](=O)[O-])cc(C(F)(F)F)cc1[N+](=O)[O-],TOX24559,0,0,0,0,0,0,0,0,0,0,1,0,347.293,4.1482,0,5,89.52
C[C@H]1CC[C@]2(NC1)O[C@H]1C[C@H]3[C@@H]4CC[C@H]5C[C@@H](O)CC[C@]5(C)[C@H]4CC[C@]3(C)[C@H]1[C@@H]2C,TOX25978,0,0,0,0,0,0,0,,0,,,0,415.662,5.3668,2,3,41.49
OC[C@@H](O)C(O)[C@H](O)CO,TOX25979,0,0,0,0,0,0,0,,0,,0,0,152.146,-2.9463,5,5,101.15
C=C(C)C(=O)NCCC[N+](C)(C)C,TOX24682,0,0,0,0,0,0,0,0,0,0,0,0,185.291,0.775,1,1,29.1
Oc1ccc(Cl)c2cccnc12,TOX25973,0,0,1,,0,0,0,1,0,1,1,0,179.606,2.5938,1,2,33.12
CC(=O)Oc1cccc(C(=O)O)c1OC(C)=O,TOX25976,0,0,,0,0,0,0,,0,,0,0,238.195,1.2354,1,5,89.9
COc1ccc(-c2cc(C(F)F)nn2-c2ccc(S(N)(=O)=O)cc2)cc1F,TOX25975,0,0,0,0,0,0,0,1,0,0,,0,397.378,3.272,1,5,87.21
O=C1C2CC=CCC2C(=O)N1SC(Cl)(Cl)Cl,TOX243,0,0,0,,,0,0,1,0,1,1,1,300.594,2.9135,0,3,37.38
O=C1C2CC=CCC2C(=O)N1SC(Cl)(Cl)C(Cl)Cl,TOX242,0,,0,,1,,,,,1,1,,349.066,3.5209,0,3,37.38
COc1cc(CNC(=O)CCCC/C=C/C(C)C)ccc1O,TOX241,0,0,0,1,0,0,0,1,0,0,0,0,305.418,3.7896,2,3,58.56
O=C1CCCCCN1,TOX240,0,0,0,0,0,0,0,0,0,0,0,0,113.16,0.6766,1,1,29.1
CNC(=O)Oc1cccc2ccccc12,TOX247,0,0,1,0,0,0,0,1,0,0,,0,201.225,2.558,1,2,38.33
NC(=O)Nc1ccc([As](=O)(O)O)cc1,TOX246,0,0,0,0,0,0,0,0,0,0,0,0,260.081,-1.2618,4,2,112.65
NC(=O)NNc1ccccc1,TOX245,0,0,0,0,0,0,0,0,0,0,0,0,151.169,0.6818,3,2,67.15
NNC(N)=O,TOX244,0,0,0,0,0,0,0,0,0,0,0,0,75.071,-1.4716,3,2,81.14
CNC(=O)Oc1cccc2c1OC(C)(C)C2,TOX249,0,0,0,0,1,0,0,0,0,0,0,0,221.256,2.1183,1,3,47.56
c1ccc2c(c1)[nH]c1ccccc12,TOX248,0,0,,0,0,0,0,0,0,0,,0,167.211,3.3211,1,0,15.79
N#CC(c1ccccc1)c1ccccc1,TOX539,0,0,0,0,0,0,0,0,0,0,,0,193.249,3.34208,0,1,23.79
O=C(Nc1cccc2c(=O)cc(-c3nnn[nH]3)oc12)c1ccc(OCCCCc2ccccc2)cc1,TOX23782,0,0,,0,0,0,0,,0,0,,0,481.512,4.6271,2,7,123
COc1cc(S(=O)(=O)Nc2ccccc2)c(OC)cc1N,TOX24686,0,0,0,0,0,0,0,0,0,0,,0,308.359,2.0868,2,5,90.65
O=C(O)c1cc(I)cc(I)c1I,TOX21317,0,0,,,0,0,1,1,0,0,0,0,499.811,3.1986,1,1,37.3
O=C(CC(=O)C(F)(F)F)c1ccccc1,TOX29124,0,0,0,,1,0,,0,0,,1,0,216.158,2.3908,0,2,34.14
O=C1CCCc2c1cc1ccc3cccc4ccc2c1c34,TOX29127,0,1,1,,1,,1,,,1,1,1,270.331,5.103,0,1,17.07
O=Cc1cc(O)ccc1Br,TOX29121,0,0,0,,1,0,,,0,0,,0,201.019,1.9672,1,2,37.3
CCn1cc[n+](C)c1C.F[B-](F)(F)F,TOX29122,0,0,0,0,0,0,0,0,0,0,,0,211.999,1.94092,0,1,8.81
OCCCCCCCCCCCCBr,TOX29129,0,0,,0,0,0,,,0,,1,1,265.235,4.2746,1,1,20.23
COS(=O)(=O)C(F)(F)F,TOX29128,0,0,0,,0,0,0,0,0,1,,0,164.104,0.4824,0,3,43.37
CO[C@@H]1[C@@H](O[C@@H]2O[C@H](C)[C@@H](O[C@H]3C[C@@](C)(O)[C@@H](OC(=O)CC(C)C)[C@H](C)O3)[C@H](N(C)C)[C@H]2O)[C@@H](CC=O)C[C@@H](C)[C@@H](O)C=CC=CC[C@@H](C)OC(=O)C[C@H]1O,TOX28530,1,0,0,,1,,0,,0,,0,0,785.969,2.4426,4,15,199.98
Cc1ccc2cc(C)ccc2c1,TOX9187,,0,0,0,0,0,0,0,0,0,0,0,156.228,3.45664,0,0,0
CC(C)(C)c1cc(Cc2cc(C(C)(C)C)c(O)c(C(C)(C)C)c2)cc(C(C)(C)C)c1O,TOX2411,0,0,0,0,0,0,0,0,0,0,0,0,424.669,7.8786,2,2,40.46
CCCCNc1c(C(=O)OCC)c(C)nc2c1cnn2CC,TOX25208,0,0,,,0,0,0,,0,0,0,0,304.394,3.14832,1,6,69.04
Cc1scc2c1N(C(=O)CN1CCN(C)CC1)c1ccccc1NC2=O,TOX25209,0,0,,0,0,0,0,0,0,0,0,0,370.478,2.53432,1,5,55.89
Cc1c(C(N)=O)cc([N+](=O)[O-])cc1[N+](=O)[O-],TOX22521,0,0,0,0,0,0,0,0,0,0,0,0,225.16,0.91032,1,5,129.37
CN/C(=N\c1ccc(C2=NNC(=O)CC2C)cc1)NC#N,TOX25202,0,0,0,0,0,0,0,0,0,0,0,0,284.323,0.82428,3,4,101.67
CC(C)COC(=O)OCN1C(=O)CN(CCN2CC(=O)N(COC(=O)OCC(C)C)C(=O)C2)CC1=O,TOX25203,0,0,0,,0,0,0,,0,,0,1,514.532,-0.1386,0,12,152.3
C[n+]1cc2c3c(ccc2c2ccc4cc5c(cc4c21)OCO5)OCO3,TOX25204,0,,1,,,1,,,,1,,,332.335,3.4281,0,4,40.8
O=C(CCCN1CCC2(CC1)C(=O)NCN2c1ccccc1)c1ccc(F)cc1,TOX25205,0,0,0,,,0,0,1,0,0,1,0,395.478,3.2171,1,4,52.65
O=c1[nH]oc2c1CCNC2,TOX25206,0,0,0,0,0,0,0,0,0,0,0,0,140.142,-0.3864,2,3,58.03
CC(COCCO)OCCO,TOX27597,0,0,0,0,0,0,0,0,0,0,0,0,164.201,-0.6073,2,4,58.92
CCCCCCCCc1ccc(S(=O)(=O)[O-])cc1,TOX27594,0,0,0,0,0,0,0,,0,0,0,0,269.386,3.4937,0,3,57.2
CC1=C(/C=C/C(C)=C/C=C/C(C)=C/C=O)C(C)(C)CCC1,TOX5998,0,,0,,,1,,,,,,,284.443,5.7169,0,1,17.07
CC1=C(/C=C/C(C)=C/C=C/C(C)=C\C=O)C(C)(C)CCC1,TOX5997,0,0,0,1,0,1,,,0,,1,,284.443,5.7169,0,1,17.07
Oc1cc2ccccc2c2ccccc12,TOX27592,0,,1,,,1,,,,,1,,194.233,3.6986,1,1,20.23
O=Nc1ccc(O)cc1,TOX5991,0,0,1,0,0,0,0,0,0,0,1,0,123.111,1.7901,1,3,49.66
O=[N+]([O-])c1cc(I)c(O)c(I)c1,TOX26573,0,,0,0,,0,,,,,,,390.902,2.5096,1,3,63.37
N#CCC(=O)NN,TOX26572,,,,,,,,0,,0,,,99.093,-1.11002,2,3,78.91
O=C(Cn1ccnc1[N+](=O)[O-])NCc1ccccc1,TOX26570,0,0,0,0,0,0,0,0,0,0,0,0,260.253,1.1077,1,5,90.06
CN(C)c1ccc(C(=C2C=CC(=[N+](C)C)C=C2)c2c(O)c(S(=O)(=O)[O-])cc3cc(S(=O)(=O)[O-])ccc23)cc1,TOX26577,0,0,,,,0,0,,,,0,0,553.638,3.0606,1,8,140.88
O=C(OCCc1ccccc1)c1ccccc1,TOX27590,0,0,0,,1,0,0,0,1,0,0,0,226.275,3.0861,0,2,26.3
OC[C@@H](O)[C@H]1O[C@@H]2O[C@@H](C(Cl)(Cl)Cl)O[C@@H]2[C@H]1O,TOX26575,0,0,0,0,0,0,0,,0,,0,0,309.529,-0.4629,3,6,88.38
Cc1cn([C@H]2C[C@H](F)[C@@H](CO)O2)c(=O)[nH]c1=O,TOX26579,0,0,,0,0,0,0,0,0,0,0,0,244.222,-0.53708,2,5,84.32
O=S(=O)([O-])c1cc(O)c2c(N=Nc3ccc(Nc4ccccc4)c4c(S(=O)(=O)[O-])cccc34)cc(S(=O)(=O)[O-])cc2c1,TOX26578,0,0,0,,,0,0,,0,,,0,626.626,4.5699,2,13,228.58
CC(C)CCCCCCc1ccc(OCCOCCO)cc1,TOX20802,0,0,0,0,0,0,0,0,0,0,0,0,308.462,4.2233,1,3,38.69
OCC#CCO,TOX1921,0,0,0,0,0,0,0,0,0,0,0,0,86.09,-1.0256,2,2,40.46
CCCN1CCC[C@@H]2Cc3nc(N)ncc3C[C@H]21,TOX26315,0,0,,0,0,0,0,,0,0,0,0,246.358,1.648,1,4,55.04
O=C1CC[C@@]2(O)[C@H]3Cc4ccc(O)c5c4[C@@]2(CCN3CC2CC2)[C@H]1O5,TOX26313,0,0,0,0,0,0,0,,0,0,0,0,341.407,1.5254,2,5,70
O=C(O)C(Br)CBr,TOX12832,0,0,0,,0,0,,,0,0,0,0,231.871,1.2294,1,1,37.3
CCN1C[C@@]2(COC)[C@H]3[C@@H](OC)[C@H]4C1[C@]3([C@@H](OC)C[C@H]2O)[C@@H]1C[C@]2(O)[C@@H](OC)[C@H](O)[C@@]4(OC(C)=O)[C@H]1[C@H]2OC(=O)c1ccccc1,TOX26319,0,0,0,0,0,0,0,,0,,0,0,645.746,0.6481,3,12,153.45
COC(=O)C1=C(C)NC(C)=C(C(=O)OCCCN2CCC(c3ccccc3)(c3ccccc3)CC2)C1c1cccc([N+](=O)[O-])c1,TOX26318,0,,,,,0,,,,,,,609.723,6.018,1,8,111.01
CCNS(=O)(=O)C(F)(F)C(F)(F)C(F)(F)C(F)(F)C(F)(F)C(F)(F)C(F)(F)C(F)(F)F,TOX12646,0,0,0,,0,0,0,1,0,0,,0,527.196,4.8926,1,2,46.17
N#CSCSc1nc2ccccc2s1,TOX12647,0,1,,,0,0,1,,1,1,1,1,238.362,3.56018,0,5,36.68
C=CC(=O)NC(C)(C)CS(=O)(=O)[O-],TOX7591,0,0,0,0,0,0,,0,0,0,,0,206.243,-0.3876,1,4,86.3
Clc1ccc(C(Cl)(Cl)Cl)cc1,TOX7593,0,0,0,0,1,0,0,0,0,0,0,0,229.921,4.1667,0,0,0
CCCCCCCCS(=O)(=O)[O-],TOX7595,0,0,0,0,0,0,0,0,0,0,0,0,193.288,1.8921,0,3,57.2
Cc1ccc(/N=N/c2c(O)c(C(=O)[O-])cc3ccccc23)c(S(=O)(=O)[O-])c1,TOX7594,0,0,1,,0,0,0,1,0,0,,0,384.369,2.53682,1,8,142.28
CCc1cccc(C)c1N,TOX7833,0,0,,0,0,0,0,0,0,0,0,0,135.21,2.13962,1,1,26.02
O=C([O-])CS,TOX7599,0,0,0,,0,0,0,0,0,0,0,0,91.111,-1.3339,1,3,40.13
CC(C)OB(OC(C)C)OC(C)C,TOX7598,0,0,0,0,0,0,0,0,0,0,0,0,188.076,2.2463,0,3,27.69
C[C@]12C(=O)OC(=O)[C@H]1[C@H]1C=C[C@@H]2C1,TOX7844,0,0,0,0,,0,0,0,0,0,0,0,178.187,0.8982,0,3,43.37
CC(C)CCCCCOC(=O)CS,TOX7841,0,0,,,0,0,0,,0,0,0,0,204.335,2.6758,1,3,26.3
CC(COc1ccc(Oc2ccccc2)cc1)Oc1ccccn1,TOX12640,0,0,,,,0,0,1,0,0,,0,321.376,4.7202,0,4,40.58
O=C(O)c1c(Cl)ccc2cc(Cl)cnc12,TOX12641,0,0,,0,0,0,0,0,0,0,0,0,242.061,3.2398,1,2,50.19
CCC(O)OCC(C)OC(O)CC,TOX7837,0,0,0,0,0,0,0,0,0,0,0,0,192.255,0.8649,2,4,58.92
COc1ccc(/C=N/NC(=O)c2ccncc2)cc1OC,TOX25002,0,0,1,0,0,0,0,0,0,0,0,0,285.303,1.8627,1,5,72.81
C=CC(=O)OCCC(=O)O,TOX7834,0,0,0,0,0,0,,1,0,0,0,0,144.126,0.1903,1,3,63.6
CCOCC(O)COc1ccc(NC(=O)CC[S+](C)C)cc1,TOX25003,0,0,,0,0,0,0,,0,0,0,0,328.454,1.6693,2,4,67.79
CCOC(=O)C(C)OC(=O)c1cc(Oc2ccc(C(F)(F)F)cc2Cl)ccc1[N+](=O)[O-],TOX4160,0,0,0,0,,0,0,,0,0,1,0,461.776,5.1677,0,7,104.97
CC[C@@]1(c2ccccc2)NC(=O)N(C)C1=O,TOX26126,0,0,0,0,0,0,0,0,0,0,0,0,218.256,1.4735,1,2,49.41
COC(=O)c1ccccc1CS(=O)(=O)NC(=O)Nc1nc(OC)cc(OC)n1,TOX4164,0,0,0,0,0,0,0,0,0,0,0,0,410.408,0.9319,2,9,145.81
O=C1C=CC(=O)O1,TOX4166,0,0,0,0,0,0,0,0,0,0,0,0,98.057,-0.374,0,3,43.37
CC(C)=CC1C(C(=O)OCN2C(=O)C3=C(CCCC3)C2=O)C1(C)C,TOX12649,0,0,0,,0,0,,,0,1,,,331.412,2.9649,0,4,63.68
C[C@H](CSC(=O)c1ccccc1)C(=O)N1C[C@@H](Sc2ccccc2)C[C@H]1C(=O)[O-].C[C@H](CSC(=O)c1ccccc1)C(=O)N1C[C@@H](Sc2ccccc2)C[C@H]1C(=O)[O-],TOX28551,0,0,0,0,0,0,0,,0,,0,0,857.11,5.4156,0,12,155.02
CC(C)NCC(O)c1ccc2ccccc2c1,TOX1193,0,0,,0,0,0,0,0,0,0,0,0,229.323,2.8712,2,2,32.26
CC(CN1c2ccccc2Sc2ccccc21)N(C)C,TOX3518,0,0,0,0,0,0,0,0,0,0,,0,284.428,4.2394,0,3,6.48
Nc1ccc2cc3ccc(N)cc3nc2c1,TOX1191,0,1,1,1,1,,,1,0,0,1,1,209.252,2.5524,2,3,64.93
CNNCc1ccc(C(=O)NC(C)C)cc1,TOX1189,0,0,,0,0,0,0,0,0,0,0,0,221.304,1.0488,3,3,53.16
CC(C)Nc1nc(Cl)nc(NC(C)C)n1,TOX1196,0,0,0,0,0,0,0,0,0,0,0,0,229.715,2.1656,2,5,62.73
O=S1(=O)CCCO1,TOX1195,0,0,0,0,0,0,0,0,0,0,0,0,122.145,-0.2635,0,3,43.37
CCC(C)(CCC(C)C)C(=O)[O-].CCC(C)(CCC(C)C)C(=O)[O-].[Zn+2],TOX27040,0,0,0,0,0,0,0,0,0,0,0,0,407.91,3.1751,0,4,80.26
C=CCON/C(CCC)=C1\C(=O)CC(C)(C)C(C(=O)OC)=C1[O-],TOX27041,0,0,0,0,0,0,0,0,0,0,,0,322.381,1.5342,1,6,87.69
CC(=O)/C=C/C1C(C)=CCC(C)C1(C)C,TOX27042,0,0,0,0,0,0,0,0,0,0,0,0,206.329,3.7601,0,1,17.07
O=S(=O)([O-])SSS(=O)(=O)[O-],TOX27043,0,0,0,0,0,0,0,,0,0,0,0,224.262,-0.7118,0,8,114.4
CCCCCCCCCCCC(=O)OCC,TOX27044,0,0,0,0,0,0,0,0,0,0,0,0,228.376,4.4704,0,2,26.3
C=C1[C@H]2CC[C@@H]3[C@H]2C(C)(C)CCC[C@]13C,TOX27045,0,0,0,0,0,0,0,0,0,0,0,0,204.357,4.415,0,0,0
CCCCOC(=O)C(C)CC,TOX27046,0,0,0,0,0,0,0,0,0,,0,0,158.241,2.3758,0,2,26.3
CCCCCCCCCCCCOCCOCCOCCOCCOCCOCCOCCOCCOCCO,TOX19721,0,,0,,,0,,1,0,,,,582.816,4.049,1,10,103.3
COC(=O)Nc1nc2cc(C(=O)c3cccs3)ccc2[nH]1,TOX11800,,,1,,0,,,1,1,0,1,1,301.327,3.0337,2,5,84.08
Nc1c(S(=O)(=O)O)cc(Br)c2c1C(=O)c1ccccc1C2=O,TOX24782,0,0,1,0,0,0,0,1,0,0,,0,382.191,2.0534,2,5,114.53
Cc1cc(Cl)c(C)cc1Cl,TOX24780,0,0,0,0,0,0,0,0,0,0,,0,175.058,3.61024,0,0,0
Clc1nc(C(Cl)(Cl)Cl)c(Cl)c(Cl)c1Cl,TOX24781,0,0,1,,,0,,1,,1,,0,334.244,5.5219,0,1,12.89
O=S(=O)(O)c1cc(O)c2ccc(Nc3ccccc3)cc2c1,TOX24787,0,0,,0,,0,0,0,0,0,,0,315.35,3.5357,3,4,86.63
C=C(C)C(=O)OCCC(C)OC(=O)C(=C)C,TOX24784,0,0,0,0,0,0,0,0,0,0,,0,226.272,2.0036,0,4,52.6
CC1=NN(c2cccc(S(=O)(=O)O)c2)C(=O)C1,TOX24785,0,0,0,0,0,0,0,,0,0,0,0,254.267,1.0459,1,4,87.04
CC(C)CC(C)N(c1ccccc1)c1ccc(N)cc1,TOX24966,0,,1,,,,,1,0,,1,1,268.404,4.8415,1,2,29.26
OCC1(CO)COCOC1,TOX24967,0,0,0,0,0,0,0,0,0,0,,0,148.158,-1.0383,2,4,58.92
O=S(=O)(O)c1ccc2ccccc2c1,TOX24788,0,0,0,0,0,0,0,0,0,0,,0,208.238,2.0865,1,2,54.37
Nc1cccc(S(=O)(=O)c2cccc(N)c2)c1,TOX24962,0,0,0,0,0,0,0,0,0,0,,0,248.307,1.6838,2,4,86.18
CC1=NN(c2ccc(C(=O)O)cc2)C(=O)C1,TOX24963,0,,1,,0,0,0,0,0,0,0,0,218.212,1.4974,1,3,69.97
Nc1ccc(C(=O)OCCCOC(=O)c2ccc(N)cc2)cc1,TOX24960,0,,1,1,,0,0,,0,0,,0,314.341,2.2549,2,6,104.64
CC(C)C1OCCN1CCOC(=O)NCCCCCCNC(=O)OCCN1CCOC1C(C)C,TOX24961,0,0,0,0,0,0,0,0,0,0,0,0,486.654,2.6278,2,8,101.6
Clc1ccc(Cl)c(Cl)c1Cl,TOX6088,0,0,0,0,0,0,0,0,0,0,0,0,215.894,4.3002,0,0,0
NS(=O)(=O)c1cc2c(cc1C(F)(F)F)NC(Cc1ccccc1)NS2(=O)=O,TOX2647,0,0,0,0,0,0,0,0,0,0,0,0,421.422,1.6254,3,5,118.36
CCN(CC)CCOC(=O)C(O)(c1ccccc1)c1ccccc1,TOX2644,0,0,0,0,0,0,0,0,0,0,0,0,327.424,2.8075,1,4,49.77
CCC1(CC)C(=O)NC(=O)NC1=O,TOX2643,0,0,0,0,0,0,0,0,0,0,0,0,184.195,0.1588,2,3,75.27
C[C@H]1[C@H](NC(=O)C(=NOC(C)(C)C(=O)O)c2csc(N)n2)C(=O)N1S(=O)(=O)O,TOX2640,0,0,0,0,0,0,0,0,0,0,0,0,435.44,-1.1725,4,10,201.58
Nc1nc(=O)c2c([nH]1)NCC(CNc1ccc(C(=O)N[C@@H](CCC(=O)[O-])C(=O)[O-])cc1)N2C=O,TOX16999,0,0,0,0,0,0,0,,0,,0,0,471.43,-3.4005,5,11,225.5
O=C(O)c1ccc(C(=O)O)cc1,TOX6080,0,0,0,0,0,0,0,0,0,0,0,0,166.132,1.083,2,2,74.6
CC(C)(c1cc(Br)c(O)c(Br)c1)c1cc(Br)c(O)c(Br)c1,TOX6081,0,0,0,1,0,1,1,1,0,1,1,1,543.875,6.4737,2,2,40.46
BrCC(Br)(Br)Br,TOX6082,0,0,0,,0,0,0,,,1,,1,345.654,3.2198,0,0,0
BrC(Br)C(Br)Br,TOX6083,0,0,,0,0,0,0,0,0,0,0,0,345.654,3.2182,0,0,0
O=C1OC(=O)c2c(Br)c(Br)c(Br)c(Br)c21,TOX6084,0,0,0,0,0,0,0,,0,0,0,0,463.701,4.0472,0,3,43.37
CC(=O)Nc1ccc(OC(=O)c2ccccc2OC(C)=O)cc1,TOX2649,1,0,0,0,0,0,0,,0,0,,0,313.309,2.7895,1,5,81.7
CC(=O)c1c(C)c([N+](=O)[O-])c(C(C)(C)C)c([N+](=O)[O-])c1C,TOX5690,0,0,0,0,,0,0,0,0,0,,0,294.307,3.61994,0,5,103.35
C=CC(=C)CCC=C(C)C,TOX5692,0,0,0,0,0,0,0,0,0,1,,0,136.238,3.475,0,0,0
C=CCc1cc(OC)c2c(c1)OCO2,TOX5693,0,0,0,0,0,0,0,0,0,0,0,0,192.214,2.1524,0,3,27.69
Nc1ccc(N)c2ccccc12,TOX5696,0,0,1,,,0,,,,,1,,158.204,2.0042,2,2,52.04
CS(C)=O,TOX1735,0,0,0,0,0,0,0,1,0,0,0,0,78.136,-0.0053,0,1,17.07
CO,TOX1731,0,0,0,0,0,0,0,0,0,0,0,0,32.042,-0.3915,1,1,20.23
CCCO,TOX1739,0,0,0,0,0,0,0,0,0,0,0,0,60.096,0.3887,1,1,20.23
CNC(=O)OCC[N+](C)(C)C,TOX25789,0,0,,0,0,0,0,,0,,0,0,161.225,0.0486,1,2,38.33
c1ccc2cc(CC3=NCCN3)ccc2c1,TOX28423,0,0,1,0,0,0,0,0,0,0,0,0,210.28,2.384,1,2,24.39
C[C@]12N[C@H](Cc3ccccc31)c1ccccc12,TOX25785,0,0,0,0,0,0,0,,0,,,0,221.303,3.1505,1,1,12.03
CC1(C)CCC(NC(=O)[C@@H](N)CCC(=O)O)CC1,TOX25787,0,0,0,0,0,0,0,,0,,0,0,256.346,1.2635,3,3,92.42
Cc1c(C)c2c(c(C)c1O)CC[C@@](C)(CCC[C@H](C)CCC[C@H](C)CCCC(C)C)O2,TOX6339,0,0,0,0,0,0,0,0,0,0,0,0,430.717,8.84026,1,2,29.46
CC[N+](CC)(CC)CCOc1ccc(/C=C/c2ccccc2)cc1,TOX25781,0,0,0,1,,0,,1,,0,0,0,324.488,5.1123,0,1,9.23
Cc1cccc(C)c1OCC(C)N,TOX25783,0,0,0,0,0,0,0,0,0,0,0,0,179.263,2.02944,1,2,35.25
COc1ccc(OC)c(C(O)C(C)N)c1,TOX25782,0,,,0,0,0,0,,0,,0,0,211.261,1.0844,2,4,64.71
Nc1ccc(Cc2ccc(N)cc2)cc1,TOX2422,0,0,1,0,0,0,0,0,0,0,0,0,198.269,2.4418,2,2,52.04
CN1CCN(CCCN2c3ccccc3Sc3ccccc32)CC1,TOX28554,0,0,0,,0,0,,,0,,,0,339.508,3.9268,0,4,9.72
COc1ccc2[nH]cc(CCNC(C)=O)c2c1,TOX2421,0,0,1,0,1,0,0,0,0,0,0,0,232.283,1.8551,2,2,54.12
CC(=O)OCc1ccco1,TOX5346,0,0,0,0,0,0,0,0,0,0,0,0,140.138,1.3427,0,3,39.44
OCc1ccco1,TOX5347,0,0,0,0,0,0,0,0,0,0,0,0,98.101,0.7719,1,2,33.37
O=C(c1ccc(O)cc1)c1ccc(O)cc1,TOX2425,0,0,1,,1,1,0,0,0,0,,0,214.22,2.3288,2,3,57.53
CN1CCCC(OC(=O)C(O)(c2ccccc2)c2ccccc2)C1,TOX26258,0,0,,0,0,0,0,,0,,,0,325.408,2.5599,1,4,49.77
COC(=O)N(OC)c1ccccc1COc1ccn(-c2ccc(Cl)cc2)n1,TOX12638,0,,,,,,,1,0,0,1,1,387.823,4.2389,0,6,65.82
CC1=NNC(=O)N(/N=C/c2cccnc2)C1,TOX12637,0,0,,0,,0,0,0,0,0,0,0,217.232,0.8166,1,4,69.95
CC[C@@H](C(=O)[C@@H](C)[C@@H](O)[C@H](C)[C@@H]1O[C@@H]([C@@H](CC)C(=O)O)[C@@H](C)C[C@@H]1C)[C@H]1O[C@]2(C=C[C@@H](O)[C@]3(CC[C@@](C)([C@H]4CC[C@](O)(CC)[C@H](C)O4)O3)O2)[C@H](C)C[C@@H]1C,TOX26707,0,,0,0,,0,,,0,,,1,765.038,6.434,4,10,161.21
COCC(=O)N(c1c(C)cccc1C)N1CCOC1=O,TOX12631,0,0,0,0,0,0,0,0,0,0,0,0,278.308,1.65004,0,4,59.08
c1ccc(CNc2[nH]cnc3ncnc2-3)cc1,TOX12630,0,0,1,0,,0,0,0,0,0,,0,225.255,1.9166,2,4,66.49
CC1(C)S[C@@H]2[C@H](NC(=O)[C@H](C(=O)[O-])c3ccsc3)C(=O)N2[C@H]1C(=O)[O-],TOX25561,0,0,0,0,0,0,0,,0,,0,0,382.419,-2.1214,1,8,129.67
C[C@@H](CN(C)C)CN1c2ccccc2Sc2ccccc21.C[C@@H](CN(C)C)CN1c2ccccc2Sc2ccccc21,TOX25560,0,0,0,0,0,0,0,,0,0,,0,596.91,8.974,0,6,12.96
CCC(=O)O[C@@](Cc1ccccc1)(c1ccccc1)[C@@H](C)CN(C)C.O=S(=O)(O)c1ccc2ccccc2c1,TOX25563,0,0,0,0,0,0,0,,0,,0,0,547.717,6.362,1,5,83.91
CCN(CCCc1ccccc1)CCCc1ccccc1.O=C(O)CC(O)(CC(=O)O)C(=O)O,TOX25562,0,0,0,0,0,0,0,0,0,0,0,0,473.566,3.3254,4,5,135.37
Cc1ccc(Cl)c(Nc2ccccc2C(=O)[O-])c1Cl,TOX25567,0,0,0,0,0,0,,0,0,0,0,1,295.145,3.40892,1,3,52.16
CN1CCc2c(c3ccccc3n2Cc2ccccc2)C1.CN1CCc2c(c3ccccc3n2Cc2ccccc2)C1.O=S(=O)(O)c1cccc2c(S(=O)(=O)O)cccc12,TOX25566,0,0,0,,0,0,0,,0,,,0,841.068,8.6882,2,8,125.08
COc1ccc2c(c1)[C@@]13CCCCC1[C@@H](C2)N(C)CC3,TOX25569,0,0,0,0,0,0,0,,0,,0,0,271.404,3.3834,0,2,12.47
CCN(CC)Cc1cc(Nc2ccnc3cc(Cl)ccc23)ccc1O,TOX25568,0,0,0,0,0,0,0,,0,,0,0,355.869,5.1792,2,4,48.39
CCN(CC)c1ccc(N=Nc2ccc(S(=O)(=O)N(C)C)cc2)c(S(=O)(=O)NCC[n+]2ccccc2)c1,TOX28537,0,0,,0,,0,0,,0,,0,0,545.711,3.4645,1,7,115.39
CC[C@H]1O[C@]2(CC[C@@H]1C)C[C@@H]1C[C@@H](CC=C(C)C[C@@H](C)C=CC=C3CO[C@@H]4[C@H](O)C(C)=C[C@@H](C(=O)O1)[C@]34O)O2,TOX14742,0,,0,,,,,,,1,,,542.713,4.9243,2,7,94.45
CO[C@@H]1[C@@H](O[C@@H]2O[C@H](C)[C@@H](O[C@H]3C[C@@](C)(O)[C@@H](O)[C@H](C)O3)[C@H](N(C)C)[C@H]2O)[C@@H](CC=O)C[C@@H](C)[C@@H](O[C@@H]2CC[C@H](N(C)C)[C@@H](C)O2)C=CC=CC[C@@H](C)OC(=O)C[C@H]1O,TOX3594,0,0,0,0,0,0,0,,0,,0,0,843.065,2.3251,4,16,195.38
C1CCN2C[C@@H]3C[C@@H](CN4CCCC[C@H]34)[C@@H]2C1,TOX3591,0,0,0,0,0,0,0,0,0,0,0,0,234.387,2.3451,0,2,6.48
C[C@H]1CN(c2c(F)c(N)c3c(=O)c(C(=O)O)cn(C4CC4)c3c2F)C[C@@H](C)N1,TOX3590,1,0,0,0,0,0,0,0,0,0,0,0,392.406,2.0816,3,6,100.59
O=C1CSC2(CCN(CCCN3c4ccccc4Sc4ccc(Cl)cc43)CC2)N1,TOX3593,0,0,1,,,0,,,0,,1,,446.041,4.9879,1,5,35.58
CC1(C)OC[C@@H](COC(=O)CCc2ccc(OC[C@@H](O)CNCCNC(=O)N3CCOCC3)cc2)O1,TOX28531,0,0,0,0,0,0,0,,0,0,0,0,509.6,0.685,3,9,127.82
CCCCOC(=O)CCCCCCCCC(=O)OCCCC,TOX21847,0,0,0,0,0,0,0,0,0,0,0,0,314.466,4.7938,0,4,52.6
N#C/C(=C1/SC[C@@H](c2ccc(Cl)cc2Cl)S1)n1ccnc1,TOX28533,0,0,1,1,,0,,1,0,,0,0,354.287,5.06088,0,5,41.61
O=C([O-])c1ccccc1Nc1cc(Cl)ccc1C(=O)[O-],TOX28532,0,0,0,0,0,0,0,0,0,1,0,0,289.674,0.8106,1,5,92.29
CCCCCCCCN(C)C,TOX16299,0,0,0,0,0,0,0,0,0,0,0,0,157.301,2.9085,0,1,3.24
Oc1ccc2ccccc2c1,TOX7061,0,0,1,0,1,1,0,1,0,0,1,0,144.173,2.5454,1,1,20.23
CCCCCCCCCCCC(=O)N(C)CC(=O)[O-],TOX7066,0,0,0,0,0,0,0,0,0,0,0,0,270.393,2.1156,0,3,60.44
CCC(C)CO,TOX7069,0,0,0,0,0,0,0,1,0,0,0,0,88.15,1.0248,1,1,20.23
Nc1ncnc2c1ncn2[C@H]1CC[C@@H](CO)O1,TOX3771,0,0,0,0,0,0,0,0,0,0,0,0,235.247,0.0784,2,7,99.08
O=C1[N-]C(=O)C(c2ccccc2)(c2ccccc2)N1,TOX3775,0,0,0,0,0,0,0,0,0,0,0,0,251.265,2.5537,1,2,60.27
O=C(OCC1(COC(=O)c2cccnc2)CCCC(COC(=O)c2cccnc2)(COC(=O)c2cccnc2)C1O)c1cccnc1,TOX28648,0,0,0,0,0,0,0,0,0,0,0,0,640.649,3.512,1,13,176.99
CN1CSC(=S)N(C)C1,TOX4902,0,0,0,,0,0,,1,0,1,0,0,162.283,0.7967,0,3,6.48
O=C1c2ccccc2C(=O)C1c1ccc2ccccc2n1,TOX4906,,0,1,,,0,0,1,1,0,1,0,273.291,3.3976,0,3,47.03
CCOC(=O)OC1=C(c2cc(C)ccc2C)C(=O)NC12CCC(OC)CC2,TOX24342,0,0,0,,,0,0,0,0,0,,1,373.449,3.64524,1,5,73.86
[O-]c1cc(Cl)c(Cl)cc1Cl,TOX21336,0,0,1,0,,0,0,1,0,0,1,0,196.44,2.7204,0,1,23.06
CCCCCC/C=C\CCCCCCCC(=O)O,TOX21197,0,0,0,0,0,0,1,0,0,,0,0,254.414,5.3283,1,1,37.3
C=C(C)[C@@H]1CC=C(C=O)CC1,TOX21190,0,0,0,0,0,0,0,,0,0,0,0,150.221,2.4879,0,1,17.07
COc1ccc(C(C)=O)cc1,TOX24347,0,0,0,0,1,0,0,0,0,0,0,0,150.177,1.8978,0,2,26.3
COc1cc(Cl)ccc1Cl,TOX7452,0,0,0,0,0,0,0,0,0,0,0,0,177.03,3.002,0,1,9.23
CC(=O)CC(=O)N(C)C,TOX7454,0,0,0,0,0,0,0,0,0,0,0,0,129.159,0.0537,0,2,37.38
Cc1cccc(C)c1NC(=O)CN1CCCCCC1,TOX26142,0,0,0,0,0,0,0,0,0,0,0,0,260.381,3.11794,1,2,32.34
Cc1nc2ccccc2n1Cc1ccc(Cl)cc1,TOX26140,0,,0,0,,0,0,1,0,0,,,256.736,4.04642,0,2,17.82
C[C@@H](Cc1ccccc1)N(C)C,TOX26146,0,0,0,0,1,0,0,,0,,0,0,163.264,2.1792,0,1,3.24
O=C(CN1CCNCC1)NC1CCCCC1,TOX26147,0,0,0,0,0,0,0,0,0,0,0,0,225.336,0.3405,2,3,44.37
CCCCNCC(O)c1ccc(O)cc1,TOX26144,0,0,0,0,0,0,0,,0,,0,0,209.289,1.8153,3,3,52.49
CC(Cc1ccccc1)NCc1ccccc1Cl,TOX26145,0,0,0,0,1,0,0,0,0,0,,0,259.78,4.0608,1,1,12.03
COC(=O)C1=C(C)NC(C)=C(C(=O)OC)C1c1ccccc1OC(F)F,TOX26148,0,0,,0,0,0,0,0,0,0,,0,367.348,2.8688,1,6,73.86
CCCCCCCCCCCSCC(=O)O,TOX27545,0,0,0,0,,0,1,0,0,,0,,246.416,4.335,1,2,37.3
COC(CC(C)CCCC(C)(C)O)OC,TOX27547,0,0,0,0,0,0,0,0,0,0,0,0,218.337,2.5727,1,3,38.69
Oc1ccc2c(c1)-c1ccccc1C2,TOX27540,0,0,1,0,1,1,0,1,0,0,1,,182.222,2.9634,1,1,20.23
COC(=O)C(C)N(C(=O)c1ccco1)c1c(C)cccc1C,TOX27543,0,0,0,0,0,0,0,0,0,0,0,0,301.342,3.10474,0,4,59.75
CO/C=C(/C(=O)OC)c1ccccc1COc1cccc(C(F)(F)F)n1,TOX27542,0,,0,,,,,1,0,0,,1,367.323,3.8397,0,5,57.65
C=CC(C)(O)CC/C=C(/C)CCC=C(C)C,TOX27239,0,0,0,,0,0,0,,0,0,0,0,222.372,4.3963,1,1,20.23
CCOC(=O)CC1(C)OCC(C)O1,TOX27549,0,0,0,0,0,0,0,0,0,0,0,0,188.223,1.0911,0,4,44.76
O=C(O)CCCCC1CCSS1,TOX5508,0,0,0,0,0,0,0,1,0,0,0,0,206.332,2.7851,1,3,37.3
COC(=O)CC(C(C)=O)C(=O)OC,TOX21692,0,0,0,0,0,0,0,,0,0,0,0,188.179,-0.0723,0,5,69.67
CC(C)N(Cc1ccccc1)C(=O)C(C)(C)C,TOX21691,0,0,0,0,1,0,0,0,0,0,,0,233.355,3.4697,0,1,20.31
CC1CCC(C(C)CS)CC1S,TOX5501,0,0,0,0,0,0,0,,0,,0,,204.404,3.2869,2,2,0
C=CC(C)(O)CCC=C(C)C,TOX5502,0,0,0,0,0,0,0,0,0,0,0,0,154.253,2.6698,1,1,20.23
C=CC(C)(CCC=C(C)C)OC(=O)c1ccccc1N,TOX5503,0,0,0,0,0,0,0,0,0,0,0,0,273.376,4.1167,1,3,52.32
CCCCC/C=C\C/C=C\CCCCCCCC(=O)O,TOX5505,0,0,0,0,0,0,0,0,0,1,0,0,280.452,5.8845,1,1,37.3
CC/C=C\C/C=C\C/C=C\CCCCCCCC(=O)O,TOX5506,0,0,0,0,0,0,1,1,0,1,0,0,278.436,5.6605,1,1,37.3
COCCC#N,TOX6851,0,0,0,0,0,0,0,0,0,0,0,0,85.106,0.54648,0,2,33.02
O=C(O)CCSSCCC(=O)O,TOX12998,0,0,0,0,0,0,0,0,0,0,0,0,210.276,1.3172,2,4,74.6
CCCC[n+]1ccccc1,TOX29325,0,0,0,0,0,0,0,0,0,0,0,0,136.218,1.7742,0,0,3.88
CCOP(=S)(OCC)Oc1ncn(-c2ccccc2)n1,TOX17612,0,0,1,0,1,0,0,0,0,0,,0,313.319,2.9436,0,7,58.4
CSc1ccc(C=O)cc1,TOX13047,0,0,0,0,0,0,0,0,0,0,0,0,152.218,2.221,0,2,17.07
Cc1c([N+](=O)[O-])c(C)c([N+](=O)[O-])c(C(C)(C)C)c1[N+](=O)[O-],TOX1405,0,0,0,,0,0,0,0,0,0,1,0,297.267,3.32554,0,6,129.42
CNC(=S)N(C)C,TOX1404,0,0,0,0,0,0,0,0,0,0,0,0,118.205,0.0523,1,1,15.27
CCCOCCC,TOX22343,0,0,0,0,0,0,0,0,0,0,0,0,102.177,1.823,0,1,9.23
CCCSP(=S)(OCC)Oc1ccc(Cl)cc1Cl,TOX22349,0,0,1,0,1,,0,,0,0,,0,345.253,5.7764,0,4,18.46
COP(=S)(Oc1cc(Cl)c(Br)cc1Cl)c1ccccc1,TOX20279,0,0,1,,0,0,,,0,0,,,412.072,5.4161,0,3,18.46
CSC(C)(C)/C=N\O,TOX4431,0,0,0,0,,0,0,0,0,0,0,0,133.216,1.588,1,3,32.59
N#Cc1sc2c(=O)c3ccccc3c(=O)c=2sc1C#N,TOX20270,0,,1,,,,,1,0,,,,296.332,2.15134,0,6,81.72
Cc1ccc2ccccc2n1,TOX20271,0,0,,0,0,0,0,0,0,0,0,0,143.189,2.54322,0,1,12.89
CCOP(=S)(OCC)Oc1ccc(Cl)cc1Cl,TOX20274,0,0,1,0,,0,0,0,0,0,,0,315.158,4.6697,0,4,27.69
N#CCCCl,TOX10336,0,0,0,0,0,0,0,0,0,0,0,0,89.525,1.13888,0,1,23.79
ClCBr,TOX1503,0,0,0,0,,0,0,0,0,0,0,0,129.384,1.5776,0,0,0
O=C([O-])C(=O)[O-].[Ca+2],TOX7214,0,0,0,0,0,0,0,0,0,0,0,0,128.096,-3.8946,0,4,80.26
C=CC(C)(C)C,TOX7211,0,0,0,0,0,0,0,0,0,0,,0,84.162,2.2185,0,0,0
CCc1cccc(CC)c1N,TOX7218,0,0,0,0,0,0,0,0,0,0,0,0,149.237,2.3936,1,1,26.02
O=C([O-])c1ccccc1,TOX7219,0,0,0,0,0,0,0,0,0,0,0,0,121.115,0.0501,0,2,40.13
c1ccc2c(c1)-c1cccc3c1c-2cc1ccccc13,TOX3907,0,1,1,0,0,,1,1,0,1,,1,252.316,5.6404,0,0,0
c1ccc2cc3c(ccc4ccccc43)cc2c1,TOX3902,1,0,1,,1,1,0,1,1,0,1,0,228.294,5.1462,0,0,0
CCCCNC(=O)n1c(NC(=O)OC)nc2ccccc21,TOX3900,0,0,1,,,0,0,0,0,,,1,290.323,2.5724,2,5,85.25
CC(C)N1C(=O)c2ccccc2NS1(=O)=O,TOX3901,0,0,0,0,0,0,0,0,0,0,1,0,240.284,1.2075,1,3,66.48
c1cc2ccc3ccc4ccc5cccc6c(c1)c2c3c4c56,TOX3908,0,1,,0,0,0,0,1,0,0,0,1,276.338,6.3282,0,0,0
c1ccc2cc3c(cc2c1)-c1cccc2cccc-3c12,TOX3909,0,,1,,0,,,,0,,,1,252.316,5.6404,0,0,0
CCCCCCCCCCCCCCCC[N+](C)(C)C,TOX17028,0,,0,,1,1,,,0,0,1,,284.552,6.1739,0,0,0
Cc1ccc(C)c(S(=O)(=O)[O-])c1,TOX24578,0,0,0,0,,0,0,0,0,0,,0,185.224,1.20754,0,3,57.2
O=C(C(Cl)Cl)N1CCOC12CCCCC2,TOX24575,0,0,0,0,0,0,0,1,0,0,0,0,252.141,2.3093,0,2,29.54
CC1=CC(C)C(C=O)CC1,TOX24574,0,0,0,0,,0,0,0,0,0,0,0,138.21,2.1777,0,1,17.07
Br[Ca]Br,TOX24577,0,0,0,0,,0,0,0,0,0,,0,199.886,1.3104,0,0,0
CCOC(=O)CC(CC(=O)OCC)(OC(C)=O)C(=O)OCC,TOX24576,0,0,0,0,0,0,0,0,0,0,,0,318.322,0.7578,0,8,105.2
CC(C)c1cccc(O)c1,TOX24571,0,0,0,0,0,0,0,0,0,0,1,0,136.194,2.5156,1,1,20.23
NCCN,TOX24570,0,0,0,0,0,0,0,0,0,0,0,0,60.1,-1.0962,2,2,52.04
CCC(C)(C)C1CCCCC1OC(C)=O,TOX24573,0,0,0,0,0,0,0,1,0,,0,0,212.333,3.5445,0,2,26.3
OCCC(F)(F)C(F)(F)C(F)(F)C(F)(F)C(F)(F)C(F)(F)F,TOX24572,0,0,0,0,0,0,0,0,0,0,0,0,364.101,4.1076,1,1,20.23
COc1ccc(CCN(C)CCCC(C#N)(c2cc(OC)c(OC)c(OC)c2)C(C)C)cc1OC,TOX27844,0,0,0,0,0,0,0,0,0,0,0,0,484.637,5.10168,0,7,73.18
COc1cc2c(cc1OC)-c1cc3ccc(OC)c(OC)c3c[n+]1CC2,TOX27845,0,0,,0,0,0,0,0,0,0,1,0,352.41,3.3848,0,4,40.8
CCCC[P+](C)(CCCC)CCCC.COS(=O)(=O)[O-],TOX27846,0,0,,0,,,0,,0,0,,0,328.455,4.1271,0,4,66.43
CCCCCCn1cc[n+](C)c1.O=S(=O)([O-])C(F)(F)F,TOX27847,0,0,0,0,,0,0,1,0,0,,0,316.345,1.9443,0,4,66.01
C[n+]1ccn(CCO)c1,TOX27848,0,0,,0,0,0,0,,0,0,0,0,127.167,-0.6951,1,2,29.04
CCCCCCCCn1cc[n+](C)c1,TOX27849,0,0,0,1,,,0,1,,0,1,,195.33,2.6731,0,1,8.81
C[C@@H]([C@H](O)c1ccccc1)N(C)C,TOX25992,0,0,0,0,0,0,0,,0,,0,0,179.263,1.6701,1,2,23.47
OC[C@H]1O[C@@H](n2cnc3c(O)ncnc32)[C@H](O)[C@@H]1O,TOX25993,0,0,0,0,0,0,0,0,0,0,0,0,268.229,-1.8566,4,9,133.75
Cc1ccc(C(C)C)cc2c(C)ccc1-2,TOX25996,,,,,,,,,,0,,,198.309,4.53164,0,0,0
CO[C@H]1C=CO[C@@]2(C)Oc3c(C)c(O)c4c(O)c(c5c(nc6cc(C)ccn65)c4c3C2=O)NC(=O)C(C)=CC=C[C@H](C)[C@H](O)[C@@H](C)[C@@H](O)[C@@H](C)[C@H](OC(C)=O)[C@@H]1C,TOX25998,0,0,,0,0,0,0,,0,,,0,785.891,6.15784,5,13,198.38
CN(C)N,TOX516,0,0,0,0,0,0,0,0,0,0,0,0,60.1,-0.5783,1,2,29.26
CN(C)C=O,TOX515,0,0,0,0,0,0,0,0,0,0,0,0,73.095,-0.2956,0,1,20.31
CN(C)C(=O)Cl,TOX512,0,0,0,0,0,0,0,0,0,0,0,0,107.54,0.9068,0,1,20.31
Cc1c2ccccc2c(C)c2c1ccc1ccccc12,TOX510,0,0,1,1,1,,1,1,0,1,,1,256.348,5.76304,0,0,0
O=C1NCN(c2ccccc2)C12CCN(CC1COc3ccccc3O1)CC2,TOX25198,0,0,0,0,,0,0,0,0,0,0,0,379.46,2.2549,1,5,54.04
c1ccc2nc(N3CCNCC3)ccc2c1,TOX25190,,,,,,,,0,,0,,,213.284,1.6444,1,3,28.16
CN/C(=C\[N+](=O)[O-])NCCSCc1ccc(CN(C)C)o1,TOX25191,0,0,0,0,0,0,0,0,0,0,0,0,314.411,1.459,2,7,83.58
Nc1nc2ccc(OC(F)(F)F)cc2s1,TOX25192,0,0,1,,1,,0,0,1,0,0,1,234.202,2.7771,1,4,48.14
Cc1nc2n(c(=O)c1CCN1CCC(c3noc4cc(F)ccc34)CC1)CCCC2,TOX25193,0,0,0,0,0,0,0,,0,0,0,0,410.493,3.59042,0,6,64.16
C1COC(NC(C2CC2)C2CC2)=N1,TOX25194,,,,,,,,0,,0,,,180.251,1.1508,1,3,33.62
CCCN(CCC)CCc1cccc2c1CC(=O)N2,TOX25195,0,0,0,0,0,0,0,0,0,0,0,0,260.381,2.8457,1,2,32.34
COc1ccccc1OCC(O)CN1CCN(CC(=O)Nc2c(C)cccc2C)CC1,TOX25196,0,0,0,0,0,0,0,0,0,0,0,0,427.545,2.30804,2,6,74.27
C[C@]12CC[C@H]3[C@@H](CC[C@H]4CC(=O)CC[C@@]43C)[C@@H]1CC[C@@H]2O,TOX2364,1,1,0,,1,1,0,1,0,0,1,0,290.447,3.9591,1,2,37.3
C[C@]12CC[C@@H]3c4ccc(O)cc4CC[C@H]3[C@@H]1CCC2=O,TOX2367,1,0,0,0,1,1,0,0,0,0,1,0,270.372,3.8174,1,2,37.3
C[C@]12CC[C@@H]3c4ccc(O)cc4CC[C@H]3[C@@H]1C[C@@H](O)[C@@H]2O,TOX2366,0,0,0,0,1,1,0,0,0,0,0,0,288.387,2.58,3,3,60.69
C=CC1(C)OC(=O)N(c2cc(Cl)cc(Cl)c2)C1=O,TOX2361,0,0,0,0,0,0,0,0,0,0,0,0,286.114,3.4213,0,3,46.61
CC(C)(C)CC(C)(C)c1ccc(O)cc1,TOX2360,0,0,0,,1,1,0,,0,,1,,206.329,4.106,1,1,20.23
C[C@]12CC[C@@H]3c4ccc(O)cc4C[C@@H](CCCCCCCCCS(=O)CCCC(F)(F)C(F)(F)F)[C@H]3[C@@H]1CC[C@@H]2O,TOX2369,0,,,1,,0,0,1,0,0,1,0,606.782,8.6826,2,3,57.53
CC(=O)NC(Cc1ccccc1)C(=O)O,TOX25697,0,0,,0,0,0,0,0,0,0,0,0,207.229,0.8184,2,2,66.4
C#C[C@]1(O)CC[C@H]2[C@@H]3CCC4=CC(=O)CC[C@]4(C)[C@H]3CC[C@@]21C,TOX3016,1,1,0,0,1,1,0,0,0,0,0,0,312.453,3.8826,1,2,37.3
C#CC(O)(/C=C\Cl)CC,TOX3010,,,,,,,,0,,0,,,144.601,1.5132,1,1,20.23
CCN(CC)S(=O)(=O)c1ccc(C(=O)O)cc1,TOX3011,0,0,0,0,0,0,0,0,0,0,0,0,257.311,1.4153,1,3,74.68
CCC1(C)CC(=O)NC1=O,TOX3019,0,0,0,0,0,0,0,0,0,0,0,0,141.17,0.4492,1,2,46.17
BrCCCCCCBr,TOX24452,0,0,0,0,0,0,0,,0,0,0,0,243.97,3.3366,0,0,0
O=c1[nH]c(=O)c2[nH]c(=O)[nH]c2[nH]1,TOX22508,0,0,0,0,0,0,0,,0,,0,0,168.112,-1.7672,4,3,114.37
CC(C)CC(=O)C1C(=O)c2ccccc2C1=O,TOX22509,0,0,1,0,0,0,,0,,0,1,0,230.263,2.297,0,3,51.21
O=C([O-])c1cc2cc(Cc3cccnc3)ccc2o1,TOX25226,0,0,,0,1,,0,,0,,0,0,252.249,1.7821,0,4,66.16
NC(=O)Nc1ccccc1,TOX22507,0,0,0,0,0,0,0,0,0,0,0,0,136.154,1.1772,2,1,55.12
CCCOc1ccccc1-c1nc2[nH]nnc2c(=O)[nH]1,TOX25224,0,,0,0,0,0,0,0,0,0,0,0,271.28,1.497,2,5,96.55
O=P([O-])(O)C(Cl)(Cl)P(=O)([O-])O,TOX25225,0,0,0,0,0,0,0,,0,,0,0,242.875,-0.8333,2,4,120.72
O=C(NCCNCC(O)COc1ccc(O)cc1)N1CCOCC1,TOX25222,0,0,0,0,0,0,0,,0,,0,0,339.392,-0.2367,4,6,103.29
CCCCOC(CC)OC(C)COC(O)CC,TOX22503,0,0,0,0,0,0,0,0,0,0,0,0,248.363,2.6893,1,4,47.92
CCN(Cc1ccncc1)C(=O)C(CO)c1ccccc1,TOX25220,0,0,0,1,0,0,0,0,0,0,0,0,284.359,2.2062,1,3,53.43
CC(C)(C)C1CCC(O)CC1,TOX6623,0,0,0,0,0,0,0,0,0,0,0,0,156.269,2.5836,1,1,20.23
O=c1[nH]cnc2c1ncn2[C@H]1CC[C@@H](CO)O1,TOX2927,0,0,0,0,0,0,0,0,0,0,0,0,236.231,-0.2105,2,6,93.03
CCc1nc(C)c[nH]1,TOX24744,0,0,0,0,0,0,0,0,0,0,0,0,110.16,1.28052,1,1,28.68
Cc1ccc(Cl)c(O)c1,TOX26558,,,,,,,,0,,0,,,142.585,2.35402,1,1,20.23
CC1(C)C(=O)C(C)(C)C1=O,TOX24745,0,0,0,0,0,0,0,0,0,0,0,0,140.182,1.1906,0,2,34.14
NC(=O)C1c2ccccc2CCc2ccccc21,TOX26551,0,0,0,0,0,0,0,,0,,0,0,237.302,2.4024,1,1,43.09
NCCOCCOCCN,TOX24742,0,0,0,0,0,0,0,,0,0,,0,148.206,-1.063,2,4,70.5
C#C[C@]1(O)CC[C@H]2[C@@H]3CCc4cc(OC5CCCC5)ccc4[C@H]3CC[C@@]21C,TOX26553,0,0,0,0,1,1,0,,0,0,,0,364.529,5.2284,1,2,29.46
CC[C@H](C)[C@@H]1NC(=O)[C@H](Cc2ccc(O)cc2)NC(=O)[C@@H](N)CSSC[C@@H](C(=O)N2CCC[C@H]2C(=O)N[C@@H](CC(C)C)C(=O)NCC(N)=O)NC(=O)[C@H](CC(N)=O)NC(=O)[C@H](CCC(N)=O)NC1=O,TOX26552,0,0,0,0,1,1,0,,0,,0,0,1007.207,-3.6086,12,15,399.53
CC(C)(C)C(=O)C(Oc1ccc(Cl)cc1)n1ccnc1,TOX26555,0,0,1,1,0,0,0,0,0,1,,0,292.766,3.7293,0,4,44.12
O=C(O)Cn1c2ccccc2c(=O)c2ccccc21,TOX26557,0,,0,0,1,,,,0,,0,1,253.257,2.2393,1,3,59.3
O=C(NC(=O)c1c(F)cccc1F)Nc1ccc(Cl)c(Oc2ncc(C(F)(F)F)cc2Cl)c1,TOX26556,0,0,0,0,0,0,0,,0,,1,1,506.214,6.4396,2,4,80.32
CN1CCN(C(=O)O[C@H]2c3nccnc3C(=O)N2c2ccc(Cl)cn2)CC1,TOX26086,0,0,0,0,0,0,0,0,0,0,,0,388.815,1.568,0,7,91.76
CCCCCCCCCCCCc1ccccc1,TOX6994,0,0,0,0,0,0,0,0,0,0,0,0,246.438,6.15,0,0,0
C=CC1=C(C(=O)O)N2C(=O)[C@@H](NC(=O)/C(=N/O)c3csc(N)n3)[C@H]2SC1,TOX26084,0,0,0,0,0,0,0,,0,,0,0,395.422,-0.1718,4,9,158.21
O=C1CCc2ccc(OCCCCN3CCN(c4cccc(Cl)c4Cl)CC3)cc2N1,TOX26083,0,,0,0,,0,0,,0,,,,448.394,4.8593,1,4,44.81
CCOC(=O)C1=C(C)NC(C)=C(C(=O)OC)C1c1cccc([N+](=O)[O-])c1,TOX3373,0,0,,0,,0,0,0,0,0,1,0,360.366,2.5657,1,7,107.77
Cc1cc(OI)c(C(C)C)cc1-c1cc(C(C)C)c(OI)cc1C,TOX26081,0,0,0,0,0,0,0,0,0,0,,0,550.218,7.67484,0,2,18.46
CCOP(OCC)OCC,TOX6991,0,0,0,0,0,0,0,0,0,0,0,0,166.157,2.3228,0,3,27.69
CC(C)CC(=O)CC(C)CC(C)C,TOX6998,0,0,0,0,0,0,0,0,0,0,0,0,184.323,3.6739,0,1,17.07
CCc1nn(CCCN2CCN(c3cccc(Cl)c3)CC2)c(=O)n1CCOc1ccccc1,TOX26088,0,0,,,,0,,,0,0,,0,470.017,3.5519,0,7,55.53
O=[N+]([O-])c1ccc2ncccc2c1,TOX984,0,0,0,0,0,0,0,0,0,0,1,0,174.159,2.143,0,3,56.03
O=[N+]([O-])c1cccc2cccnc12,TOX985,0,0,1,0,0,0,0,1,0,0,0,0,174.159,2.143,0,3,56.03
CC(C)n1c(/C=C/[C@@H](O)C[C@@H](O)CC(=O)O)c(-c2ccc(F)cc2)c2ccccc21,TOX636,0,0,1,1,0,0,,,0,0,0,,411.473,4.6281,3,4,82.69
C=O,TOX637,0,0,0,0,0,0,0,0,0,0,,0,30.026,-0.1849,0,1,17.07
O=c1[nH]cc(F)c(=O)[nH]1,TOX634,0,0,0,0,0,0,0,0,1,0,0,1,130.078,-0.7977,2,2,65.72
C[C@]12Cc3nonc3C[C@@H]1CC[C@@H]1[C@@H]2CC[C@@]2(C)[C@H]1CC[C@]2(C)O,TOX26889,1,1,0,,,,,,,0,,0,330.472,3.778,1,4,59.15
Cn1c(CCCC(=O)O)nc2cc(N(CCCl)CCCl)ccc21,TOX26888,0,0,0,0,0,0,0,0,0,0,0,1,358.269,3.2646,1,4,58.36
CN[C@@H]1[C@@H](O)[C@@H](O[C@H]2[C@H](N)C[C@H](N)[C@@H](O[C@H]3OC(CN)=CC[C@H]3N)[C@H]2O)OC[C@@]1(C)O,TOX26887,,,,,,,,0,,0,,,447.533,-3.8515,8,12,213.72
O=C(NNCS(=O)(=O)[O-])c1ccncc1,TOX26885,0,0,,0,0,0,0,,0,,0,0,230.225,-1.1813,2,6,111.22
CCCCCCCCCC(=O)NO,TOX26883,0,0,,,0,0,0,,0,,0,1,187.283,2.6325,2,2,49.33
CCC(C)C(N)C(=O)O,TOX26882,,,,,,,,0,,0,,,131.175,0.4444,2,2,63.32
CC(C)c1cc2c(cc1S(=O)(=O)O)[C@@]1(C)CCC[C@@](C)(C(=O)O)[C@@H]1CC2,TOX26881,0,0,0,0,0,0,0,,0,,0,0,380.506,4.1516,2,3,91.67
C[N+](C)(C)CC[N+]1(C)Cc2c(Cl)c(Cl)c(Cl)c(Cl)c2C1,TOX26332,0,0,0,0,0,0,0,1,0,0,0,0,358.14,4.4666,0,0,0
CCCCCCC(C)(C)S,TOX7868,0,0,0,0,0,0,0,0,0,0,0,0,160.326,3.6652,1,1,0
Cc1nnc2n1-c1ccc(Cl)cc1C(c1ccccc1)=NC2,TOX2577,0,0,0,,,0,,,1,,0,0,308.772,3.58012,0,4,43.07
CCc1ccccc1CC,TOX7866,0,0,0,0,0,0,0,0,0,0,0,0,134.222,2.8114,0,0,0
CCOP(=O)(NC(C)C)Oc1ccc(SC)c(C)c1,TOX4102,0,0,1,0,0,0,0,,0,0,0,0,303.364,4.23832,1,4,47.56
COC(=O)c1ccccc1S(=O)(=O)NC(=O)N(C)c1nc(C)nc(OC)n1,TOX4101,0,0,0,0,,0,0,0,0,0,0,0,395.397,0.50992,1,9,140.68
CCOC(=O)COC(=O)c1ccccc1C(=O)OCC,TOX4100,0,0,0,0,0,0,0,0,0,0,0,0,280.276,1.5832,0,6,78.9
Cn1cc(-c2ccccc2)c(=O)c(-c2cccc(C(F)(F)F)c2)c1,TOX4107,0,0,0,0,0,0,0,0,0,0,0,0,329.321,4.7381,0,2,22
c1ccc2c(c1)Cc1ccccc1-2,TOX4105,0,0,0,0,0,0,0,0,0,0,0,0,166.223,3.2578,0,0,0
c1ccc2c(c1)-c1cccc3cccc-2c13,TOX4104,0,0,0,0,1,1,0,0,0,0,1,0,202.256,4.4872,0,0,0
CC(=O)CC(C)(C)C1CCCCC1,TOX27682,0,0,0,0,0,0,0,0,0,0,0,0,182.307,3.572,0,1,17.07
CC1(O)CSC(C)(O)CS1,TOX27683,0,0,0,,0,0,,,0,0,,,180.294,0.8834,2,4,40.46
CC(C)Oc1cccc(NC(=O)c2ccccc2C(F)(F)F)c1,TOX4109,0,0,1,0,0,0,0,,0,0,,0,323.314,4.7449,1,2,38.33
CC(C)C(O)(c1ccc(OC(F)(F)F)cc1)c1cncnc1,TOX4108,0,0,0,0,0,0,0,0,0,0,0,0,312.291,3.2671,1,4,55.24
CC1(C)CCC[C@@]2(C)[C@H]1CC[C@@]1(C)OC(=O)C[C@H]21,TOX27686,0,0,0,,0,0,0,,0,0,,0,250.382,3.9346,0,2,26.3
O=C1O[C@H]([C@@H](O)CO)C([O-])=C1O.O=C1O[C@H]([C@@H](O)CO)C([O-])=C1O,TOX27687,0,0,0,0,0,0,0,0,0,,0,0,350.232,-5.2102,6,12,220.1
C/C=C(\C)C(=O)OCCc1ccccc1,TOX27684,0,0,0,0,0,0,0,0,0,0,,0,204.269,2.7385,0,2,26.3
CN1[C@H]2CC[C@@H]1C[C@H](OC(=O)C(O)c1ccccc1)C2,TOX25099,1,0,0,0,0,0,0,0,0,0,0,0,275.348,1.8884,1,4,49.77
CCNc1nc(NC(C)CC)nc(OC)n1,TOX17594,0,0,1,0,0,0,0,0,0,1,0,0,225.296,1.5224,2,6,71.96
CCNc1nc(NCC)nc(SC)n1,TOX17596,0,0,0,0,0,0,0,0,0,0,0,0,213.31,1.4571,2,6,62.73
C#CC(C)N(C)C(=O)Nc1ccc(Cl)cc1,TOX21699,0,0,1,,0,0,0,0,0,0,0,0,236.702,2.8254,1,1,32.34
CC(=O)OC/C=C(/C)CCC=C(C)C,TOX27068,0,0,0,0,0,0,0,0,0,0,0,0,196.29,3.2422,0,2,26.3
CCCC(=O)C(C)=O,TOX27066,0,0,0,0,0,0,0,0,0,0,0,0,114.144,0.9446,0,2,34.14
Cc1ccnc2ccccc12,TOX27067,0,0,,0,0,0,0,0,0,0,,0,143.189,2.54322,0,1,12.89
O=C(O)CCc1ccccc1,TOX27064,0,0,0,0,0,0,0,0,0,0,0,0,150.177,1.7038,1,1,37.3
COc1ccccc1OC,TOX27065,0,0,0,0,0,0,0,0,0,0,0,0,138.166,1.7038,0,2,18.46
CCC/C=C/CO,TOX27062,0,0,0,0,0,0,0,0,0,0,0,0,100.161,1.335,1,1,20.23
COc1cccc(OC)c1,TOX27060,0,0,0,0,0,0,0,0,0,0,0,0,138.166,1.7038,0,2,18.46
CCCCCCCCCCCCCCCCC,TOX27061,0,0,0,0,1,0,0,0,0,0,0,0,240.475,6.8777,0,0,0
C=C[C@@]1(C)CC(=O)[C@@]2(O)[C@](C)(O1)[C@@H](OC(C)=O)[C@@H](O)[C@H]1C(C)(C)CC[C@H](O)[C@@]12C,TOX20484,0,0,0,1,,0,0,0,1,0,,0,410.507,1.5199,3,7,113.29
O=S(=O)(O)c1ccc2[nH]c(-c3ccccc3)nc2c1,TOX18852,0,0,0,0,0,0,0,0,0,0,0,0,274.301,2.4766,2,3,83.05
CCC(C)c1nccnc1OC,TOX27082,0,0,0,0,0,0,0,0,0,0,0,0,166.224,1.9987,0,3,35.01
Cc1cc(C(=C2C=CC(=Nc3ccc(S(=O)(=O)[O-])cc3S(=O)(=O)O)C=C2)c2ccc(Nc3ccc(S(=O)(=O)[O-])cc3)cc2)ccc1N,TOX24904,0,0,0,0,0,0,0,0,0,0,0,0,691.765,5.07632,3,11,219.18
CC1(C)CC(=O)CC(C)(C)N1[O],TOX24905,0,0,0,,0,0,0,0,0,0,0,0,170.232,1.554,0,2,40.21
OCC1CC2CC1C1CCC(CO)C21,TOX24900,0,0,0,0,0,0,0,0,0,0,0,0,196.29,1.2694,2,2,40.46
C=CCOC(=O)c1ccc(C(=O)OCC=C)c(C(=O)OCC=C)c1,TOX24901,0,0,0,0,0,0,,0,0,0,0,0,330.336,2.715,0,6,78.9
CCC(C)(CCC(C)C)C(=O)[O-].CCC(C)(CCC(C)C)C(=O)[O-],TOX24902,0,0,0,0,0,0,0,0,0,0,0,0,342.52,3.1776,0,4,80.26
CCOC(=O)/C=C(\C)O[Ti](O/C(C)=C/C(=O)OCC)(OC(C)C)OC(C)C,TOX24903,0,0,0,0,0,0,0,,0,,0,0,424.313,3.6173,0,8,89.52
CC1(C)C(O)C(C)(C)C1O,TOX24908,0,0,0,0,0,0,0,0,0,0,0,0,144.214,0.7742,2,2,40.46
CCC1(c2ccccc2)C(=O)N(COC)C(=O)N(COC)C1=O,TOX25710,0,0,0,0,0,0,0,0,0,0,0,0,320.345,1.333,0,5,76.15
O=C1OC(=O)c2cccc3cccc1c23,TOX6505,0,0,1,,0,0,0,,0,0,1,0,198.177,2.1504,0,3,43.37
CN1CCC(=C2c3ccccc3Sc3ccccc32)CC1,TOX25863,0,0,,,0,,0,0,0,0,,,293.435,4.6787,0,2,3.24
CN(C)[C@@H]1C(O)=C(C(=O)NCN[C@@H](CCCCN)C(=O)O)C(=O)[C@@]2(O)C(O)=C3C(=O)c4c(O)cccc4[C@@](C)(O)C3C[C@@H]12,TOX25344,0,0,0,0,0,0,0,,0,,0,0,602.641,-0.4542,9,12,242.98
CCOC(=O)CCC(=O)O[C@H]1[C@H](O[C@@H]2[C@@H](C)[C@H](O[C@H]3C[C@@](C)(OC)[C@@H](O)[C@H](C)O3)[C@@H](C)C(=O)O[C@H](CC)[C@@](C)(O)[C@H](O)[C@@H](C)C(=O)[C@H](C)C[C@@]2(C)O)O[C@H](C)C[C@@H]1N(C)C,TOX2993,0,0,0,0,0,0,0,,0,,0,0,862.064,2.6798,4,17,226.28
O=C(O)CC(C(=O)O)S(=O)(=O)O,TOX22426,0,0,0,0,0,0,0,0,0,,0,0,198.152,-1.1979,3,4,128.97
CO[C@H]1[C@@H](O)[C@H](N)[C@@H](O[C@H]2O[C@H]([C@H](C)N)CC[C@H]2N)[C@H](O)[C@@H]1N(C)C(=O)CN,TOX2624,0,0,0,0,1,0,0,,0,,0,0,405.496,-3.5854,6,10,192.54
CCC(=O)O[C@H]1[C@H](O[C@@H]2[C@@H](C)[C@H](O[C@H]3C[C@@](C)(OC)[C@@H](O)[C@H](C)O3)[C@@H](C)C(=O)O[C@H](CC)[C@@](C)(O)[C@H](O)[C@@H](C)C(=O)[C@H](C)C[C@@]2(C)O)O[C@H](C)C[C@@H]1N(C)C,TOX2994,,,,,,,,0,,0,,,790.001,2.7465,4,15,199.98
CC(C)NCC(O)COc1ccc(CC(N)=O)cc1,TOX2628,0,0,0,0,0,0,0,0,0,0,,0,266.341,0.4521,3,4,84.58
CCCNC(C)(C)COC(=O)c1ccccc1,TOX25341,0,0,0,0,0,0,1,0,0,0,0,0,235.327,2.6216,1,3,38.33
C[C@]12CC[C@@H]3c4ccc(OC(=O)c5ccccc5)cc4CC[C@H]3[C@@H]1CC[C@@H]2O,TOX2998,1,1,0,0,1,1,0,,0,,,0,376.496,5.1228,1,3,46.53
C[C@]12CC[C@@H]3c4ccc(O)cc4CC[C@H]3[C@@H]1CC[C@@H]2OC(=O)CCC1CCCC1,TOX2999,1,1,0,0,1,1,0,0,0,,1,0,396.571,6.1305,1,3,46.53
CC(=O)OC[C@H]1O[C@H](O[C@]2(COC(C)=O)O[C@H](COC(C)=O)[C@@H](OC(C)=O)[C@@H]2OC(C)=O)[C@H](OC(C)=O)[C@@H](OC(C)=O)[C@@H]1OC(C)=O,TOX22423,0,0,0,0,0,0,0,0,0,0,0,0,678.593,-0.8292,0,19,238.09
OCC(O)c1ccccc1,TOX22422,0,0,0,0,0,0,0,0,0,0,0,0,138.166,0.7123,2,2,40.46
CC1=CC(=O)c2ccccc2C1=O,TOX1715,0,0,1,0,,,0,1,0,,,1,172.183,2.0119,0,2,34.14
Cc1cc(O)ccc1Cl,TOX1717,0,0,0,0,1,0,0,0,0,0,1,0,142.585,2.35402,1,1,20.23
Oc1c(Cl)cc(Cl)c(Cl)c1Cl,TOX1716,0,0,1,,,0,0,1,0,0,1,1,231.893,4.0058,1,1,20.23
c1ccc(CC2=NCCN2)cc1,TOX1718,0,0,0,0,0,0,0,0,0,0,0,0,160.22,1.2308,1,2,24.39
COC(=O)[C@@H](N)Cc1ccc(O)c(O)c1,TOX25763,0,0,,0,0,0,0,0,0,0,0,0,211.217,0.1406,3,5,92.78
CCc1cccc(N(C)C(=N)Nc2cccc3ccccc23)c1,TOX25762,0,0,0,,0,0,0,,0,0,0,0,303.409,4.88527,2,1,39.12
CCOC(=O)c1cnc2c(cnn2CC)c1NN=C(C)C,TOX25767,0,0,1,0,0,0,0,0,0,0,,0,289.339,2.4356,1,7,81.4
CCCCCCCCCCCCCCCCCCOC[C@H](COP(=O)([O-])OCC[N+](C)(C)C)OC,TOX25766,0,0,,0,0,0,0,,0,,0,0,523.736,6.4873,0,6,77.05
NCCCC(N)(C(=O)O)C(F)F,TOX25765,0,0,0,0,0,0,0,0,0,0,,0,182.17,-0.2275,3,3,89.34
C[C@]12CC[C@H]3[C@@H](CC=C4C[C@@H](OS(=O)(=O)[O-])CC[C@@]43C)[C@@H]1CCC2=O,TOX25764,1,0,0,0,1,0,0,,0,,0,0,367.487,3.3637,0,5,83.5
CCc1cc(Cl)c(OC)c(C(=O)NC[C@@H]2CCCN2CC)c1O,TOX25769,0,0,0,1,1,0,,0,0,0,,0,340.851,2.8307,2,4,61.8
CCCCCCCCCCCCCCC[C@H](O)[C@@H](N)CO,TOX25768,0,0,,0,0,0,0,0,0,0,,0,301.515,4.1482,3,3,66.48
CCCCCCC(O)CO,TOX16646,0,0,0,,0,0,0,0,0,0,0,0,146.23,1.31,2,2,40.46
C=C(C)C(=O)OCc1ccccc1,TOX2193,0,0,0,0,0,0,0,0,0,0,0,0,176.215,2.3059,0,2,26.3
C=C(C)C(=O)OCC1CCCO1,TOX2191,0,0,0,0,0,0,0,0,0,0,0,0,170.208,1.2847,0,3,35.53
C=CC(=O)OCCCCCC,TOX2194,0,0,0,0,0,0,0,0,0,0,0,0,156.225,2.2959,0,2,26.3
Cc1ccn2nc(S(=O)(=O)Nc3c(F)cccc3F)nc2n1,TOX12615,0,0,0,0,0,0,0,0,0,0,0,0,325.3,1.51172,1,6,89.25
CCCN(CCCl)c1c([N+](=O)[O-])cc(C(F)(F)F)cc1[N+](=O)[O-],TOX12614,0,0,0,0,0,0,0,0,0,0,,0,355.7,3.977,0,5,89.52
CCCSP(=O)(OCC)SCCC,TOX12611,0,0,0,0,0,0,0,0,0,0,0,0,242.346,4.4174,0,4,26.3
CCOc1ccc(C(C)(C)COCc2cccc(Oc3ccccc3)c2)cc1,TOX12610,0,0,0,0,0,0,0,,0,0,0,0,376.496,6.372,0,3,27.69
COP(=S)(OC)Oc1ccc([N+](=O)[O-])c(C)c1,TOX12613,0,0,1,1,0,0,0,0,0,,,0,277.238,2.79932,0,6,70.83
CCOP(=S)(OCC)OC(Cl)C(Cl)(Cl)Cl,TOX12344,0,0,0,1,,0,0,,0,0,1,,336.004,4.2356,0,4,27.69
O=C1c2ccccc2C(=O)C1C(=O)C(c1ccccc1)c1ccc(Cl)cc1,TOX12348,0,0,,,0,0,,,,,1,,374.823,4.7364,0,3,51.21
CC(C)(C)N(NC(=O)c1ccc(Cl)cc1)C(=O)c1ccccc1,TOX12619,0,0,0,0,,0,0,0,0,0,1,0,330.815,3.9257,1,2,49.41
O=C(O)/C=C/c1ccc(Cn2ccnc2)cc1,TOX25506,0,0,0,0,0,0,0,0,0,0,0,0,228.251,2.0292,1,3,55.12
CCOC(=O)O[C@]1(C(=O)COC(=O)CC)CC[C@H]2[C@@H]3CCC4=CC(=O)C=C[C@]4(C)[C@H]3[C@@H](O)C[C@@]21C,TOX25502,1,1,,,0,0,,,0,,,0,488.577,3.6993,1,8,116.2
CS(=O)(=O)c1ccc([C@@H](O)[C@@H](CF)NC(=O)C(Cl)Cl)cc1,TOX25500,0,0,0,0,0,0,0,0,0,0,0,0,358.218,1.3815,2,4,83.47
CC(=O)[C@@]1(O)CC[C@H]2[C@@H]3C[C@H](C)C4=CC(=O)CC[C@]4(C)[C@H]3CC[C@@]21C,TOX16508,1,1,0,,,0,0,,0,0,0,0,344.495,4.0844,1,3,54.37
C[C@@H]1CN([C@H]2CC[C@](C#N)(c3ccc(F)cc3)CC2)CC[C@]1(C(=O)O)c1ccccc1,TOX25508,0,0,0,0,0,0,0,0,0,0,0,0,420.528,4.89408,1,3,64.33
O=C(O)c1cc(O)c2c(c1)[C@H]([C@H]1c3cc(C(=O)O)cc(O)c3C(=O)c3c(O[C@@H]4O[C@H](CO)[C@@H](O)[C@H](O)[C@H]4O)cccc31)c1cccc(O[C@@H]3O[C@H](CO)[C@@H](O)[C@H](O)[C@H]3O)c1C2=O,TOX3576,0,0,0,0,0,0,0,,0,,0,0,862.746,-1.0956,12,18,347.96
O=C(Oc1ccccc1C(=O)O)c1ccccc1O,TOX3572,0,0,0,0,1,0,0,0,0,0,0,0,258.229,2.3096,2,4,83.83
OCc1cc(C(O)CNCCCCCCOCCCCc2ccccc2)ccc1O,TOX3571,0,0,0,,,0,,,0,,,0,415.574,4.1074,4,5,81.95
CCC(=O)OC(=O)CC,TOX7007,0,0,0,0,0,0,0,,0,0,0,0,130.143,0.8762,0,3,43.37
Cc1c(C)c2c(c(C)c1O)CCC(C)(COc1ccc(CC3SC(=O)NC3=O)cc1)O2,TOX3719,0,0,0,,,0,1,1,0,1,1,1,441.549,4.37426,2,6,84.86
Cc1ccc(/C(=C\CN2CCCC2)c2ccccn2)cc1,TOX3718,0,0,0,0,0,0,0,0,0,0,0,0,278.399,3.91752,0,2,16.13
COc1cc(C(=O)N2CCOCC2)cc(OC)c1OC,TOX3713,0,0,0,0,0,0,0,0,0,0,0,0,281.308,1.1848,0,5,57.23
COc1cc(Cc2cnc(N)nc2N)cc(OC)c1OC,TOX3712,0,0,0,0,0,0,0,0,0,0,0,0,290.323,1.2576,2,7,105.51
Cc1cc2cc3c(C)cc(=O)oc3c(C)c2o1,TOX3716,0,0,,0,0,0,0,0,0,0,0,0,228.247,3.46446,0,3,43.35
CCOP(=S)(OCC)Oc1cnc2ccccc2n1,TOX4291,0,0,1,0,1,1,0,0,0,0,0,0,298.304,3.3061,0,6,53.47
Nc1ccc(C=Cc2ccc(N)cc2S(=O)(=O)O)c(S(=O)(=O)O)c1,TOX4926,,,,,,,,0,,0,,,370.408,1.5148,4,6,160.78
NC1CCC(CC2CCC(N)CC2)CC1,TOX4921,0,0,0,0,0,0,0,0,0,0,0,0,210.365,2.4115,2,2,52.04
N#C/C(N)=C(/N)C#N,TOX4923,0,0,1,0,0,0,0,0,0,0,0,0,108.104,-0.83744,2,4,99.62
NCCCCCCN,TOX4922,0,0,0,0,0,0,0,0,0,0,0,0,116.208,0.4642,2,2,52.04
C[C@H]1[C@H](c2ccc(Cl)cc2)SC(=O)N1C(=O)NC1CCCCC1,TOX4299,0,0,0,0,,0,,1,0,0,,0,352.887,4.9807,1,3,49.41
CCCC[Sn](CCCC)(CCCC)O[Sn](CCCC)(CCCC)CCCC,TOX166,0,,,,,,1,1,0,1,1,,596.117,9.6946,0,1,9.23
CC(CCl)OC(C)CCl,TOX167,0,0,0,0,0,0,0,0,0,0,0,0,171.067,2.2576,0,1,9.23
OCC(CO)(CBr)CBr,TOX164,0,0,0,0,0,0,0,0,0,0,0,0,261.941,0.7472,2,2,40.46
Cc1c(COC(=O)C2C(/C=C(\Cl)C(F)(F)F)C2(C)C)cccc1-c1ccccc1,TOX160,0,0,0,0,0,0,0,0,0,0,,0,422.874,6.66242,0,2,26.3
CC1(C)C(=O)N(Br)C(=O)N1Br,TOX15341,0,0,0,0,,0,0,,0,0,0,0,285.923,1.649,0,2,40.62
ClCCOCCCl,TOX168,0,0,0,0,0,0,0,0,0,0,0,0,143.013,1.4806,0,1,9.23
O=C(O)CN(CCN(CC(=O)O)CC(=O)O)CC(=O)O,TOX2977,0,0,0,0,0,0,0,0,0,0,0,0,292.244,-2.0712,4,6,155.68
Nc1c2c(nc3ccccc13)CCCC2,TOX17272,0,0,1,0,1,0,0,0,0,0,0,0,198.269,2.6958,1,2,38.91
CNC(=O)c1ccccc1,TOX5570,0,0,0,0,0,0,0,1,0,0,0,0,135.166,1.0462,1,1,29.1
CN1C(=O)c2ccc([N+](=O)[O-])cc2C1=O,TOX8013,0,0,0,0,0,0,0,,0,0,,0,206.157,0.8206,0,4,80.52
Cc1ccc(O)c(-n2nc3ccccc3n2)c1,TOX7479,0,0,1,,1,0,0,,1,0,,0,225.251,2.43452,1,4,50.94
CCCCCCCCCCCCCCCl,TOX7471,0,0,0,0,0,0,0,0,0,0,0,0,232.839,5.9263,0,0,0
Cc1cc(O)c(C(C)(C)C)cc1C(C)(C)C,TOX21502,0,,0,,,,,,,,1,,220.356,4.29562,1,1,20.23
COc1ccc(Cl)cc1C,TOX21507,0,0,0,0,0,0,0,0,0,0,0,0,156.612,2.65702,0,1,9.23
Oc1ccc(Cl)cc1C1CCCC1,TOX21506,0,0,0,1,,0,0,1,0,0,1,0,196.677,3.7032,1,1,20.23
Cc1cc(Cl)ccc1N,TOX288,0,0,1,0,0,0,0,0,0,1,0,0,141.601,2.23062,1,1,26.02
O=C1CCCc2c(O)cccc21,TOX31489,,,,,,,,,,0,,,162.188,1.9112,1,2,37.3
CCN1CCCC1CN,TOX31487,,,,,,,,0,,0,,,128.219,0.4294,1,2,29.26
CC(=O)O[C@@H]1CC2C3CCc4cc(OC(=O)c5ccccc5)ccc4C3CCC2(C)[C@H]1OC(C)=O,TOX31486,,,,,,,,0,,0,,,476.569,5.2352,0,6,78.9
Oc1cccc2[nH]ccc12,TOX31485,,,,,,,,,,0,,,133.15,1.8735,2,1,36.02
O=C(OCC(O)CO)c1ccccc1Nc1ccnc2c(C(F)(F)F)cccc12,TOX31484,,,,,,,,,,0,,,406.36,3.5072,3,6,91.68
COc1cc2nc(Cl)nc(N)c2cc1OC,TOX31483,,,,,,,,0,,0,,,239.662,1.8826,1,5,70.26
O=C(O)c1ccccc1NCCc1ccccc1,TOX31482,,,,,,,,0,,0,,,241.29,3.0394,2,2,49.33
CC(=O)c1cc2ccccc2s1,TOX31481,,,,,,,,0,,0,,,176.24,3.1039,0,2,17.07
NC(=O)NS(=O)(=O)c1ccc(Cl)cc1,TOX31480,,,,,,,,0,,0,,,234.664,0.697,2,3,89.26
Cc1occc(=O)c1O,TOX5523,0,0,0,0,0,0,0,0,0,0,0,0,126.111,0.65382,1,3,50.44
CCC(CC)Nc1ccc(C)c(C)c1,TOX8040,0,0,,0,0,0,0,0,0,,0,0,191.318,3.90394,1,1,12.03
CC(=O)O[C@]1(C(C)=O)CC[C@H]2[C@@H]3C[C@H](C)C4=CC(=O)CC[C@]4(C)[C@H]3CC[C@@]21C,TOX5527,1,1,0,,0,0,0,1,0,0,,0,386.532,4.6552,0,4,60.44
O=C(CCCN1CC=C(n2c(=O)[nH]c3ccccc32)CC1)c1ccc(F)cc1,TOX2973,0,0,0,0,0,0,0,0,0,0,0,0,379.435,3.6784,1,4,58.1
CCCCN=C=O,TOX6872,0,0,0,0,0,0,0,0,0,0,0,0,99.133,1.1223,0,2,29.43
C1CCCNCC1,TOX6879,0,0,0,,0,0,0,0,0,0,0,0,99.177,1.15,1,1,12.03
OCCSCCO,TOX6878,0,0,0,0,0,0,0,0,0,0,0,0,122.189,-0.2958,2,3,40.46
P#[In],TOX11444,0,0,0,0,0,0,0,0,0,0,,0,145.792,0.4804,0,0,0
CCN(CC)c1ccc2c(-c3ccccc3C(=O)O)c3ccc(N(CC)CC)cc3[o+]c2c1,TOX22369,0,0,0,,,0,0,1,0,0,,0,443.567,6.9247,1,3,55.08
O=C(NCc1cccnc1)Nc1ccc([N+](=O)[O-])cc1,TOX22360,0,0,1,0,0,0,0,0,0,0,1,0,272.264,2.3115,2,4,97.16
Cc1cnc2c(C(=O)O)c(Cl)ccc2c1,TOX22364,0,0,0,0,0,0,0,0,0,0,,0,221.643,2.89482,1,2,50.19
CCOc1ccc2c(c1)C(C)CC(C)(C)N2,TOX22365,0,0,1,0,0,0,0,0,0,0,0,0,219.328,3.783,1,2,21.26
CC(=O)NCc1c(I)c(NC(C)=O)c(I)c(C(=O)O)c1I,TOX3150,0,0,0,0,1,0,0,0,0,0,0,0,627.942,2.7931,3,3,95.5
CON(C)C(=O)Nc1ccc(Br)c(Cl)c1,TOX20290,0,0,1,,,0,0,,0,0,,0,293.548,3.1276,1,2,41.57
O=C(CCCCC(=O)Nc1c(I)cc(I)c(C(=O)O)c1I)Nc1c(I)cc(I)c(C(=O)O)c1I,TOX3153,0,0,0,0,0,0,0,,0,0,0,0,1139.764,6.8482,4,4,132.8
O=C(O)c1c(Cl)ccc(Cl)c1Cl,TOX20296,0,0,1,0,0,0,0,0,0,0,0,0,225.458,3.345,1,1,37.3
O=C(O)CC(Cl)C(=O)O,TOX1526,0,0,0,0,0,0,0,1,0,0,1,0,152.533,0.1531,2,2,74.6
N#CCCl,TOX1524,0,0,0,0,1,,0,0,0,0,0,0,75.498,0.74878,0,1,23.79
Cc1cccc2sc3nncn3c12,TOX17478,0,0,1,0,0,0,0,1,0,0,,0,189.243,2.25242,0,4,30.19
CC(=O)c1cc(C)oc1C,TOX10317,0,0,0,0,0,0,0,,0,0,0,0,138.166,2.09904,0,2,30.21
C=C(C)C1CC=C(C)C(OC(C)=O)C1,TOX4738,0,0,0,0,0,0,0,0,0,0,0,0,194.274,2.8505,0,2,26.3
C=C1CCC=C(C)CC[C@@H]2[C@@H]1CC2(C)C,TOX4739,0,0,0,0,0,0,0,0,0,0,0,0,204.357,4.7252,0,0,0
CCCC(C)(COC(N)=O)COC(=O)NC(C)C,TOX4733,0,0,0,0,0,0,0,0,0,0,0,0,260.334,2.0227,2,4,90.65
C=C(C)C1CC=C(C)C(O)C1,TOX4736,0,0,0,0,0,0,0,0,0,0,0,0,152.237,2.2797,1,1,20.23
CCCCCCCCCCCCCCCO,TOX7270,0,0,0,0,0,0,0,0,0,0,0,0,228.42,5.0699,1,1,20.23
[Mn+2],TOX7279,0,0,0,0,0,0,0,1,,0,0,0,54.938,-0.0025,0,0,0
CCC(C)Cl,TOX3966,0,0,0,0,0,0,0,0,0,0,0,0,92.569,2.0237,0,0,0
CCCCO,TOX1740,,,,0,0,0,0,0,0,0,0,0,74.123,0.7788,1,1,20.23
CC1=CC(=O)CC(C)(C)C1,TOX759,0,0,0,0,0,0,0,0,0,0,0,0,138.21,2.3218,0,1,17.07
Nc1cccc(C(F)(F)F)c1,TOX4512,0,0,0,0,0,0,0,0,0,0,0,0,161.126,2.2876,1,1,26.02
NNC(=O)c1ccncc1,TOX755,0,0,1,0,0,0,0,0,0,0,0,0,137.142,-0.3149,2,3,68.01
O=C(O)c1ccncc1,TOX757,0,0,0,0,0,0,0,0,0,0,0,0,123.111,0.7798,1,2,50.19
NC(=O)c1ccncc1,TOX756,0,0,0,0,0,0,0,0,0,0,0,0,122.127,0.1805,1,2,55.98
CC(C)CON=O,TOX750,0,0,0,0,0,0,0,0,0,0,0,0,103.121,1.3404,0,3,38.66
OC[C@H]1O[C@H](OC[C@@H](O)[C@@H](O)[C@H](O)[C@H](O)CO)[C@H](O)[C@@H](O)[C@@H]1O,TOX753,0,0,0,0,0,0,0,0,0,0,0,0,344.313,-5.7612,9,11,200.53
FC(F)OC(Cl)C(F)(F)F,TOX752,0,0,0,0,0,0,0,0,0,0,0,0,184.491,2.3528,0,1,9.23
c1ccc(C[n+]2cccc3ccccc32)cc1,TOX24593,0,0,,0,,0,0,1,0,0,,0,220.295,3.1756,0,0,3.88
CCCCN1C(=O)c2ccccc2C1=O,TOX24591,0,0,0,0,0,0,0,0,0,0,0,0,203.241,2.0827,0,2,37.38
O=C1OC2(c3ccccc31)c1cc(Br)c(O)c(Br)c1Oc1c2cc(Br)c(O)c1Br,TOX24590,0,,0,0,,,,,0,,,,647.895,6.7158,2,5,75.99
Cc1cc(C)c(C(=O)P(=O)(C(=O)c2c(C)cc(C)cc2C)c2ccccc2)c(C)c1,TOX24597,0,0,0,0,0,,0,0,0,0,0,0,418.473,6.20632,0,3,51.21
CC(C)(C)C(=O)/C=C/c1ccc(Cl)cc1,TOX24595,0,0,0,0,0,0,0,0,0,,,0,222.715,3.9684,0,1,17.07
CCCCCCCCOCCC#N,TOX24599,0,0,0,0,0,0,0,0,0,0,0,0,183.295,3.27718,0,2,33.02
CC1(C)S[C@@H]2[C@H](NC(=O)[C@H](N)c3ccc(O)cc3)C(=O)N2[C@H]1C(=O)O,TOX17044,0,0,0,0,0,0,0,,0,,0,0,365.411,0.0237,4,6,132.96
Cc1cc(C(C)(C)c2ccc(O)c(C)c2)ccc1O,TOX27866,0,0,0,,1,,,1,0,0,1,1,256.345,4.04054,2,2,40.46
CC(c1ccc(O)cc1)c1ccc(O)cc1,TOX27867,0,0,0,,1,1,0,1,0,0,1,0,214.264,3.2496,2,2,40.46
CCCCC#N,TOX6275,0,0,0,0,0,0,0,0,0,0,0,0,83.134,1.70018,0,1,23.79
COc1ccc(C(=O)c2cccc(O)c2)c(OC)c1,TOX27862,0,,1,0,1,1,0,0,0,0,1,0,258.273,2.6404,1,4,55.76
CCCCCOC(=O)c1ccc(O)cc1,TOX27863,0,0,1,,1,1,0,,1,0,1,,208.257,2.7392,1,3,46.53
CCn1cc[n+](C)c1.N#C[S-],TOX27860,0,0,0,0,0,0,0,0,0,0,0,0,169.253,0.34688,0,3,32.6
CCCCCCCCCOC(=O)c1ccc(O)cc1,TOX27861,0,0,0,,1,1,,,0,,1,,264.365,4.2996,1,3,46.53
O=C1/C(=C2\Nc3ccccc3C2=O)Nc2ccccc21,TOX6279,0,0,0,0,0,0,0,1,0,0,,0,262.268,2.8148,2,4,58.2
Oc1ccc(C2(c3ccc(O)cc3)CC3CC2C2CCCC32)cc1,TOX27869,0,,,1,,,,1,0,1,1,,320.432,4.84,2,2,40.46
C[C@H]1[C@H]2[C@@H](O[C@]13CC[C@@H](C)CO3)[C@@H](O)[C@H]1[C@@H]3CC[C@H]4C[C@@H](O[C@@H]5O[C@H](CO)[C@H](O[C@@H]6O[C@H](CO)[C@@H](O)[C@H](O[C@@H]7OC[C@@H](O)[C@H](O)[C@H]7O)[C@H]6O[C@@H]6O[C@H](CO)[C@@H](O)[C@H](O[C@@H]7O[C@H](CO)[C@@H](O)[C@H](O)[C@H]7O)[C@H]6O)[C@H](O)[C@H]5O)[C@H](O)C[C@]4(C)[C@H]3CC[C@@]12C,TOX5065,0,,,,,1,,,1,,,,1229.323,-6.5045,17,29,454.67
Nc1ccc(F)cc1F,TOX5064,0,0,,0,0,0,0,0,0,0,0,0,129.109,1.547,1,1,26.02
CCCCC(=O)N(C)C,TOX5063,0,0,0,0,0,0,0,0,0,0,0,0,129.203,1.2648,0,1,20.31
CN(C)c1nc(=O)n(C2CCCCC2)c(=O)n1C,TOX4145,0,0,0,0,0,0,0,0,0,0,0,0,252.318,0.5132,0,6,60.13
CCCCCCOC(=O)c1ccccc1C(=O)OCCCCCC,TOX5068,0,0,1,0,0,0,0,0,0,0,0,0,334.456,5.1608,0,4,52.6
COc1ccc2c(c1OC)C(=O)O[C@@H]2[C@H]1c2c(cc3c(c2OC)OCO3)CCN1C,TOX3385,0,0,0,0,0,0,0,0,0,0,0,,413.426,2.8818,0,8,75.69
CO[C@@H]1[C@@H](OC(N)=O)[C@@H](O)[C@H](Oc2ccc3c([O-])c(NC(=O)c4ccc(O)c(CC=C(C)C)c4)c(=O)oc3c2C)OC1(C)C,TOX3386,0,0,0,0,0,0,,0,0,0,0,0,611.624,2.99512,4,11,202.84
CC(CCc1ccccc1)NC(C)C(O)c1ccc(O)cc1,TOX3387,0,0,0,0,0,0,0,,0,0,0,0,299.414,3.425,3,3,52.49
C#C[C@]1(O)CC[C@H]2[C@@H]3CCC4=CC(=O)CC[C@@H]4[C@H]3CC[C@@]21C,TOX3380,1,1,0,0,1,1,0,1,0,0,0,0,298.426,3.4925,1,2,37.3
O=C1O[C@H]([C@H](O)CO)C([O-])=C1O,TOX570,0,0,0,0,,0,0,0,0,0,0,0,175.116,-2.6051,3,6,110.05
C[C@]12CC[C@@H]3c4ccc(O)cc4CC[C@H]3[C@@H]1CC[C@@H]2O,TOX573,1,1,0,1,1,1,0,0,0,0,1,1,272.388,3.6092,2,2,40.46
Clc1ccc2c(c1)C(c1ccccc1)=NCc1nncn1-2,TOX572,0,0,0,0,0,0,0,,0,,0,0,294.745,3.2717,0,4,43.07
Cc1cc2c(s1)Nc1ccccc1N=C2N1CCN(C)CC1,TOX3388,0,0,,0,0,0,0,0,0,0,0,0,312.442,3.43922,1,5,30.87
CCc1cc(C(N)=S)ccn1,TOX577,0,0,0,0,1,0,0,0,0,0,0,0,166.249,1.2782,1,2,38.91
C#C[C@]1(O)CC[C@H]2[C@@H]3CCc4cc(O)ccc4[C@H]3CC[C@@]21C,TOX576,0,1,0,0,1,1,0,0,0,1,1,1,296.41,3.6126,2,2,40.46
CC/C(=C(\c1ccc(O)cc1)c1ccc(OCCN(C)C)cc1)c1ccccc1,TOX2384,0,,,1,,,,,,,,,387.523,5.7017,1,3,32.7
CN/C(=N\[N+](=O)[O-])NCc1cnc(Cl)s1,TOX14465,0,0,0,0,0,0,0,0,0,0,0,0,249.683,0.6532,2,4,92.45
CC[C@H](c1ccc(O)cc1)[C@@H](CC)c1ccc(O)cc1,TOX2381,0,0,0,0,1,1,,1,0,1,1,1,270.372,4.7852,2,2,40.46
CC(=O)OCC(CCn1cnc2cnc(N)nc21)COC(C)=O,TOX3038,0,0,0,0,0,0,0,0,0,0,0,0,321.337,0.541,1,9,122.22
NC(N)=Nc1nc(CSCC/C(N)=N\S(N)(=O)=O)cs1,TOX3039,0,0,0,0,0,0,0,0,0,0,0,0,337.456,-0.768,4,6,175.83
CCOC(=O)/C=C(C)/C=C/C=C(C)/C=C/c1c(C)cc(OC)c(C)c1C,TOX3036,,,,,,,,,,1,,,354.49,5.64556,0,3,35.53
C=C1C[C@@H]2[C@H](CC[C@]3(C)C(=O)CC[C@@H]23)[C@@]2(C)C=CC(=O)C=C12,TOX3037,1,1,0,1,1,0,0,1,0,0,0,0,296.41,4.0295,0,2,34.14
COc1cc([C@@H]2c3cc4c(cc3C(O[C@@H]3O[C@@H]5CO[C@@H](C)O[C@H]5[C@H](O)[C@H]3O)C3COC(=O)[C@@H]32)OCO4)cc(OC)c1O,TOX3035,0,0,0,0,0,0,,,0,1,0,1,588.562,1.3386,3,13,160.83
Cn1c(=O)c2c(ncn2CCOC(=O)C(C)(C)Oc2ccc(Cl)cc2)n(C)c1=O,TOX3032,0,0,0,0,0,0,0,,0,,0,0,420.853,1.4879,0,9,97.35
CCOC(=O)c1cncn1C(C)c1ccccc1,TOX3033,0,0,0,0,0,0,0,0,0,0,,0,244.294,2.6691,0,4,44.12
CCc1cc2c(s1)-n1c(C)nnc1CN=C2c1ccccc1Cl,TOX3030,0,0,,,,0,0,0,1,0,,0,342.855,4.20402,0,5,43.07
Cn1c(=O)c2c(ncn2CCO)n(C)c1=O,TOX3031,0,0,0,0,0,0,0,0,0,0,0,0,224.22,-1.574,1,7,82.05
Cc1ccccc1NC(=N)Nc1ccccc1C,TOX6606,0,0,,0,0,0,0,0,0,0,,0,239.322,3.76221,3,1,47.91
CO[C@H]1O[C@H](CO)[C@@H](O)[C@H](O)[C@H]1O,TOX6605,0,0,0,0,0,0,0,0,0,0,0,0,194.183,-2.5673,4,6,99.38
CC(C)(C)c1ccc(O)c(C(C)(C)C)c1,TOX6602,0,0,0,,,,0,0,0,,1,,206.329,3.9872,1,1,20.23
CNC(=O)Oc1cccc(N=CN(C)C)c1,TOX12405,0,0,,0,0,0,0,1,0,0,0,0,221.26,1.6262,1,3,53.93
O=C1OCCO1,TOX6600,0,0,0,0,0,0,0,0,0,0,0,0,88.062,0.1532,0,3,35.53
C=C(CC(=O)O)C(=O)O,TOX6608,0,0,0,0,0,0,0,0,0,0,0,0,130.099,0.1019,2,2,74.6
CC(C)C(=O)OC(=O)C(C)C,TOX6609,0,0,0,0,0,0,0,0,0,0,0,0,158.197,1.3682,0,3,43.37
O=C1NCCN1c1ncc([N+](=O)[O-])s1,TOX25244,0,0,0,0,0,0,0,,0,,,0,214.206,0.5809,1,5,88.37
Nc1nc2cc(Cl)ccc2o1,TOX25245,0,0,,0,0,0,0,0,0,0,0,0,168.583,2.0634,1,3,52.05
CN(CCCCCCCCCCN(C)C(=O)Oc1ccccc1[N+](C)(C)C)C(=O)Oc1ccccc1[N+](C)(C)C,TOX25240,0,0,0,0,0,0,0,,0,,,0,556.792,6.7622,0,4,59.08
COc1cc(NC(C)CCCN)c2ncccc2c1,TOX25248,0,0,,0,,0,0,,0,0,0,0,259.353,2.7827,2,4,60.17
Cc1ccc(Cl)cc1N,TOX287,0,0,0,0,0,0,0,0,0,0,,0,141.601,2.23062,1,1,26.02
Cc1ccc(N)cc1Cl,TOX286,0,0,0,0,0,0,0,0,0,0,0,0,141.601,2.23062,1,1,26.02
CC(O)CCl,TOX285,0,0,0,0,0,0,0,0,0,0,0,0,94.541,0.606,1,1,20.23
Nc1ccc(N)c(Cl)c1,TOX284,0,,1,,,0,0,1,0,0,1,0,142.589,1.5044,2,2,52.04
Nc1ccc(Cl)cc1N,TOX283,1,0,1,,0,0,0,1,1,0,1,0,142.589,1.5044,2,2,52.04
Nc1ccc(Cl)c(N)c1,TOX282,0,0,1,0,0,0,0,,0,0,0,0,142.589,1.5044,2,2,52.04
CCCCN(CCC(=O)OCC)C(C)=O,TOX15753,0,0,0,0,0,0,0,0,0,0,0,0,215.293,1.5882,0,3,46.61
O=[N+]([O-])c1ccccc1Cl,TOX280,,0,0,0,,0,0,0,0,0,0,0,157.556,2.2482,0,2,43.14
COC(=O)C=C(C)N,TOX30270,,,,,,,,0,,0,,,115.132,0.0219,1,3,52.32
COc1cnc(OC)n2nc(NS(=O)(=O)c3c(OCC(F)F)cccc3C(F)(F)F)nc12,TOX14803,0,0,0,0,0,0,0,0,0,0,0,0,483.375,2.605,1,9,116.94
CC(=O)CCC(=O)[O-].CC(=O)CCC(=O)[O-],TOX26539,0,0,,0,1,0,0,,0,0,0,0,230.216,-1.789,0,6,114.4
O=C([O-])[O-].[Sr+2],TOX9651,0,0,0,0,,0,0,0,0,,0,0,147.628,-2.8278,0,3,63.19
O=C(O)[C@@H]1CSCN1,TOX26536,,,,,,,,0,,0,,,133.172,-0.2665,2,3,49.33
CC(C)CCCC(C)N,TOX26535,,,,,,,,,,0,,,129.247,2.1599,1,1,26.02
CC(=O)N[C@@H](CCC(=O)O)C(=O)O,TOX26534,0,0,,0,,0,0,0,0,0,0,0,189.167,-0.5595,3,3,103.7
C=CC(=O)OC(C)(C)C,TOX9652,0,0,0,0,0,0,0,0,0,0,0,0,128.171,1.5141,0,2,26.3
OCc1ccccn1,TOX26531,,,,,,,,1,,0,,,109.128,0.5739,1,2,33.12
Cn1ccc2cc3c(cc21)CCN3C(=O)Nc1cccnc1,TOX22622,0,0,1,,1,,0,0,1,0,,0,292.342,3.1679,1,3,50.16
CC1(C)CC(O)CC(C)(C)N1,TOX9655,0,0,0,0,0,0,0,0,0,0,0,0,157.257,1.2879,2,2,32.26
Cc1ccccn1,TOX1899,0,0,0,0,0,0,0,,0,0,0,0,93.129,1.39002,0,1,12.89
Cc1cccnc1,TOX1897,0,0,0,0,0,0,0,0,0,0,0,0,93.129,1.39002,0,1,12.89
OC1CCCCC1,TOX1894,0,0,0,0,0,0,0,0,0,0,0,0,100.161,1.3114,1,1,20.23
Cc1ccncc1,TOX1892,0,0,0,0,0,0,0,0,0,0,0,0,93.129,1.39002,0,1,12.89
CC(C)OC(C)C,TOX1890,0,0,0,0,0,0,0,0,0,0,0,0,102.177,1.8198,0,1,9.23
O=C(O)COc1ccc2ccccc2c1,TOX22195,0,,,0,0,0,0,0,0,0,0,0,202.209,2.3032,1,2,46.53
CCCCOC(=O)C(C)O,TOX22196,0,0,0,0,0,0,0,0,0,0,0,0,146.186,0.7105,1,3,46.53
CNC(=S)NC,TOX22191,0,0,0,0,0,0,0,0,0,0,0,0,104.178,-0.2899,2,1,24.06
CCCCCCCCCC[N+](C)(C)[O-],TOX22190,0,0,0,0,0,0,0,0,0,0,,0,201.354,3.7013,0,1,23.06
O=C1CCC(=O)N1Cl,TOX22199,0,0,0,0,0,0,0,0,0,0,0,0,133.534,0.2892,0,2,37.38
CCCCNS(=O)(=O)c1ccc(C)cc1,TOX22198,0,0,0,0,0,0,0,0,0,0,0,0,227.329,2.07342,1,2,46.17
CCN(CCN)c1cccc(C)c1,TOX7803,0,0,0,0,0,0,0,0,0,0,,0,178.279,1.78002,1,2,29.26
CC(COC(=O)c1ccccc1)OC(=O)c1ccccc1,TOX7802,0,0,0,0,,0,0,0,0,0,0,0,284.311,3.0889,0,4,52.6
O=C([O-])CNc1ccccc1,TOX7806,0,0,,0,0,0,0,0,0,0,0,0,150.157,-0.1516,1,3,52.16
Cc1ccc2c(c1)C(=O)OC2=O,TOX7805,0,0,0,0,0,0,0,0,0,0,0,0,162.144,1.30562,0,3,43.37
CC(C)(N)C#N,TOX7804,0,0,,0,0,0,0,0,0,0,0,0,84.122,0.24728,1,2,49.81
CNC(C)Cc1ccccc1OC,TOX3292,0,0,0,0,0,0,0,0,0,0,0,0,179.263,1.8456,1,2,21.26
NCCN1CCOCC1,TOX24408,0,0,0,0,0,0,0,0,0,0,0,0,130.191,-0.7227,1,3,38.49
COP(=S)(OC)Oc1ccc(S(N)(=O)=O)cc1,TOX21828,0,0,0,0,0,0,0,0,0,0,0,0,297.294,1.2301,1,6,87.85
CC1CC(C)C(=O)C1=O,TOX27660,0,0,0,0,0,0,0,0,0,0,0,0,126.155,0.8005,0,2,34.14
CC(=O)SCc1ccco1,TOX27661,0,0,0,0,0,0,0,1,0,0,0,0,156.206,2.0593,0,3,30.21
Cc1ccc(C(C)NC(=O)[C@@H](NC(=O)OC(C)C)C(C)C)cc1,TOX27662,0,0,0,0,0,0,0,0,0,0,0,0,320.433,3.33142,2,3,67.43
c1coc(Cn2cccc2)c1,TOX27663,0,0,0,0,0,0,0,0,0,0,0,0,147.177,2.1294,0,2,18.07
Brc1c(Br)c(Br)c(Br)c(Br)c1Br,TOX4128,1,0,0,0,0,0,0,0,0,0,0,0,551.49,6.2616,0,0,0
CCCCCCCCCCC=CC#N,TOX27667,0,0,0,0,0,0,0,0,0,0,0,0,193.334,4.59698,0,1,23.79
COC(=O)c1sccc1S(=O)(=O)NC(=O)Nc1nc(C)nc(OC)n1,TOX4124,0,0,0,0,0,0,0,0,0,0,0,0,387.399,0.54712,2,10,149.47
CCCCCCC,TOX4127,1,,0,0,0,0,0,0,0,0,0,0,100.205,2.9767,0,0,0
ClC1=C(Cl)C2(Cl)C3C4OC4C(Cl)C3C1(Cl)C2(Cl)Cl,TOX4126,0,0,0,,,0,0,,0,,1,0,389.32,4.4527,0,1,12.53
COC(=O)C(C)Oc1ccc(Oc2ncc(C(F)(F)F)cc2Cl)cc1,TOX4123,0,0,0,0,,0,0,0,0,0,0,0,375.73,4.4864,0,5,57.65
CC1=NN(c2cc(Cl)c(S(=O)(=O)[O-])cc2Cl)C(=O)C1/N=N/c1ccc(S(=O)(=O)[O-])cc1,TOX21719,0,0,0,0,0,0,0,0,0,0,0,0,505.317,2.6766,0,10,171.79
COc1ccccc1/N=N/c1c(S(=O)(=O)[O-])cc2cc(S(=O)(=O)[O-])cc(NC(C)=O)c2c1O,TOX21715,0,0,0,,,0,0,0,0,0,,0,493.475,2.736,2,11,197.68
CC1(C)[C@@H](O[C@H]2O[C@H](C(=O)O)[C@@H](O)[C@H](O)[C@H]2O[C@@H]2O[C@H](C(=O)O)[C@@H](O)[C@H](O)[C@H]2O)CC[C@@]2(C)[C@H]1CC[C@]1(C)[C@@H]2C(=O)C=C2[C@@H]3C[C@@](C)(C(=O)O)CC[C@]3(C)CC[C@]21C,TOX27006,1,0,0,0,0,0,0,0,0,0,0,0,822.942,2.2456,8,13,267.04
ClCCOCCOCCCl,TOX27000,0,0,0,0,0,0,0,0,0,0,0,0,187.066,1.4972,0,2,18.46
COC(Cc1ccccc1)OC,TOX27001,0,0,0,0,,0,0,0,0,0,0,0,166.22,1.848,0,2,18.46
Cc1c(C(=O)O)c(O)cc2c1C(=O)c1c(O)c([C@@H]3O[C@H](CO)[C@@H](O)[C@H](O)[C@H]3O)c(O)c(O)c1C2=O,TOX2817,0,0,0,0,0,0,0,,0,0,0,0,492.389,-1.19408,9,12,242.51
Nc1c(/N=N/c2ccc(-c3ccc(/N=N/c4cc(S(=O)(=O)[O-])c5ccccc5c4N)cc3)cc2)cc(S(=O)(=O)[O-])c2ccccc12,TOX2816,0,0,1,,0,0,,0,0,0,,0,650.698,7.4634,2,12,215.88
Cc1cc(-c2ccc(/N=N/c3ccc4c(S(=O)(=O)[O-])cc(S(=O)(=O)[O-])c(N)c4c3O)c(C)c2)ccc1/N=N/c1ccc2c(S(=O)(=O)[O-])cc(S(=O)(=O)[O-])c(N)c2c1O,TOX2815,0,0,0,,,0,0,,0,,,0,868.862,5.29964,4,20,370.74
O=C([O-])c1c(Cl)c(Cl)c(Cl)c(Cl)c1-c1c2cc(I)c(=O)c(I)c-2oc2c(I)c([O-])c(I)cc12,TOX2814,1,0,1,0,,0,0,,0,,,,971.659,7.0339,0,5,93.4
O=c1[nH]c2cc(Cl)ccc2o1,TOX2813,0,0,0,0,0,0,0,0,0,0,,0,169.567,1.7745,1,2,46
NS(=O)(=O)c1cc(C2(O)NC(=O)c3ccccc32)ccc1Cl,TOX2812,0,0,0,0,0,0,0,,0,0,0,0,338.772,0.9242,3,4,109.49
CN(C)CC/C=C1\c2ccccc2Sc2ccc(Cl)cc21,TOX2810,0,0,0,,0,0,0,,0,0,,,315.869,5.188,0,2,3.24
CCC(=O)O[C@]1(C(=O)CCl)[C@@H](C)C[C@H]2[C@@H]3C[C@H](F)C4=CC(=O)C=C[C@]4(C)[C@@]3(F)[C@@H](O)C[C@@]21C,TOX26636,1,1,,,0,,,,0,,1,0,484.967,4.0511,1,5,80.67
O=C([O-])c1cc(O)c2c3nc4ccccc4oc-3cc(=O)c2n1,TOX26637,0,0,,0,0,0,0,,0,,1,0,307.241,0.9101,1,7,116.35
CCC(C)(Oc1ccc(C2(c3ccc(OC(C)(CC)C(=O)O)cc3)CCCCC2)cc1)C(=O)O,TOX26638,0,0,0,0,0,0,0,0,0,0,0,0,468.59,6.201,2,4,93.06
C(=C\c1ccccc1)\c1ccccc1,TOX6049,0,0,0,,0,0,0,,0,0,0,0,180.25,3.857,0,0,0
Cc1cccc(C)c1NC(=O)CC12CCCN1CCC2,TOX26639,1,,,,0,0,0,0,0,0,0,0,272.392,3.26044,1,2,32.34
CC(C)=CCC/C(C)=C/CC/C(C)=C/CC/C=C(\C)CC/C=C(\C)CCC=C(C)C,TOX6044,0,0,0,0,0,0,0,,0,,0,0,410.73,10.605,0,0,0
C[C@]12CC[C@H]3[C@@H](CC=C4C[C@@H](O)CC[C@@]43C)[C@@H]1CC[C@@H]2O,TOX2609,1,1,0,,1,1,0,0,0,,0,0,290.447,3.671,2,2,40.46
CC[N+](C)(C)c1cccc(O)c1,TOX2978,0,0,0,0,0,0,0,0,0,0,,0,166.244,1.979,1,1,20.23
COC(=O)c1ccccc1O,TOX5659,0,0,0,0,0,0,0,0,0,0,0,0,152.149,1.1788,1,3,46.53
Cc1ccc2ccc3cccc4ccc1c2c34,TOX5654,0,0,0,0,0,0,0,0,0,0,1,0,216.283,4.89242,0,0,0
Nc1cc(-c2ccncc2)c[nH]c1=O,TOX2603,0,0,,0,0,0,0,,0,0,,0,187.202,1.0191,2,3,71.77
Cc1ccc2cccnc2c1,TOX5657,0,0,0,0,0,0,0,0,0,0,0,0,143.189,2.54322,0,1,12.89
CC(C)(C#N)c1cc(Cn2cncn2)cc(C(C)(C)C#N)c1,TOX2607,0,0,0,1,0,0,0,0,0,0,0,0,293.374,2.92876,0,5,78.29
CC(C)Cc1nccs1,TOX5653,0,0,0,0,0,0,0,0,0,0,0,0,141.239,2.3416,0,2,12.89
Nc1cc(Cl)c(NC2=NCCN2)c(Cl)c1,TOX25749,0,0,0,0,0,0,0,,0,,0,0,245.113,1.9467,3,4,62.44
CCN(CC)CCNC(=O)c1ccc(NC(C)=O)cc1,TOX25748,0,0,0,0,0,0,0,0,0,0,0,0,277.368,1.7166,2,3,61.44
O=C(Oc1ccccc1)c1ccccc1C(=O)Oc1ccccc1,TOX1778,0,0,0,,0,0,,0,0,0,,0,318.328,4.125,0,4,52.6
COP(=O)(OC)OC(c1ccc(Cl)cc1)P(=O)(OC)OC,TOX25741,0,0,0,0,0,0,0,0,0,0,0,0,358.651,4.242,0,7,80.29
CC1(N)CCC(C(C)(C)N)CC1,TOX1772,0,0,0,0,1,0,0,0,0,0,0,0,170.3,1.6313,2,2,52.04
Cn1nc(N)c2cn([C@@H]3O[C@H](CO)[C@@H](O)[C@H]3O)c3ncnc1c23,TOX25743,0,0,1,1,,0,0,1,0,0,1,0,320.309,-1.8871,4,10,142.25
CCC(CC)(CC(=O)Nc1cccc(/C=C/c2nc(C3CCC3)cs2)c1)C(=O)O,TOX25742,0,0,1,0,0,0,0,1,0,0,1,0,412.555,5.8006,2,4,79.29
Cc1cc2nc3c(=O)[nH]c(=O)nc-3n(C[C@H](O)[C@H](O)[C@H](O)CO)c2cc1C,TOX1777,0,0,1,0,0,0,0,0,0,0,1,0,376.369,-1.72356,5,9,161.56
OC(CN1CCC(Cc2ccc(F)cc2)CC1)c1ccc(Cl)cc1,TOX25744,0,0,,0,0,0,0,0,0,1,,0,347.861,4.4672,1,2,23.47
Cc1c[nH]c2ccccc12,TOX1775,0,0,0,0,0,0,0,0,0,0,0,0,131.178,2.47632,1,0,15.79
c1cc2c3c(cccc3c1)CC2,TOX1774,0,0,0,0,0,0,0,0,0,0,0,0,154.212,2.9384,0,0,0
CC/C(=N\OC/C=C/Cl)C1=C(O)CC(C2CCOCC2)CC1=O,TOX14252,0,0,0,0,0,0,0,0,0,0,0,0,341.835,3.7393,1,5,68.12
CCOP(=O)(OCC)OC(=CCl)c1ccc(Cl)cc1Cl,TOX14250,0,0,0,1,0,0,0,,0,0,,0,359.573,5.7283,0,4,44.76
NC(=O)CF,TOX14255,0,0,0,0,0,0,0,0,0,0,0,0,77.058,-0.5588,1,1,43.09
CC(C)(C)Cl,TOX3937,0,0,0,0,1,0,0,0,0,0,0,0,92.569,2.0237,0,0,0
CC(C)O[Ti](OCCN(CCO)CCO)(OCCN(CCO)CCO)OC(C)C,TOX24928,0,0,0,0,0,0,0,,0,0,0,0,462.407,-0.7433,4,10,124.32
CCCCCCCCCCCCSC,TOX24929,0,0,0,0,0,0,0,0,0,0,0,0,216.434,5.2703,0,1,0
O=C1NC(c2ccccc2)(c2ccccc2)C(=O)N1COP(=O)(O)O,TOX24299,,,,,,,,0,,0,,,362.278,1.5488,3,4,116.17
O=C1CCCN1CCO,TOX24922,0,0,0,0,0,0,0,0,0,0,0,0,129.159,-0.3989,1,2,40.54
CN(C)C=Nc1c(I)cc(I)c(CCC(=O)[O-])c1I,TOX28246,0,0,0,0,0,0,,,0,,0,0,596.952,2.4043,0,3,55.73
CC(=O)Nc1c(I)c(C(=O)[O-])c(I)c(N(C)C(C)=O)c1I,TOX28245,0,0,,0,0,0,0,,0,,0,0,626.934,1.805,1,4,89.54
CCCCC(CC)COC(=O)OOC(C)(C)C,TOX24921,0,0,0,0,0,0,0,0,0,,0,0,246.347,4.0861,0,4,44.76
CCCCNC1CC(C)(C)NC(C)(C)C1,TOX24926,0,0,0,,0,0,0,0,0,0,0,0,212.381,2.6853,2,2,24.06
CCCCC(CC)CO[PH](=O)OCC(CC)CCCC,TOX24927,0,0,0,0,0,0,0,0,0,0,0,0,306.427,5.8421,0,3,35.53
O=C(C(=O)c1ccc(Br)cc1)c1ccc(Br)cc1,TOX24925,0,0,0,0,0,0,0,0,0,0,,0,368.024,4.2772,0,2,34.14
Clc1ccc(C(Cn2ccnc2)OCc2csc3c(Cl)cccc23)c(Cl)c1,TOX25529,0,0,,1,0,0,0,,0,,,,437.779,7.0161,0,4,27.05
CCn1cc(C(=O)O)c(=O)c2cc(F)c(N3CCNC(C)C3)c(F)c21,TOX25527,0,0,0,0,0,0,0,0,0,0,0,0,351.353,1.7959,2,5,74.57
C[C@@H](O)[C@H]1C(=O)N2C(C(=O)O)=C(S[C@@H]3CN[C@H](C(=O)N(C)C)C3)[C@H](C)[C@H]12,TOX25526,0,0,0,0,0,0,0,0,0,0,,0,383.47,-0.308,3,6,110.18
O=C(NCC(O)CO)c1c(I)c(C(=O)NCC(O)CO)c(I)c(N(CCO)C(=O)CO)c1I,TOX25521,0,0,0,0,0,0,0,0,0,0,0,0,807.114,-2.016,8,9,199.89
CC(=O)N(CC(O)CN(C(C)=O)c1c(I)c(C(=O)NCC(O)CO)c(I)c(C(=O)NCC(O)CO)c1I)c1c(I)c(C(=O)NCC(O)CO)c(I)c(C(=O)NCC(O)CO)c1I,TOX25523,0,0,0,0,0,0,0,0,0,0,0,0,1550.188,-1.5869,13,15,339.09
O=C(O)COC(=O)Cc1ccccc1Nc1c(Cl)cccc1Cl,TOX25522,0,0,0,0,0,0,1,0,0,0,,0,354.189,3.9073,2,4,75.63
O=S(=O)(O)c1ccccc1O,TOX7390,0,0,0,0,0,0,0,0,0,0,0,0,174.177,0.6389,2,3,74.6
CCCCCCCC/C=C\CCCCCCCC(=O)OC[C@@H](O)[C@H]1OC[C@H](O)[C@H]1O,TOX7397,0,0,0,0,0,0,0,0,0,0,0,0,428.61,4.0486,3,6,96.22
CCC1CCC(CCC(=O)O)C1,TOX7394,0,0,,0,1,,,,0,0,0,0,170.252,2.6775,1,1,37.3
CC(=O)Oc1cc2c(s1)CCN(C(C(=O)C1CC1)c1ccccc1F)C2,TOX28993,0,0,0,0,0,0,0,0,0,0,0,0,373.449,3.891,0,5,46.61
Nc1ccccc1S(=O)(=O)c1ccccc1,TOX24941,0,0,0,0,0,0,0,,0,0,0,0,233.292,2.1016,1,3,60.16
CCOC(=O)[C@H](CCc1ccccc1)N[C@@H](C)C(=O)N1[C@H](C(=O)O)C[C@@H]2CCC[C@@H]21,TOX3551,0,0,0,0,0,0,0,0,0,0,,0,416.518,2.3832,2,5,95.94
O=C(c1ccc(OCCN2CCCCC2)cc1)c1c(-c2ccc(O)cc2)sc2cc(O)ccc12,TOX14181,0,,0,1,,,,0,0,1,1,1,473.594,6.0752,2,6,70
CCOc1cc(CC(=O)N[C@@H](CC(C)C)c2ccccc2N2CCCCC2)ccc1C(=O)O,TOX3552,1,0,0,,0,0,,,0,,0,0,452.595,5.2199,2,4,78.87
COC(=O)[C@H]1[C@H]2C[C@@H]3c4[nH]c5cc(OC)ccc5c4CCN3C[C@H]2C[C@@H](OC(=O)C=Cc2cc(OC)c(OC)c(OC)c2)[C@@H]1OC,TOX3554,0,0,,,0,0,0,,0,,0,0,634.726,4.5707,1,10,117.78
NC(=O)c1ncn([C@@H]2O[C@H](CO)[C@@H](O)[C@H]2O)n1,TOX3557,0,0,0,,,0,,0,0,0,0,1,244.207,-3.0115,4,8,143.72
CC1=C(/C=C/C(C)=C/C=C/C(C)=C/CO)C(C)(C)CCC1,TOX3556,0,0,0,1,0,0,0,1,0,1,1,0,286.459,5.5103,1,1,20.23
CCCCCCCC(=O)CC[C@H]1[C@H](O)C[C@H](O)[C@@H]1C/C=C\CCCC(=O)OC(C)C,TOX28997,0,0,0,0,0,0,,,,,,1,424.622,5.1223,2,5,83.83
CCN1CCCC1CNC(=O)c1cc(S(=O)(=O)CC)ccc1OC,TOX28996,0,0,0,0,0,0,0,,0,,1,0,354.472,1.7029,1,5,75.71
CCCCCCCCCCCCCCCCCCN(C)C,TOX7026,,,,,,,,0,,0,,,297.571,6.8095,0,1,3.24
CCCCOCCOCCOC(C)=O,TOX7021,0,0,0,0,0,0,0,0,0,0,0,0,204.266,1.3828,0,4,44.76
O=C1CCCCO1,TOX24438,0,0,0,0,0,0,0,0,0,0,0,0,100.117,0.7135,0,2,26.3
CCCCOC(=O)CC#N,TOX24439,0,0,0,0,0,0,0,0,0,,0,0,141.17,1.24338,0,3,50.09
COc1ccc(C(CN(C)C)C2(O)CCCCC2)cc1,TOX3737,0,0,0,0,0,0,0,0,0,0,0,0,277.408,3.0356,1,3,32.7
CC(=O)O[C@H]1C[C@@H]2CC[C@@H]3[C@H](CC[C@@]4(C)[C@H]3C[C@H]([N+]3(C)CCCCC3)[C@@H]4OC(C)=O)[C@@]2(C)C[C@@H]1N1CCCCC1,TOX3736,0,0,0,0,1,0,0,,0,0,0,0,557.84,5.9659,0,5,55.84
N[C@@H](Cc1ccc(O)cc1)C(=O)O,TOX3730,,,,,,,,0,,0,,,181.191,0.3466,3,3,83.55
CCCC(CCC)C(=O)O,TOX3733,0,0,0,0,0,0,0,0,0,0,0,0,144.214,2.2874,1,1,37.3
O=C(Cc1ccccc1)c1ccccc1,TOX24430,0,0,,0,,0,0,0,0,0,0,0,196.249,3.112,0,1,17.07
CC(C)(C)NCCO,TOX24431,0,0,0,0,0,0,0,0,0,0,0,0,117.192,0.3668,2,2,32.26
C=CC(N)CCC(=O)O,TOX21153,0,0,0,0,0,0,0,,0,,0,0,129.159,0.3645,2,2,63.32
CCN(CC)CCOC(=O)c1ccc(N)cc1,TOX24435,0,0,0,0,0,0,0,0,0,0,0,0,236.315,1.7674,1,4,55.56
CC(=O)C1CCOC1=O,TOX24436,0,0,0,0,0,0,0,0,0,0,0,0,128.127,0.1385,0,3,43.37
Nc1cc(N)cc(C(=O)O)c1,TOX24437,0,0,0,0,0,0,0,0,0,0,0,0,152.153,0.5492,3,3,89.34
N#CC(Br)(Br)C(N)=O,TOX12361,0,0,0,,,0,0,,0,0,0,0,241.87,0.48138,1,2,66.88
N#Cc1c(Cl)cccc1Cl,TOX12365,0,0,0,0,0,0,0,0,0,0,0,0,172.014,2.86508,0,1,23.79
c1ccc2occc2c1,TOX141,0,0,,0,0,0,0,0,0,0,0,0,118.135,2.4328,0,1,13.14
Nc1nc(N)nc(-c2ccccc2)n1,TOX142,0,0,1,,1,0,0,0,0,0,0,0,187.206,0.703,2,5,90.71
O=C(O)c1ccccc1,TOX143,0,0,0,0,1,0,0,0,0,0,0,0,122.123,1.3848,1,1,37.3
O=C(c1ccccc1)C(O)c1ccccc1,TOX144,0,0,0,0,0,0,0,0,0,0,0,0,212.248,2.6029,1,2,37.3
O=C1C=CC(=O)C=C1,TOX145,0,0,0,0,0,0,0,1,0,0,0,0,108.096,0.2506,0,2,34.14
c1ccc2sc(SSc3nc4ccccc4s3)nc2c1,TOX146,0,0,0,0,0,0,0,1,0,1,0,0,332.5,5.7054,0,6,25.78
c1ccc2[nH]nnc2c1,TOX147,0,0,0,0,0,0,0,0,0,1,0,0,119.127,0.9579,1,2,41.57
ClC(Cl)(Cl)c1ccccc1,TOX148,0,0,1,0,0,0,0,0,0,0,0,0,195.476,3.5133,0,0,0
NNC(=O)c1ccccc1,TOX149,0,0,1,,1,0,0,0,0,0,,0,136.154,0.2901,2,2,55.12
CS(=O)(=O)Nc1ccc([N+](=O)[O-])cc1Oc1ccccc1,TOX17250,0,0,0,0,0,0,0,0,0,0,1,0,308.315,2.7586,1,5,98.54
FC1(F)C(F)(F)C(F)(F)C2(F)C(F)(F)C(F)(F)C(F)(F)C(F)(F)C2(F)C1(F)F,TOX26511,,,,,,,,0,,0,,,462.074,5.5126,0,0,0
CCCC/C=C/C=C\C=O,TOX27104,0,0,0,0,0,0,0,1,0,0,0,0,138.21,2.4879,0,1,17.07
CC(C)=CCCC(C)CC(=O)O,TOX27106,0,0,0,,0,0,0,0,0,0,0,0,170.252,2.8436,1,1,37.3
CCc1nccnc1CC,TOX27101,0,0,0,0,,0,0,0,0,0,0,0,136.198,1.6014,0,2,25.78
COc1ccc(O)cc1,TOX828,0,0,0,0,0,0,,,0,0,0,0,124.139,1.4008,1,2,29.46
c1ccc(Nc2cccc3ccccc23)cc1,TOX5892,0,0,1,,1,1,0,0,0,0,,0,219.287,4.5834,1,1,12.03
N#Cc1ccncc1,TOX21528,0,0,0,0,0,0,0,0,0,0,0,0,104.112,0.95328,0,2,36.68
C[C@@H](N)[C@@H](O)c1ccccc1,TOX5896,0,0,0,0,0,0,0,0,0,0,0,0,151.209,1.0672,2,2,46.25
NCCCN1CCOCC1,TOX21521,0,0,0,0,0,0,0,0,0,0,0,0,144.218,-0.3326,1,3,38.49
CC(C)c1ccc2c(c1)CC[C@@H]1[C@]2(C)CCC[C@@]1(C)CN,TOX27102,0,,0,,,,,,,,,,285.475,4.779,1,1,26.02
O=[N+]([O-])c1cc[n+]([O-])cc1,TOX21524,0,0,,,,0,0,,0,0,0,0,140.098,0.2282,0,3,70.08
CC1(C)CC(=O)CC(C)(C)N1,TOX21527,0,0,0,0,0,0,0,0,0,0,0,0,155.241,1.4961,1,2,29.1
O=C(O)C(O)C(O)C(=O)O,TOX26986,0,0,0,0,0,0,0,0,0,0,0,0,150.086,-2.1226,4,4,115.06
CC(C)CCCC(C)CCCC(C)CCCCC(C)CCCC(C)CCCC(C)C,TOX26513,,,,,,,,,,0,,,422.826,11.0844,0,0,0
Sc1ccccc1,TOX6811,0,0,0,,,0,0,0,0,1,0,0,110.181,1.9753,1,1,0
O=c1c2ccccc2c(=O)c2c1cc(Cl)c1[nH]c3c([nH]c12)c(Cl)cc1c(=O)c2ccccc2c(=O)c13,TOX24532,0,0,1,0,0,0,0,0,0,0,0,0,511.32,5.4474,2,4,99.86
COc1ccc2nc(NC(=O)Nc3ccccc3)sc2c1,TOX26279,1,0,1,,,0,0,,1,0,1,0,299.355,3.9489,2,4,63.25
CCC(C(=O)OCCOCCN(CC)CC)c1ccccc1.O=C(O)CC(O)(CC(=O)O)C(=O)O,TOX26270,0,0,0,0,0,0,0,0,0,0,0,0,499.557,1.8333,4,8,170.9
CN1CCN(c2cc3c(nn2)Oc2ccccc2N3C)CC1,TOX26271,,,,,,,,0,,0,,,297.362,2.102,0,6,44.73
O=C(N/N=C/c1ccccc1O)c1ccncc1,TOX26272,0,0,1,,,,,0,1,,,,241.25,1.5511,2,4,74.58
Cc1ccc(S(=O)(=O)NC(=O)NC2CCCCC2)cc1,TOX26273,0,0,0,0,0,0,0,0,0,0,0,0,296.392,2.31562,2,3,75.27
CC(O)C(=O)O.CCOc1ccc2nc3cc(N)ccc3c(N)c2c1,TOX26274,0,1,1,1,0,,,,0,1,1,1,343.383,2.4029,4,6,131.69
NS(=O)(=O)c1ccc(NC(=O)CCC(=O)O)cc1,TOX26275,0,0,0,0,0,0,0,0,0,0,0,0,272.282,0.1373,3,4,126.56
COc1ccc(S(=O)(=O)Nc2nnc(CC(C)C)s2)cc1,TOX26276,0,0,0,0,0,0,0,0,0,0,0,0,327.431,2.546,1,6,81.18
O=C(Nc1ncc([N+](=O)[O-])s1)c1cccs1,TOX26277,0,,1,,,0,,1,,0,1,,255.28,2.3651,1,6,85.13
CC(C)(O)C(=O)O,TOX12954,0,0,0,0,0,0,0,0,0,0,0,0,104.105,-0.1581,2,2,57.53
CC[C@@H]1C[C@H](N(Cc2cc(C(F)(F)F)cc(C(F)(F)F)c2)C(C)=O)c2cc(C(F)(F)F)ccc2N1C(=O)OC(C)C,TOX27279,0,0,0,0,0,0,0,0,0,0,1,0,598.506,8.3665,0,3,49.85
CC(C)(O)c1ccc(CNC(=O)c2cccnc2Oc2ccc(F)cc2)cc1,TOX27278,0,0,,0,0,0,0,0,0,0,0,0,380.419,4.1704,2,4,71.45
CNCc1ccc(NC(=O)c2c[nH]c3c2C(=O)CCC3)cc1,TOX27276,0,0,1,,0,0,0,,0,0,,0,297.358,2.5054,3,3,73.99
CC(Cc1ccc(OCC(=O)O)cc1)NCC(O)c1csc(C(F)(F)F)n1,TOX27274,0,0,0,0,0,0,0,0,0,0,0,0,404.41,2.8795,3,6,91.68
Cc1nccn1-c1ccc(Sc2cccc(C3(C(N)=O)CCOCC3)c2)cc1,TOX27272,0,0,0,1,,,,1,0,0,0,0,393.512,3.86542,1,5,70.14
Cc1cc(CCN2CCN(c3nsc4ccccc34)CC2)cc2c1NC(=O)CC2(C)C,TOX27271,0,,0,,,0,,1,,1,,,434.609,4.58922,1,5,48.47
O=c1[nH]c2ccc(S(=O)CCN3CCC(Cc4ccc(F)cc4)CC3)cc2o1,TOX27270,0,0,0,0,1,0,0,1,0,0,,0,402.491,3.3225,1,4,66.31
Nc1cc(Cl)c(O)c(Cl)c1,TOX20720,0,0,1,,0,0,,1,0,0,1,1,178.018,2.2812,2,2,46.25
O=C1CCC(C2CCCCC2)CC1,TOX20721,0,0,0,0,,0,0,,0,0,0,0,180.291,3.326,0,1,17.07
OC1CCC(C2CCCCC2)CC1,TOX20722,0,0,0,0,,0,0,0,0,0,0,0,182.307,3.1178,1,1,20.23
O=C(Nc1ccccc1)c1cc([N+](=O)[O-])ccc1Cl,TOX20723,0,0,1,0,,0,,1,0,,,,276.679,3.5005,1,3,72.24
O=C(O)c1ccc([Hg]Cl)cc1,TOX20725,0,,0,,,1,1,1,,1,,,357.158,1.2464,1,1,37.3
Cc1c(C(=O)NCCO)[n+]([O-])c2ccccc2[n+]1[O-],TOX20726,0,0,0,0,0,0,0,0,0,0,0,0,263.253,-0.86288,2,4,103.21
OC(Cn1cncn1)(c1ccc(F)cc1)c1ccccc1F,TOX20727,0,0,0,1,0,0,0,0,0,0,0,0,301.296,2.4924,1,4,50.94
CCCCOP(=O)(O)OCCCC,TOX20728,0,0,0,0,1,,0,0,0,0,0,0,210.21,2.7202,1,3,55.76
NC(=O)c1ccc([N+](=O)[O-])cc1,TOX2086,0,0,0,0,0,0,0,0,0,0,0,0,166.136,0.6937,1,3,86.23
CCCO[Si](OCCC)(OCCC)OCCC,TOX22382,0,0,0,0,0,0,0,0,0,0,0,0,264.438,3.1284,0,4,36.92
CCCCC[C@H](O)/C=C/[C@H]1[C@H](O)CC(=O)[C@@H]1CCCCCCC(=O)O,TOX2578,0,,0,0,0,0,,,0,,0,0,354.487,3.4751,3,4,94.83
CCCCCCNC(=O)n1cc(F)c(=O)[nH]c1=O,TOX25941,,,,,,,,,,0,,,257.265,0.8137,2,4,83.96
CCCCCCCCCCCC[n+]1ccc2ccccc2c1,TOX26858,0,,,,,0,,,,,1,,298.494,6.0482,0,0,3.88
CCCC(=O)Cl,TOX4710,0,0,0,0,0,0,0,0,0,0,0,0,106.552,1.5519,0,1,17.07
CCCCCCCCCl,TOX1543,0,0,0,0,0,0,0,0,0,1,0,0,148.677,3.5857,0,0,0
Oc1ccccc1Cl,TOX1544,0,0,0,0,0,0,0,0,0,0,0,0,128.558,2.0456,1,1,20.23
CC(Cl)C(=O)O,TOX1545,0,0,0,0,0,,0,0,0,0,0,0,108.524,0.6983,1,1,37.3
O=C(O)CCCl,TOX1546,0,0,0,0,0,0,0,0,0,0,0,0,108.524,0.6999,1,1,37.3
O=[Cd],TOX4715,0,0,0,,0,0,0,0,0,0,0,0,128.411,-0.1213,0,1,17.07
COc1ccc(OC)c(C(O)CNC(=O)CN)c1,TOX27493,0,0,0,0,0,0,0,0,0,0,0,0,254.286,-0.1879,3,5,93.81
CSc1cnccn1,TOX27491,0,0,0,0,0,0,0,0,0,0,0,0,126.184,1.1985,0,3,25.78
C=CC(C)(CCC=C(C)C)OC(=O)C(C)C,TOX27490,0,0,0,0,0,0,0,0,0,0,0,0,224.344,3.8767,0,2,26.3
CCCCCCCCCCOC(=O)c1ccccc1C(=O)OCCCCCCCC,TOX27497,0,0,0,0,0,0,0,0,0,0,0,0,418.618,7.5014,0,4,52.6
CC(C)OC=O,TOX7258,0,0,0,0,0,0,0,0,0,1,0,0,88.106,0.5678,0,2,26.3
N#Cc1cccc(C#N)c1,TOX7259,0,0,0,0,0,0,0,0,0,0,0,0,128.134,1.42996,0,2,47.58
CCOC(=O)/C=C/C(=O)OCC,TOX7253,0,0,0,0,0,0,0,1,0,0,0,0,172.18,0.6688,0,4,52.6
CCC(C)COC(C)=O,TOX7254,0,0,,0,0,0,0,0,0,0,0,0,130.187,1.5956,0,2,26.3
c1ccc(Cc2ccccc2)cc1,TOX21891,0,0,0,0,0,0,0,0,0,0,0,0,168.239,3.2774,0,0,0
C[C@H]1CNCCc2ccc(Cl)cc21,TOX28585,0,0,0,0,0,0,0,0,0,0,0,0,195.693,2.5892,1,1,12.03
Cc1nnc(C(=O)NC(C)(C)c2nc(C(=O)NCc3ccc(F)cc3)c(O)c(=O)n2C)o1,TOX28586,0,0,0,0,0,0,0,0,0,0,0,0,444.423,0.91152,3,9,152.24
O=S(=O)(c1ccccc1)c1ccccc1,TOX21892,0,0,0,0,0,0,0,0,0,0,,0,218.277,2.5194,0,2,34.14
CCC(C)OC(=O)c1ccc(O)cc1,TOX24607,0,0,1,,1,1,0,0,0,0,,0,194.23,2.3475,1,3,46.53
Cc1ccc(NC(=O)N(C)C)cc1NC(=O)N(C)C,TOX24606,0,0,0,0,0,0,0,0,0,0,0,0,264.329,2.18202,2,2,64.68
[O-][n+]1ccccc1SSc1cccc[n+]1[O-],TOX21897,0,1,,,,0,1,,1,,1,1,252.32,1.7528,0,4,53.88
C=COCC1CCC(COC=C)CC1,TOX24604,0,0,0,0,0,0,0,0,0,0,0,0,196.29,3.113,0,2,18.46
N#Cc1c(F)cccc1F,TOX24609,0,0,0,0,0,0,0,0,0,0,0,0,139.104,1.83648,0,1,23.79
CC(O)CN1CCN(CC(=O)[O-])CCN(CC(=O)[O-])CCN(CC(=O)[O-])CC1.[Gd+3],TOX28588,,,,,,,,0,,0,,,558.69,-6.1615,1,11,153.58
S=C=S,TOX3947,0,0,0,0,0,0,0,0,0,0,0,0,76.145,1.0181,0,2,0
Nc1c(NC/C=C\COc2cc(CN3CCCCC3)ccn2)c(=O)c1=O,TOX28728,0,0,0,0,0,0,0,,0,0,0,0,356.426,1.2928,2,7,97.55
CN1[C@H]2CC[C@@H]1C[C@H](NC(=O)n1c(=O)[nH]c3ccccc31)C2,TOX28729,0,0,0,0,0,0,0,0,0,0,,0,300.362,1.5125,2,4,70.13
C1CCc2nnnn2CC1,TOX21091,0,0,0,0,0,0,0,,0,,0,0,138.174,0.3995,0,4,43.6
CC(C(=O)O)c1ccc(/C=C2\CCCCC2=O)cc1,TOX28721,0,0,,,,0,1,1,0,0,0,0,258.317,3.4012,1,2,54.37
CCCCCOc1ccc(C2SC(=O)NC2=O)cc1OCC,TOX28722,0,0,,,0,0,,0,0,0,,0,323.414,3.6784,1,5,64.63
CC[N+](CC)(CC)CCOC(=O)C(C1CCCC1)C1CCCC1,TOX28723,0,0,0,0,0,0,0,0,0,0,0,0,324.529,4.4027,0,2,26.3
CCCCCCCCCCCCCCCCCCNC(=O)OC1CCN(C(=O)OC[C@H](COC(=O)N(Cc2cccc[n+]2CC)C(=O)c2ccccc2OC)OC)CC1,TOX28724,0,,0,,,0,,,,,0,,826.109,9.3853,1,9,136.82
CCOC(=O)c1ccc(OCCN2C[C@H](O)[C@@H](O)[C@H](O)[C@H]2CO)cc1,TOX28725,0,0,0,0,0,0,0,0,0,0,0,0,355.387,-0.9987,4,8,119.69
CCC(C)N(C)C(=O)c1cc2ccccc2c(-c2ccccc2Cl)n1,TOX21097,0,0,0,0,0,0,,,0,0,0,0,352.865,5.4257,0,2,33.2
Cc1ccc(/C=N/n2c(-c3ccccc3)csc2=S)cc1,TOX28727,0,0,1,,,0,0,1,0,0,,0,310.447,5.13671,0,4,17.29
CN(CCCN1c2ccccc2CCc2ccccc21)CC(=O)c1ccc(Cl)cc1,TOX27809,0,0,,0,0,0,,1,,0,,,418.968,5.7815,0,3,23.55
CN(C)CCOC(c1ccc(Cl)cc1)c1ccccn1,TOX27805,0,0,0,0,0,0,0,,0,0,0,0,290.794,3.4026,0,3,25.36
NC[C@@H]1O[C@H](O[C@@H]2[C@@H](CO)O[C@@H](O[C@@H]3[C@@H](O)[C@H](N)C[C@H](N)[C@H]3O[C@H]3O[C@H](CO)[C@@H](O)[C@H](O)[C@H]3N)[C@@H]2O)[C@H](N)[C@@H](O)[C@@H]1O,TOX27806,0,0,0,0,1,0,0,,0,,0,0,615.634,-8.8617,13,19,347.32
Clc1ccc(C(Cl)(Cl)Cl)cn1,TOX8967,0,0,1,,0,0,0,0,0,0,0,0,230.909,3.5617,0,1,12.89
CCC1=C[C@@H]2CN(C1)Cc1c([nH]c3ccccc13)[C@@](C(=O)OC)(c1cc3c(cc1OC)N(C)[C@H]1[C@@](O)(C(=O)OC)[C@H](OC(C)=O)[C@]4(CC)C=CCN5CC[C@]31[C@@H]54)C2,TOX27802,,,,,,,,,,0,,,778.947,4.7536,2,11,133.87
c1ccc(P(c2ccccc2)c2ccccc2)cc1,TOX6251,0,0,0,0,0,0,0,,0,1,,0,262.292,3.4448,0,0,0
c1ccc(OP(Oc2ccccc2)Oc2ccccc2)cc1,TOX6252,0,0,0,0,0,0,0,0,0,0,0,0,310.289,5.4503,0,3,27.69
CC(CCl)OP(=O)(OC(C)CCl)OC(C)CCl,TOX6259,0,0,0,0,0,0,0,0,0,0,0,0,327.572,4.0262,0,4,44.76
ClCCOP(OCCCl)OCCCl,TOX6258,0,0,0,0,0,0,0,0,0,0,0,0,269.492,2.9795,0,3,27.69
CCOC(=O)OCC,TOX5041,0,0,0,0,0,0,0,0,0,0,0,0,118.132,1.1794,0,3,35.53
CCN(C(=O)N(CC)c1ccccc1)c1ccccc1,TOX5040,0,0,0,,0,0,0,,0,0,1,0,268.36,4.1594,0,1,23.55
C=CC(=O)OCCOCCOC(=O)C=C,TOX5045,0,1,0,,1,0,1,1,1,,0,0,214.217,0.4614,0,5,61.83
CCOCCOCCOCC,TOX5047,0,0,,0,1,0,0,0,0,0,,0,162.229,1.076,0,3,27.69
CCOP(=S)(OCC)SCCSCC,TOX2018,0,0,0,0,0,0,0,0,0,0,0,0,274.413,3.7702,0,5,18.46
COCCOCCO,TOX5049,0,0,0,0,0,0,0,0,0,0,0,0,120.148,-0.3583,1,3,38.69
C1CN2CCN1CC2,TOX2016,0,0,0,0,0,0,0,0,0,0,0,0,112.176,-0.3824,0,2,6.48
COc1ccc(OC)cc1,TOX2014,0,0,0,0,0,0,0,0,0,0,0,0,138.166,1.7038,0,2,18.46
CCCCCCCC/C=C\CCCCCCCCO,TOX2010,0,0,0,0,0,0,0,0,0,0,0,0,268.485,6.0162,1,1,20.23
CC(C)OC(=O)C(C)(C)Oc1ccc(C(=O)c2ccc(Cl)cc2)cc1,TOX9874,0,0,0,0,0,0,0,,0,0,0,0,360.837,4.68,0,4,52.6
ClC(Cl)(Cl)Br,TOX3930,0,0,0,0,0,0,0,0,0,0,0,0,198.274,2.709,0,0,0
CC(C)(C)NC[C@H](O)COc1cccc2c1CCCC2=O,TOX777,0,0,0,0,0,0,0,0,0,0,0,0,291.391,2.3334,2,4,58.56
CC(C(=O)O)c1cccc(C(=O)c2ccccc2)c1,TOX771,0,0,0,0,0,0,0,0,0,0,0,0,254.285,3.1057,1,2,54.37
C[C@H](CCC(=O)O)[C@H]1CC[C@H]2[C@@H]3CC[C@@H]4C[C@H](O)CC[C@]4(C)[C@H]3CC[C@@]21C,TOX779,0,0,0,0,0,0,,1,0,,1,,376.581,5.5071,2,2,57.53
C=C(C)[C@H]1CC=C(C)CC1,TOX778,0,0,0,0,0,0,0,0,0,0,0,0,136.238,3.3089,0,0,0
Nc1nc(=O)[nH]cc1F,TOX3059,0,,0,0,0,0,0,0,0,0,0,0,129.094,-0.5088,2,3,71.77
O=C(O)Cc1sc(-c2ccccc2)nc1-c1ccc(Cl)cc1,TOX3050,0,,1,0,0,0,1,0,0,0,1,0,329.808,4.7576,1,3,50.19
CC(C)=CCC1C(=O)N(c2ccccc2)N(c2ccccc2)C1=O,TOX3051,1,0,,,,0,,1,0,1,,1,320.392,3.9539,0,2,40.62
O=c1[nH]c(=O)n([C@H]2C[C@H](O)[C@@H](CO)O2)cc1F,TOX3057,,,0,0,0,0,,1,0,0,0,1,246.194,-1.6836,3,6,104.55
O=CC1CC=CCC1,TOX6661,0,0,0,0,0,0,0,0,0,0,0,0,110.156,1.5416,0,1,17.07
CS(=O)(=O)c1ccc(C(=O)C2C(=O)CCCC2=O)c([N+](=O)[O-])c1,TOX12424,0,0,0,0,0,0,0,0,0,0,1,0,339.325,1.1193,0,7,128.49
CC1=C(/C=C/C(C)=C/C=C\C(C)=C\C(=O)O)C(C)(C)CCC1,TOX1239,0,0,,0,,1,1,,1,1,1,,300.442,5.6026,1,1,37.3
SCc1ccccc1,TOX6664,0,0,0,,1,0,0,0,0,0,,0,124.208,2.1164,1,1,0
N#Cc1cccnc1,TOX6665,0,0,1,0,0,0,0,0,0,0,0,0,104.112,0.95328,0,2,36.68
O=S(=O)([O-])C(F)(F)C(F)(F)C(F)(F)C(F)(F)C(F)(F)C(F)(F)C(F)(F)C(F)(F)F,TOX17706,0,0,0,,0,0,0,0,0,0,,,499.118,4.4985,0,3,57.2
CCC1(CC)C(=O)C=CNC1=O,TOX25262,0,0,0,0,0,0,0,0,0,0,0,0,167.208,1.0054,1,2,46.17
O=C(OCC(COC(=O)c1ccccc1)(COC(=O)c1ccccc1)COC(=O)c1ccccc1)c1ccccc1,TOX4608,0,,0,0,0,,,0,0,,1,,552.579,5.4008,0,8,105.2
COc1c2occc2c(OC)c2c(=O)cc(C)oc12,TOX25267,0,0,1,0,0,0,0,0,0,0,0,0,260.245,2.86482,0,5,61.81
Nc1ccc(S(=O)(=O)Nc2ccc(Cl)nn2)cc1,TOX25265,0,0,0,0,0,0,0,0,0,0,0,0,284.728,1.513,2,5,97.97
O=C(O)CO,TOX5363,0,0,0,0,0,0,0,0,0,0,,0,76.051,-0.9367,2,2,57.53
O=CC=O,TOX5364,0,0,0,0,1,0,0,0,0,0,0,0,58.036,-0.6158,0,2,34.14
CC1CCC(C(C)C)C(O)C1,TOX805,0,0,0,0,0,0,0,0,0,0,0,0,156.269,2.4395,1,1,20.23
CN(C)CCOC(C)(c1ccccc1)c1ccccn1.O=C(O)CCC(=O)O,TOX552,0,0,0,0,1,0,0,0,0,0,0,0,388.464,2.8591,2,5,99.96
Sc1nc2ccccc2s1,TOX807,0,0,1,0,0,0,1,1,0,1,1,0,167.258,2.585,1,3,12.89
NCCc1ccc(O)c(O)c1,TOX2420,0,0,0,0,,0,0,1,0,0,0,0,153.181,0.599,3,3,66.48
O=c1oc2c(O)c(O)cc3c(=O)oc4c(O)c(O)cc1c4c23,TOX557,0,0,0,0,0,0,0,,0,0,0,0,302.194,1.3128,4,8,141.34
Cc1cnc(NC(=O)C2=C(O)c3ccccc3S(=O)(=O)N2C)s1,TOX803,1,0,0,0,1,0,0,0,0,0,1,0,351.409,1.95092,2,6,99.6
Nc1nc(N)nc(N)n1,TOX802,0,0,0,0,0,0,0,0,0,0,0,0,126.123,-1.3818,3,6,116.73
CC[C@H]1CN2CCc3cc(OC)c(OC)cc3[C@@H]2C[C@@H]1C[C@H]1NCCc2cc(OC)c(OC)cc21,TOX2980,0,0,0,1,,0,,,,0,,0,480.649,4.9434,1,6,52.19
O=S(=O)([O-])CCS,TOX809,0,0,0,0,0,0,0,0,0,0,0,0,141.193,-0.5386,1,4,57.2
CCn1cc[n+](C)c1C.O=S(=O)([N-]S(=O)(=O)C(F)(F)F)C(F)(F)F,TOX29091,0,0,0,0,0,0,0,0,0,0,,0,405.342,1.70022,0,5,91.19
CCCCCCCCCCCCSCCOCCO,TOX26042,0,0,0,0,0,0,0,,0,0,0,0,290.513,4.6494,1,3,29.46
N=C(N)n1cccn1,TOX26517,0,0,0,0,0,0,0,,0,,0,0,110.12,-0.37533,2,3,67.69
FC(F)(F)COCC(F)(F)F,TOX26516,0,0,0,0,,0,0,,0,,0,0,182.063,2.1276,0,1,9.23
Cc1c(I)c(=O)n(-c2ccccc2)n1C,TOX26047,0,0,0,0,0,0,0,0,0,0,0,0,314.126,2.08902,0,3,26.93
CCC(C(N)=O)N1CCCC1=O,TOX26510,0,0,0,0,1,0,0,0,0,0,0,0,170.212,-0.1273,1,2,63.4
CC(=O)N[C@@H](Cc1ccc(O)cc1)C(=O)O,TOX26045,0,0,0,0,0,0,0,0,0,0,0,0,223.228,0.524,3,3,86.63
OCC(O)CS,TOX26512,,0,0,,0,0,0,0,0,0,0,0,108.162,-0.7306,3,3,40.46
CC(=O)c1ccc2ccc3ccccc3c2c1,TOX29099,0,0,1,,1,0,0,,0,0,1,1,220.271,4.1956,0,1,17.07
Nc1ccc(NCCO)c([N+](=O)[O-])c1,TOX1236,0,0,1,0,0,0,0,1,0,0,1,0,197.194,0.5812,3,5,101.42
Cc1cc(C)c(S(=O)(=O)[O-])cc1N=Nc1cc(S(=O)(=O)[O-])c2ccccc2c1O,TOX1234,0,0,0,0,0,0,0,0,0,0,,0,434.451,3.38584,1,9,159.35
COc1ccccc1N1CCN(CCCCNC(=O)c2ccc(-c3ccc(C(C)=O)cc3)cc2)CC1,TOX22602,0,0,0,0,0,0,0,,0,0,0,0,485.628,4.897,1,5,61.88
[Be+2],TOX4603,0,0,0,0,0,0,0,0,0,0,,0,9.012,-0.3808,0,0,0
COCCOCCOCCOCCO,TOX7829,0,0,0,0,0,0,0,0,0,0,,0,208.254,-0.3251,1,5,57.15
Cc1cccc(Oc2ccccc2)c1,TOX7537,0,0,0,,0,0,0,0,0,0,0,0,184.238,3.78732,0,1,9.23
CCCCCCCCCCCCCCCCCCCl,TOX7536,0,0,0,0,0,0,0,0,0,0,0,0,288.947,7.4867,0,0,0
O=C(CC(C(=O)OC1CCCCC1)S(=O)(=O)[O-])OC1CCCCC1,TOX7826,0,0,0,0,0,0,0,0,0,0,0,0,361.436,2.0421,0,7,109.8
CC/C(C)=N/O[Si](C)(O/N=C(\C)CC)O/N=C(\C)CC,TOX7823,0,0,,0,0,0,0,0,0,0,0,0,301.463,3.9626,0,6,64.77
CC(C)(C)C(=O)C(Cl)Cl,TOX7822,0,0,0,0,0,0,0,0,0,0,0,0,169.051,2.4053,0,1,17.07
CCCOc1nn(C(=O)[N-]S(=O)(=O)c2ccccc2C(=O)OC)c(=O)n1C,TOX14864,0,0,,0,0,0,0,0,0,0,0,0,397.389,0.8879,0,10,140.66
CCCCCCC(CCCCCCCCCCC(=O)OCC(COC(C)=O)OC(C)=O)OC(C)=O,TOX27394,0,0,0,0,0,0,0,0,0,0,0,0,500.673,5.8275,0,8,105.2
CC(C)CCCCCCOC(=O)C1CCCCC1C(=O)OCCCCCCC(C)C,TOX27395,0,0,0,0,0,0,0,0,0,0,,0,424.666,7.0922,0,4,52.6
c1ccc2cnccc2c1,TOX27644,0,0,0,0,0,0,0,,0,0,0,0,129.162,2.2348,0,1,12.89
C=CC(C)(CCC=C(C)C)OC=O,TOX27642,0,0,0,0,0,0,0,0,0,0,0,0,182.263,2.8505,0,2,26.3
Cc1nc(-c2ccccn2)ncc1C(=O)Nn1cc(C)c2cc(F)ccc21,TOX27391,0,0,1,0,,0,,,0,,0,0,361.38,3.63314,1,5,72.7
CCCCCCCCCCCCOC(C)=O,TOX27641,0,0,,0,0,0,0,0,0,0,0,0,228.376,4.4704,0,2,26.3
CC1C(C)(C)C2=C(C(=O)CCC2)C1(C)C,TOX27399,0,0,0,0,0,0,0,0,0,0,0,0,206.329,3.7381,0,1,17.07
CC(=O)OCCCc1ccccc1,TOX27648,0,0,0,0,0,0,0,0,0,0,0,0,178.231,2.1823,0,2,26.3
COc1ccc(COC=O)cc1,TOX27649,0,0,,0,0,0,0,0,0,0,0,0,166.176,1.3682,0,3,35.53
Oc1ccc(Cl)c2c1CCC2,TOX21774,0,0,,0,0,0,0,,0,,1,0,168.623,2.5343,1,1,20.23
CC(C)=CCC/C(C)=C/CC/C(C)=C/CO,TOX12389,0,0,0,,,0,0,,0,,0,0,222.372,4.3979,1,1,20.23
O=C(NC(=O)c1c(F)cccc1F)Nc1cc(Cl)c(Oc2ncc(C(F)(F)F)cc2Cl)c(Cl)c1,TOX21772,0,,0,,,0,,1,0,,1,1,540.659,7.093,2,4,80.32
CC(C)OC(=O)C(O)(c1ccc(Cl)cc1)c1ccc(Cl)cc1,TOX21778,0,0,0,,0,0,,,0,0,1,,339.218,4.1809,1,3,46.53
OC[C@H](O)[C@@H](O)[C@H](O[C@@H]1O[C@H](CO)[C@H](O)[C@H](O)[C@H]1O)[C@H](O)CO,TOX24247,0,1,0,0,1,1,0,0,0,0,0,0,344.313,-5.7612,9,11,200.53
FC1(F)C(F)(F)C(F)(F)C2(F)C(F)(C1(F)F)C(F)(F)C(F)(F)C1(F)C(F)(F)C(F)(F)C(F)(F)C(F)(F)C12F,TOX27029,0,0,0,0,,0,0,0,0,0,0,0,624.106,7.2134,0,0,0
CC1(C)O[C@@H]2CO[C@@]3(COS(N)(=O)=O)OC(C)(C)O[C@H]3[C@@H]2O1,TOX3688,0,0,0,0,0,0,0,0,0,0,0,0,339.366,-0.3954,1,8,115.54
CC(C)CC(C)CC(C)CC(C)COC(=O)c1ccccc1C(=O)OCC(C)CC(C)CC(C)CC(C)C,TOX27027,0,0,0,0,,0,0,0,0,0,0,0,530.834,9.4694,0,4,52.6
F[B-](F)(F)F,TOX1477,0,0,0,0,0,0,0,0,0,0,0,0,86.804,1.3,0,0,0
c1ccc2sc(SN3CCOCC3)nc2c1,TOX1096,,,,,,,,0,,0,,,252.364,2.6356,0,5,25.36
CC(C)(C)NCC(O)c1cc(Cl)c(N)c(Cl)c1,TOX2833,0,0,,0,0,0,0,0,,0,,,277.195,2.9971,3,3,58.28
C=C(Nc1ccc(OCC)cc1)Nc1ccc(OCC)cc1,TOX26062,0,0,0,0,0,0,0,,0,,0,0,298.386,4.4792,2,4,42.52
C[N+]12CCC(CC1)C(OC(=O)C(O)(c1ccccc1)c1ccccc1)C2,TOX2835,0,0,0,0,0,0,0,0,0,0,0,0,352.454,2.7045,1,3,46.53
Oc1c(I)cc(Cl)c2cccnc12,TOX2837,0,0,1,0,,0,0,1,0,1,1,,305.502,3.1984,1,2,33.12
CC(C)/N=c1/cc2n(-c3ccc(Cl)cc3)c3ccccc3nc-2cc1Nc1ccc(Cl)cc1,TOX2839,0,0,0,0,0,0,0,,0,,0,0,473.407,7.4898,1,4,42.21
C=CCOC(=O)CCCCCC,TOX24754,0,0,0,0,0,0,0,0,0,0,,0,170.252,2.686,0,2,26.3
O=C(Nc1cccc(C(F)(F)F)c1)c1cc(Br)cc(Br)c1O,TOX21985,0,,,,,0,0,,0,1,1,1,439.025,5.1883,2,2,49.33
COc1cc(C(=O)NCCCCCC(=O)O)cc(OC)c1OC,TOX25695,0,0,0,0,0,0,0,0,0,0,0,0,325.361,2.0872,2,5,94.09
O=S(=O)(Cl)Cl,TOX9707,0,0,,0,0,0,0,,0,0,0,0,134.971,0.7088,0,2,34.14
C=C(Cl)CSC(=S)N(CC)CC,TOX1289,0,0,0,,0,0,0,1,0,,0,0,223.794,3.0988,0,2,3.24
OC[C@H]1O[C@H](O[C@]2(CO)O[C@H](CO)[C@@H](O)[C@@H]2O)[C@H](O)[C@@H](O)[C@@H]1O,TOX1288,0,0,0,0,0,0,0,0,0,0,0,0,342.297,-5.3956,8,11,189.53
O=S(=O)([O-])[S-],TOX9703,0,0,0,0,0,0,0,0,0,0,0,0,112.131,-1.0065,0,4,57.2
CC(=O)NS(=O)(=O)c1ccc(N)cc1,TOX6060,0,0,0,0,0,0,0,0,0,0,0,0,214.246,0.0936,2,4,89.26
C=C1C(C)(C)[C@@]2(Cl)C(Cl)[C@]1(Cl)C(Cl)(Cl)C2(Cl)Cl,TOX1283,0,0,,,,,0,1,0,1,1,,377.353,5.5064,0,0,0
CN(N=O)C(=O)N[C@H]1[C@@H](O)O[C@H](CO)[C@@H](O)[C@@H]1O,TOX1282,0,0,0,0,0,0,0,0,0,0,0,0,265.222,-2.8909,5,8,151.92
O=C1CCC(=O)O1,TOX1287,0,0,0,0,0,0,0,0,0,0,0,0,100.073,-0.15,0,3,43.37
c1ccc(C2CO2)cc1,TOX1286,0,0,0,0,0,0,0,0,0,0,0,0,120.151,1.7579,0,1,12.53
Nc1ccc(S(=O)(=O)Nc2nccs2)cc1,TOX6068,0,0,0,0,0,0,0,0,0,1,0,0,255.324,1.5261,2,5,85.08
C=Cc1ccccc1,TOX1284,0,0,0,0,0,0,0,0,0,0,0,0,104.152,2.3296,0,0,0
Cc1cc(=O)oc2cc(O)ccc12,TOX5670,1,0,0,0,0,0,0,0,0,,0,1,176.171,1.80702,1,3,50.44
C=CC(C)=O,TOX5671,0,0,0,0,0,0,0,0,0,0,0,0,70.091,0.7614,0,1,17.07
CC(CCc1ccc(O)cc1)NCCc1ccc(O)c(O)c1,TOX2958,0,0,,,0,0,0,0,0,0,,0,301.386,2.9568,4,4,72.72
CCCCC(CC)COC(=O)CC(C(=O)OCC(CC)CCCC)S(=O)(=O)[O-],TOX2959,0,1,0,0,1,0,0,1,0,,0,,421.576,3.8095,0,7,109.8
CCCCCCOc1ccccc1C(N)=O,TOX25899,0,0,1,,,0,0,1,0,0,1,0,221.3,2.7446,1,2,52.32
CC(=O)Nc1ccc(S(=O)(=O)Nc2ccc([N+](=O)[O-])cc2)cc1,TOX25898,0,0,0,0,0,0,0,,0,,1,0,335.341,2.354,2,5,118.41
CC[C@@H](C(=O)[C@@H](C)[C@@H](O)[C@H](C)CCc1ccc(C)c(O)c1C(=O)[O-])[C@H]1O[C@](CC)([C@H]2CC[C@](O)(CC)[C@H](C)O2)C[C@@H]1C,TOX25895,1,,0,,0,0,0,,,,1,1,589.79,4.50752,3,8,136.35
O=C1C(O)=C(O)C(=O)C(O)=C1O,TOX25897,0,0,0,0,0,0,0,0,0,0,0,0,172.092,-0.2066,4,6,115.06
CCCC(=O)O[C@]1(C(=O)CO)CC[C@H]2[C@@H]3CCC4=CC(=O)CC[C@]4(C)[C@H]3[C@@H](O)C[C@@]21C,TOX25896,,,,,,,,0,,0,,,432.557,3.1326,2,6,100.9
CC(N)CCCC(C)(C)O,TOX25891,0,0,,0,0,0,0,0,0,0,0,0,145.246,1.2748,2,2,46.25
CCc1cn([C@H]2C[C@H](O)[C@@H](CO)O2)c(=O)[nH]c1=O,TOX25890,0,0,0,,0,0,0,,0,,0,0,256.258,-1.2603,3,6,104.55
COc1ccc(-c2cc(=O)c3c(O)cc(O[C@@H]4O[C@H](CO[C@@H]5O[C@@H](C)[C@H](O)[C@@H](O)[C@H]5O)[C@@H](O)[C@H](O)[C@H]4O)cc3o2)cc1O,TOX25892,0,0,1,0,0,0,0,,0,0,0,0,608.549,-1.0897,8,15,238.2
CCc1cccc(O)c1,TOX2480,0,0,0,0,0,0,0,0,0,0,0,0,122.167,1.9546,1,1,20.23
O=C(c1ccccc1)c1ccc(O)cc1,TOX16684,0,,0,,1,,0,,0,,1,0,198.221,2.6232,1,2,37.3
Oc1ccc(C(=C(Cl)Cl)c2ccc(O)cc2)cc1,TOX2485,0,0,,,1,,,1,0,1,1,,281.138,4.2923,2,2,40.46
O=C(O)/C=C/c1ccccc1,TOX2489,0,0,0,0,0,0,0,0,0,0,0,0,148.161,1.7844,1,1,37.3
O=C(NCCN1CCOCC1)c1ccc(Cl)cc1,TOX20554,1,1,0,0,1,0,0,0,0,0,0,0,268.744,1.402,1,3,41.57
CCCCCCCCCCCCOCCCN,TOX26241,0,0,0,0,0,0,0,,0,,0,0,243.435,4.2727,1,2,35.25
CCc1cccc(CC)c1NC(=O)CN(CC(=O)O)CC(=O)O,TOX25492,0,0,0,0,0,0,0,0,0,0,0,0,322.361,1.2211,3,4,106.94
COc1ccc(C(=O)CCC(=O)O)c2ccccc12,TOX26240,0,,0,0,0,0,0,,0,,0,0,258.273,2.8959,1,3,63.6
O=C(OCCO)c1ccccc1O,TOX28913,0,0,0,0,0,0,0,,0,,0,0,182.175,0.5413,2,4,66.76
O=C([O-])CC(S[Au])C(=O)[O-],TOX28912,0,0,0,0,0,0,0,,0,,0,0,344.098,-2.5601,0,5,80.26
CCC(=O)O[C@H]1CC[C@H]2[C@@H]3CCc4cc(O)ccc4[C@H]3CC[C@]12C,TOX28911,1,1,0,0,1,1,0,,0,,,1,328.452,4.5701,1,3,46.53
O=C(O)c1cc2ccccc2c(Cc2c(O)c(C(=O)O)cc3ccccc23)c1O,TOX28910,0,0,1,0,1,1,0,,0,,,0,388.375,4.3914,4,4,115.06
CCOc1ccc(C[C@H]2NC(=O)CCSSC[C@@H](C(=O)N3CCC[C@H]3C(=O)N[C@@H](CCCN)C(=O)NCC(N)=O)NC(=O)[C@H](CC(N)=O)NC(=O)[C@H]([C@@H](C)O)NC(=O)[C@H]([C@@H](C)CC)NC2=O)cc1,TOX28917,0,0,0,0,0,0,0,,0,,0,0,994.208,-3.0446,11,15,365.67
CCCC1([C@H](O)C/C=C/[C@H]2[C@H](O)CC(=O)[C@@H]2CCCCCCC(=O)OC)CCC1,TOX28919,0,,0,,0,,,,0,,,1,408.579,4.3437,2,5,83.83
CSCC[C@H](NC(=O)[C@H](Cc1c[nH]c2ccccc12)NC(=O)CCNC(=O)OC(C)(C)C)C(=O)N[C@@H](CC(=O)O)C(=O)N[C@@H](Cc1ccccc1)C(N)=O,TOX28918,0,0,0,0,0,0,0,0,0,0,0,0,767.906,1.5202,8,9,250.91
O=C1c2ccccc2C(=O)C1c1ccc(Br)cc1,TOX26244,,,,,,,,,,0,,,301.139,3.6119,0,2,34.14
C1CNCCN1.C[C@H](CCC(=O)O)[C@H]1CC[C@H]2[C@H]3[C@H](C[C@H](O)[C@@]21C)[C@@]1(C)CC[C@@H](O)C[C@H]1C[C@H]3O,TOX25094,0,0,0,0,0,0,0,,0,,0,0,494.717,2.6279,6,6,122.05
CN1[C@H]2CC[C@@H]1C[C@H](OC(c1ccccc1)c1ccccc1)C2,TOX2659,0,0,0,0,0,0,0,,0,,0,0,307.437,4.4178,0,2,12.47
CC(C)(C)c1ccc(CN2CCN(C(c3ccccc3)c3ccc(Cl)cc3)CC2)cc1,TOX25091,0,0,0,1,,0,0,,0,,1,0,433.039,6.5447,0,2,6.48
OC(CCN1CCCCC1)(c1ccccc1)c1ccccc1,TOX25090,0,0,1,0,0,0,0,0,0,0,,0,295.426,3.7985,1,2,23.47
O=C(O)CCc1nc2ccccc2[nH]1,TOX25093,0,0,0,0,0,0,0,0,0,0,0,0,190.202,1.5801,2,2,65.98
CN1CCN(c2c(F)cc3c(=O)c(C(=O)O)cn(CCF)c3c2F)CC1,TOX26714,0,0,0,0,,0,0,0,0,0,0,0,369.343,1.6992,1,5,65.78
CC(C)=O,TOX1482,0,0,0,0,0,0,0,0,0,0,,0,58.08,0.5953,0,1,17.07
NC(=O)[C@@H]1CCCN1C(=O)[C@H](Cc1cnc[nH]1)NC(=O)[C@@H]1CCC(=O)N1,TOX3533,0,0,0,0,0,0,0,,0,,0,0,362.39,-1.8081,4,5,150.28
C[C@@H]1O[C@@H](O[C@@H]2C=C3CC[C@@H]4[C@H](CC[C@]5(C)[C@@H](c6ccc(=O)oc6)CC[C@]45O)[C@@]3(C)CC2)[C@H](O)[C@H](O)[C@H]1O,TOX3532,,,0,,,,,,,0,1,0,530.658,3.0138,4,8,129.59
CC(O)Cn1cnc2c1c(=O)n(C)c(=O)n2C,TOX3536,0,0,0,0,0,0,0,0,0,0,0,0,238.247,-1.1855,1,7,82.05
O=NN(CCO)CCO,TOX1027,0,0,0,0,0,0,0,0,0,0,0,0,134.135,-1.0456,2,4,73.13
CCCCN(CCCC)N=O,TOX1026,0,0,0,0,0,0,0,0,0,0,0,0,158.245,2.57,0,2,32.67
C#CC1(O)CCCCC1,TOX1757,0,0,0,0,0,0,0,0,0,0,0,0,124.183,1.3148,1,1,20.23
Nc1cccc2c(O)nnc(O)c12,TOX4504,0,0,0,0,0,0,0,0,0,0,0,0,177.163,0.6232,3,5,92.26
OCC(F)(F)F,TOX1751,0,0,0,0,0,0,0,0,0,0,,0,100.039,0.541,1,1,20.23
CC(=O)CN(CC(C)=O)N=O,TOX1022,0,0,0,0,0,0,0,0,0,0,0,0,158.157,0.1478,0,4,66.81
Cc1ccc2nc(-c3ccc(N)cc3)sc2c1S(=O)(=O)O,TOX4501,,0,1,,1,0,,,1,,,,320.395,3.10062,2,5,93.28
CC(=O)C(C)(C)C,TOX1752,0,0,0,0,0,0,0,0,0,0,0,0,100.161,1.6215,0,1,17.07
CN(C)S(=O)(=O)N(SC(F)(Cl)Cl)c1ccccc1,TOX21851,0,,0,1,,0,,,0,1,1,,333.237,3.006,0,3,40.62
CC(C)CO,TOX1759,0,0,0,0,0,0,0,0,0,0,0,0,74.123,0.6347,1,1,20.23
CCCCOCCOP(=O)(OCCOCCCC)OCCOCCCC,TOX1758,0,0,0,,0,0,0,,0,0,0,0,398.477,4.5944,0,7,72.45
Nc1nc(CC(=O)O)cs1,TOX4509,0,0,,0,0,0,0,0,0,0,0,0,158.182,0.3524,2,4,76.21
Nc1nccs1,TOX4508,0,0,0,0,0,0,0,0,0,0,,0,100.146,0.7253,1,3,38.91
CN(C)CCCCl,TOX2227,0,0,0,0,,0,0,0,0,0,0,0,121.611,1.1769,0,1,3.24
Oc1cc(Cl)c(Cl)c(Cl)c1Cl,TOX2220,0,,1,,,0,,,0,1,1,,231.893,4.0058,1,1,20.23
Nc1ccc(C(=O)OCC(O)CO)cc1,TOX22002,,,,,,,,0,,0,,,211.217,-0.2212,3,5,92.78
COc1cc(C[C@H](C)N)c(OC)cc1C,TOX28811,0,0,0,0,0,0,0,,0,,,0,209.289,1.90192,1,3,44.48
Cc1cc(OCCOCC[N+](C)(C)Cc2ccccc2)ccc1C(C)(C)CC(C)(C)C,TOX15708,0,,0,,,0,,1,,,1,,426.665,6.38082,0,2,18.46
[N-]=[N+]=C1C=Cc2c(cccc2S(=O)(=O)[O-])C1=O,TOX21178,0,0,0,0,,0,0,0,,0,,0,249.227,0.471,0,4,110.67
Nc1cc(C(=O)O)ccc1Cl,TOX24414,0,0,0,0,0,0,0,0,0,0,0,0,171.583,1.6204,2,2,63.32
COc1ccccc1OCC(O)COC(N)=O,TOX3286,0,0,0,0,0,0,0,0,0,0,0,0,241.243,0.5302,2,5,91.01
CC(=O)N=c1sc(S(N)(=O)=O)nn1C,TOX3281,0,0,0,0,0,0,0,,0,,0,0,236.278,-1.4238,1,6,107.41
CCC1(CC)C(=O)NC(=O)N(C)C1=O,TOX3280,0,0,,0,0,0,0,,0,,0,0,198.222,0.501,1,3,66.48
CC[C@@H](CO)NC(=O)[C@@H]1C=C2c3cccc4[nH]cc(c34)C[C@H]2N(C)C1,TOX3283,0,0,,0,0,0,0,0,0,0,0,0,339.439,1.9247,3,3,68.36
CN1C(C)(C)CC(O)CC1(C)C,TOX24411,0,0,,0,0,0,0,0,0,0,0,0,171.284,1.6301,1,2,23.47
CCCCOCCOC(=O)COc1ccc(Cl)cc1Cl,TOX12309,0,0,0,0,,0,0,0,0,0,0,0,321.2,3.7321,0,4,44.76
CCCC/C=C\CCCCCCCCCC=O,TOX12303,0,0,0,0,1,0,0,0,0,0,0,0,238.415,5.4426,0,1,17.07
CCCC/C=C/CCCCO,TOX15305,0,0,0,0,,0,0,0,0,0,,0,156.269,2.8954,1,1,20.23
CCC1(CC)C(=O)N=C([O-])NC1=O,TOX128,0,0,0,0,0,0,0,0,0,0,0,0,183.187,-0.8345,1,3,81.59
O=C1CC(=O)NC(=O)N1,TOX129,0,0,0,0,0,0,0,0,0,0,,0,128.087,-1.2575,2,3,75.27
COP(=S)(OC)SCn1nnc2ccccc2c1=O,TOX122,0,0,0,1,0,0,0,1,0,0,0,0,317.332,1.9995,0,8,66.24
c1ccc(N=Nc2ccccc2)cc1,TOX123,0,0,0,0,1,0,0,0,0,0,0,0,182.226,4.102,0,2,24.72
CC1=C(C(=O)OC(C)C)C(c2cccc([N+](=O)[O-])c2)C(C(=O)OC2CN(C(c3ccccc3)c3ccccc3)C2)=C(N)N1,TOX120,0,,0,,,,,1,,,,,582.657,4.6945,2,9,137.03
[N-]=[N+]=[N-],TOX121,0,0,0,0,0,0,0,0,0,0,0,0,42.021,0.8661,0,0,58.7
Cc1cn([C@H]2C[C@H](N=[N+]=[N-])[C@@H](CO)O2)c(=O)[nH]c1=O,TOX127,0,0,0,0,1,0,0,0,0,0,0,0,267.245,-0.19628,2,6,133.08
C/C(=C\c1ccccc1)[N+](=O)[O-],TOX21188,0,,0,,,0,,,,1,1,,163.176,2.3241,0,2,43.14
CCCCN(CCO)CCO,TOX24354,0,0,,0,0,0,0,0,0,0,0,0,161.245,0.0731,2,3,43.7
N#CCc1ccc(Cl)cc1Cl,TOX21185,0,0,0,0,0,0,0,0,0,0,0,0,186.041,3.05948,0,1,23.79
C=C1CC[C@H]2C[C@@H]1C2(C)C,TOX21184,0,0,0,0,0,0,0,0,0,0,,0,136.238,2.9987,0,0,0
CCOC(=O)Cc1ccccc1,TOX24353,0,0,0,0,0,0,0,,0,0,0,0,164.204,1.7922,0,2,26.3
Cc1cc(O)c(C(C)C)cc1Cl,TOX21547,0,,0,,,0,0,0,0,0,1,,184.666,3.47742,1,1,20.23
O=c1[nH]c2ccc(Cl)cc2o1,TOX21545,0,0,,0,0,0,0,1,0,0,0,0,169.567,1.7745,1,2,46
CC1CC(=O)NN=C1c1ccc(NCC(C)(C)NCC(O)COc2cc(Cl)ccc2C#N)cc1,TOX28671,0,0,1,0,0,0,0,0,0,0,,0,484,3.29178,4,7,118.77
CC(C)CCC(=O)CCC(C)C,TOX21541,0,0,1,0,0,0,0,,0,0,0,0,170.296,3.4279,0,1,17.07
O=C(O)COc1ccccc1,TOX5873,0,0,0,0,0,0,0,0,0,0,0,0,152.149,1.15,1,2,46.53
c1ccc2nccnc2c1,TOX29392,,0,0,0,0,0,0,0,0,0,0,0,130.15,1.6298,0,2,25.78
O=C1CCN(c2ccccc2)N1,TOX29393,0,0,,,0,0,,0,0,0,0,0,162.192,0.9279,1,2,32.34
CC(C)=CCC1=C(O)C(=O)c2ccccc2C1=O,TOX29390,0,,1,0,,,,1,0,0,1,1,242.274,3.234,1,3,54.37
O=C1c2ccccc2Cc2ccccc21,TOX29391,,0,,,1,,0,0,0,0,1,0,194.233,2.8218,0,1,17.07
C#CCOc1ccc2c(C)cc(=O)oc2c1,TOX25699,1,0,,,0,0,0,,0,,0,0,214.22,2.11342,0,3,39.44
Cc1cc(C)c(NC(=O)CN(CC(=O)O)CC(=O)O)c(C)c1Br,TOX26891,0,0,0,0,0,0,0,0,0,0,0,0,387.23,1.78406,3,4,106.94
CC/C=C\CCOC(=O)c1ccccc1O,TOX17750,0,0,,0,0,0,0,0,0,0,0,0,220.268,2.9053,1,3,46.53
CC(=O)OCC(C)C,TOX6837,,0,0,,,0,0,0,0,0,0,0,116.16,1.2055,0,2,26.3
CC(C)(O)CCC(C)(C)O,TOX6830,0,0,0,0,0,0,0,0,0,0,0,0,146.23,1.3084,2,2,40.46
CCCCCCCCCCCCCC(=O)OC(C)C,TOX6838,0,0,0,0,0,0,0,0,0,0,0,0,270.457,5.6391,0,2,26.3
CC(=O)OC1CCCCC1C(C)(C)C,TOX16105,0,0,0,0,0,0,0,0,0,0,0,0,198.306,3.1544,0,2,26.3
Cc1oncc1C(=O)Nc1ccc(C(F)(F)F)cc1,TOX3201,0,,1,,0,0,0,1,1,1,1,0,270.21,3.25412,1,3,55.13
Cc1c(OCC(F)(F)F)ccnc1CS(=O)c1nc2ccccc2[nH]1,TOX3200,0,0,1,,,0,0,1,0,0,0,0,369.368,3.51522,1,4,67.87
CC(C)CCC[C@@H](C)[C@H]1CC[C@H]2[C@@H]3CC[C@@H]4C[C@H](O)CC[C@]4(C)[C@H]3CC[C@@]21C,TOX26700,0,0,0,0,0,0,0,,0,,0,0,388.68,7.4686,1,1,20.23
C=C[C@]1(C)C[C@@H](OC(=O)CSCCN(CC)CC)[C@]2(C)C(C)CC[C@]3(CCC(=O)[C@H]32)[C@@H](C)[C@@H]1O,TOX26701,0,0,,0,0,0,0,,0,,0,0,493.754,4.9679,1,6,66.84
CO/N=C(\C(=O)N[C@@H]1C(=O)N2C(C(=O)O)=C(CSC(=O)c3ccco3)CS[C@H]12)c1csc(N)n1,TOX26702,0,0,0,0,0,0,0,,0,,0,0,523.574,0.981,3,12,177.42
CCCCCCCCCCCCCCCCC(C(=O)O)C(O)(CC(=O)O)C(=O)O,TOX26705,,,,,,,,0,,,,,416.555,4.849,4,4,132.13
NC(=O)N[C@@H](CCC(=O)O)C(=O)O,TOX26706,0,0,,0,0,0,0,0,0,0,0,0,190.155,-1.0273,4,3,129.72
O=C1CC[C@@H](C(=O)N[C@H]2C[C@@H]2c2ccccc2)N1,TOX26259,0,0,0,0,0,0,0,,0,,0,0,244.294,0.9373,2,2,58.2
CC(=O)Nc1ccc(OC(C)=O)cc1,TOX26256,0,0,0,0,0,0,0,,0,,0,0,193.202,1.5703,1,3,55.4
CC1CCCCN1CCCOC(=O)c1ccccc1,TOX26709,0,0,0,0,0,0,0,,0,,0,0,261.365,3.1079,0,3,29.54
O=C1C(=Cc2cccs2)CCCC1=Cc1cccs1,TOX26254,0,0,1,,1,,0,,1,,,0,286.421,5.0296,0,3,17.07
C(=Cc1ccncc1)c1ccccc1,TOX26255,0,0,1,1,1,0,0,,1,,1,0,181.238,3.252,0,1,12.89
c1ccc2c(c1)Sc1ccccc1N2CCN1CCCC1,TOX26252,0,0,,0,0,0,,,0,,,0,296.439,4.3851,0,3,6.48
CNC(=O)Oc1ccccc1C(=O)Nc1ccccc1,TOX26253,0,,1,,,0,0,,0,,1,0,270.288,2.6571,2,3,67.43
CCOC(=O)c1cc(-c2ccccc2)nc2ccc(C)cc12,TOX26250,0,0,,0,0,0,,,0,,,0,291.35,4.38692,0,3,39.19
OCC1(CO)COC(C(Cl)(Cl)Cl)OC1,TOX26251,0,0,0,0,0,0,0,,0,,0,0,265.52,0.7005,2,4,58.92
CCCCCCCCCCCC(=O)N(C)CC(=O)O,TOX22011,0,0,0,0,,0,1,1,0,0,0,,271.401,3.4503,1,2,57.61
ON=CC=NO,TOX22014,0,0,0,0,0,0,0,0,0,0,0,0,88.066,-0.0936,2,4,65.18
CC(Oc1ccc(Oc2ncc(C(F)(F)F)cc2Cl)cc1)C(=O)O,TOX22019,0,,0,1,,0,,,0,0,,0,361.703,4.398,1,4,68.65
CC(C)c1cccc(C(C)C)c1NC(=O)[N-]S(=O)(=O)c1cc(C(C)(C)O)co1,TOX27255,0,0,0,0,,0,0,,0,0,,0,407.512,5.0483,2,5,110.71
CCOc1ccc2[nH]cc(C(=O)NCc3ccccc3)c(=O)c2n1,TOX27254,0,0,1,,,0,0,1,0,0,1,0,323.352,2.2518,2,4,84.08
c1ccc(C(O[C@@H]2CCCN(CCc3ccc4c(c3)OCO4)C2)c2ccccc2)cc1,TOX27257,0,0,1,,,0,,,0,0,,0,415.533,5.2284,0,4,30.93
COc1ccc(OC(F)(F)F)cc1CN[C@H]1CCCN[C@H]1c1ccccc1,TOX27251,0,0,0,,,0,0,,0,0,,0,380.41,4.1767,2,4,42.52
CCc1nn(C2CCCCC2)c2cc([C@]3(C#N)CC[C@@H](C(=O)O)CC3)ccc12,TOX27253,0,0,0,,0,,1,1,,0,,1,379.504,5.14008,1,4,78.91
O=C(N[C@@H](Cc1ccccc1)[C@@H](O)C(=O)N1C[C@H](O)[C@H](O)C1)c1cc2cc(Cl)ccc2[nH]1,TOX27252,0,0,0,0,,0,0,0,0,0,,0,457.914,1.0873,5,5,125.89
Clc1cc(Cl)c2c(c1)N=C1CCCCCN1C2,TOX27259,0,0,,,1,0,0,0,0,0,,0,269.175,4.413,0,2,15.6
CN(C(=O)Cc1cccc2occc12)[C@H]1CC[C@@]2(CCCO2)C[C@@H]1N1CCCC1,TOX27258,0,0,0,0,0,0,0,0,0,0,0,0,396.531,3.9998,0,4,45.92
CCCCCCCCCCCCCCCCn1cc[n+](C)c1,TOX27899,0,,0,1,,,,1,,,,,307.546,5.7939,0,1,8.81
CCCCCc1ccc(N)cc1,TOX20707,0,0,0,1,0,0,,0,0,0,0,0,163.264,3.0015,1,1,26.02
O=C(O)c1cc(-c2ccccc2)nc2ccccc12,TOX20705,0,,0,,0,0,1,0,0,0,0,0,249.269,3.6,1,2,50.19
Cc1ccc(Cl)cc1Cl,TOX20702,0,0,0,0,0,0,0,0,0,0,0,0,161.031,3.30182,0,0,0
CC(C)(C)c1ccc(C(=O)O)cc1,TOX20703,0,0,0,0,0,0,0,0,0,0,0,0,178.231,2.6823,1,1,37.3
CO[Si](OC)(OC)c1ccccc1,TOX20700,0,0,0,0,0,0,0,0,0,0,0,0,198.294,0.7717,0,3,27.69
CCOC(=O)CC(O)(CC(=O)OCC)C(=O)OCC,TOX20701,0,0,0,,0,0,0,,0,0,,0,276.285,0.187,1,7,99.13
CCCCCCc1ccc(N)cc1,TOX20708,0,0,,,1,0,,,0,0,,0,177.291,3.3916,1,1,26.02
O=C(O)C1C2CCC(O2)C1C(=O)O,TOX4081,0,,1,0,,0,0,,1,0,0,0,186.163,-0.0508,2,3,83.83
CCOP(=S)(OCC)SCSP(=S)(OCC)OCC,TOX4086,0,0,1,,1,0,0,0,0,0,,0,384.487,5.0053,0,8,36.92
CCOCCO,TOX4087,0,0,0,0,0,0,0,0,0,0,0,0,90.122,0.0152,1,2,29.46
O=P(O)(O)CCCl,TOX4085,0,0,0,0,0,0,0,0,0,0,0,0,144.494,0.4029,2,1,57.53
O=P(OCCCl)(OCCCl)OCCCl,TOX1411,0,0,0,0,0,0,0,0,0,0,0,0,285.491,2.8607,0,4,44.76
CCCCC(CC)COP(=O)(OCC(CC)CCCC)OCC(CC)CCCC,TOX1414,1,1,0,0,0,0,0,0,0,0,0,0,434.642,8.7935,0,4,44.76
O=Cc1ccc(CO)o1,TOX10428,0,0,0,0,0,0,0,0,0,0,0,0,126.111,0.5844,1,3,50.44
O=c1cc(-c2ccccc2)oc2ccc3ccccc3c12,TOX10423,,0,1,1,1,0,0,1,1,0,,0,272.303,4.6132,0,2,30.21
N#CC(Cl)Cl,TOX1562,,,0,,0,0,,1,0,0,0,0,109.943,1.31368,0,1,23.79
Oc1cc(O)c(Cl)cc1Cl,TOX1563,0,0,,0,0,0,0,1,0,1,1,,179.002,2.4046,2,2,40.46
NC(=O)C(Cl)Cl,TOX1561,0,0,0,0,0,0,0,0,0,0,0,0,127.958,0.2754,1,1,43.09
CC(Cl)C(C)Cl,TOX1565,0,0,0,0,0,0,0,0,0,0,,0,127.014,2.241,0,0,0
C[Si](C)(CCCN)O[Si](C)(C)CCCN,TOX24621,0,0,,0,0,0,0,0,0,0,0,0,248.519,2.1108,2,3,61.27
COC(=O)c1ccc(C(=O)OC)c(C(=O)OC)c1,TOX24620,0,0,0,0,0,0,0,0,0,0,0,0,252.222,1.0464,0,6,78.9
C=CC(=O)OCCCCO,TOX24623,0,0,0,,0,,0,1,0,,0,0,144.17,0.4881,1,3,46.53
CCOC(=O)/C=C(/C)O[AlH3](OC(C)CC)OC(C)CC,TOX24622,0,0,0,0,0,0,0,0,0,0,0,0,305.371,2.2819,0,5,53.99
O=CN(CCO)CCO,TOX24625,0,0,0,0,0,0,0,0,0,0,0,0,133.147,-1.5706,2,3,60.77
C=CC(=O)OCCCCCCCC,TOX24624,0,0,0,0,0,0,0,0,0,0,0,0,184.279,3.0761,0,2,26.3
On1nnc2ccccc21,TOX24627,0,0,0,0,0,0,0,0,0,0,0,0,135.126,0.6686,1,4,50.94
O=c1n(CCCN2CCN(c3cccc(Cl)c3)CC2)nc2ccccn12,TOX24626,0,0,0,0,0,0,0,1,0,0,0,0,371.872,2.3617,0,6,45.78
O=C(COCCOCCOCC(=O)Nc1c(I)cc(I)c(C(=O)O)c1I)Nc1c(I)cc(I)c(C(=O)O)c1I,TOX28708,0,0,0,0,0,0,0,0,0,0,0,0,1215.815,5.3376,4,7,160.49
O=C(O)Cc1cccc(-c2cc(CCCCCCc3ccc(O[C@H]4O[C@H](CO)[C@@H](O)[C@H](O)[C@@H]4O)c(-c4cccc(CC(=O)O)c4)c3)ccc2O[C@H]2O[C@H](CO)[C@@H](O)[C@H](O)[C@@H]2O)c1,TOX28709,0,0,0,0,0,0,0,0,0,0,0,0,862.922,1.9778,10,14,273.36
Cc1ccccc1C(=O)Nc1ccc(C(=O)N2CCCC(O)c3cc(Cl)ccc32)c(C)c1,TOX28706,0,0,0,,0,0,,0,0,0,1,0,448.95,5.68314,2,3,69.64
C[N+]1(CC2COC(c3ccccc3)(c3ccccc3)O2)CCCCC1,TOX28707,0,0,0,0,0,0,0,0,0,0,0,0,338.471,3.9336,0,2,18.46
O=C(CCCCCCCCC#CI)Oc1ccccc1,TOX28704,0,0,0,0,0,0,,0,0,0,,0,384.257,5.1087,0,2,26.3
O=P(O)(O)C(O)(Cc1cnc2ccccn12)P(=O)(O)O,TOX28705,0,0,0,0,0,0,0,,0,,0,0,322.15,-0.1217,5,5,152.59
O=C(CCC1CCN(Cc2ccccc2)CC1)c1ccc2c(c1)NCCCC2,TOX28702,0,0,1,,,0,0,1,0,0,0,0,376.544,5.3099,1,3,32.34
CCCCNc1ccc(C(=O)OCC[NH+](CC)CC)cc1,TOX28703,0,0,1,0,0,0,0,0,0,0,0,0,293.431,1.9801,2,3,42.77
CCOC(=O)c1ncn2c1CN(C)C(=O)c1c(I)cccc1-2,TOX28700,0,0,0,0,0,0,0,0,0,0,,0,411.199,2.2392,0,5,64.43
Cc1cccc(C)c1N(CCCc1cccnc1)C(=O)C(C)N,TOX28701,0,0,0,1,0,0,0,,0,,0,0,311.429,3.01144,1,3,59.22
CCc1ccc(C(=O)C(C)CN2CCCCC2)cc1,TOX27822,0,0,0,,0,0,0,1,0,0,0,0,259.393,3.5537,0,2,20.31
[2H]C([2H])([2H])[C@H](N)Cc1ccccc1.[2H]C([2H])([2H])[C@H](N)Cc1ccccc1,TOX27823,0,0,0,0,0,0,0,,0,,0,0,276.4566107,3.1526,2,2,52.04
NC1CCN(c2nc3c(cc2F)c(=O)c(C(=O)O)cn3-c2ccc(F)cc2F)C1,TOX27820,0,1,,0,0,0,,1,0,0,0,0,404.348,2.0386,2,6,101.45
CCOC(=O)C1(c2ccccc2)CCN(CCC(C#N)(c2ccccc2)c2ccccc2)CC1,TOX27821,0,1,0,0,,1,,1,0,0,1,1,452.598,5.48328,0,4,53.33
C#CCN[C@@H]1CCc2ccccc21,TOX27826,0,0,0,0,0,0,0,0,0,0,0,0,171.243,1.8967,1,1,12.03
Nc1ccn([C@@H]2O[C@H](CO)[C@@H](O)C2(F)F)c(=O)n1,TOX27827,0,0,0,0,0,0,,0,0,0,0,1,263.2,-1.2886,3,7,110.6
Cc1ncc2n1-c1ccc(Cl)cc1C(c1ccccc1F)=NC2,TOX27824,0,0,,,,0,0,,1,0,,0,325.774,4.32422,0,3,30.18
C=CCN1CC[C@]23c4c5ccc(O)c4O[C@H]2[C@@H](O)C=C[C@H]3[C@H]1C5,TOX27825,0,0,0,0,0,0,0,,0,,0,0,311.381,1.7543,2,4,52.93
O=C(OCCN1CCCCC1)C(O)(c1ccccc1)c1ccccc1,TOX27828,0,0,0,0,0,0,0,,0,,0,0,339.435,2.9516,1,4,49.77
CC(=O)c1ccc2c(c1)N(CCCN1CCN(CCO)CC1)c1ccccc1S2,TOX27829,0,0,1,,,,,,0,,,0,411.571,3.4919,1,6,47.02
CN(C)C,TOX6238,0,0,0,0,0,0,0,0,0,0,0,0,59.112,0.1778,0,1,3.24
CCCC(=O)c1cc(O)c(O)cc1O,TOX6232,0,0,,0,0,0,0,,0,1,,0,196.202,1.7862,3,4,77.76
Oc1cccc2cc3cccc(O)c3c(O)c12,TOX6231,0,0,0,0,0,0,0,0,0,,1,0,226.231,3.1098,3,3,60.69
CC=C(Cl)Cl,TOX9910,0,0,0,0,0,,0,0,0,0,0,0,110.971,2.3253,0,0,0
O=C(O)c1ccc2c(c1)C(=O)OC2=O,TOX6235,0,0,0,0,0,0,0,0,0,0,0,0,192.126,0.6954,1,4,80.67
CC(C)Cc1ccc(C(C)C(=O)OCc2ccccn2)cc1,TOX3140,,,,,,,,0,,0,,,297.398,4.127,0,3,39.19
C1=CC2C3C=CC(C3)C2C1,TOX5023,0,0,0,0,0,0,0,0,0,0,0,0,132.206,2.3846,0,0,0
O=C(OC1CCCCC1)c1ccccc1C(=O)OC1CCCCC1,TOX5021,0,0,0,,0,0,,,0,0,1,0,330.424,4.6656,0,4,52.6
CC1(C)[C@H]2CC[C@]1(C)[C@H](O)C2,TOX2035,0,0,0,0,0,0,0,0,0,0,0,0,154.253,2.1935,1,1,20.23
C=CC(N)=O,TOX27,0,0,0,0,0,0,0,0,0,0,0,0,71.079,-0.3423,1,1,43.09
C=CC(OCC)OCC,TOX24,,0,,,,0,0,,0,0,,0,130.187,1.5715,0,2,18.46
O=C(O)c1cc(Oc2ccc(C(F)(F)F)cc2Cl)ccc1[N+](=O)[O-],TOX22,0,,0,1,0,0,0,0,0,0,0,0,361.659,4.7575,1,4,89.67
C=CC=O,TOX23,0,0,0,0,0,0,0,1,0,0,0,0,56.064,0.3713,0,1,17.07
CC(=O)Nc1ccc(CC(=O)O)cc1,TOX20,0,0,0,0,0,0,0,0,0,0,0,0,193.202,1.2721,2,2,66.4
CC(=O)N[C@@H](CS)C(=O)O,TOX21,0,0,0,0,0,0,0,,0,0,0,0,163.198,-0.4945,3,3,66.4
C=CC#N,TOX29,0,0,0,0,0,0,0,0,0,0,0,0,53.064,0.69598,0,1,23.79
c1ccc(NNc2ccccc2)cc1,TOX710,0,0,,0,1,0,0,0,0,0,0,0,184.242,3.1256,2,2,24.06
NS(=O)(=O)c1cc2c(cc1Cl)NCNS2(=O)=O,TOX713,0,0,0,0,0,0,0,0,0,0,0,0,297.745,-0.3513,3,5,118.36
C[C@]12C[C@H](O)[C@H]3[C@@H](CCC4=CC(=O)CC[C@@]43C)[C@@H]1CC[C@]2(O)C(=O)CO,TOX714,1,1,0,,1,0,0,0,0,0,0,0,362.466,1.7816,3,5,94.83
Oc1ccc(OCc2ccccc2)cc1,TOX717,0,0,,,1,1,,1,1,0,1,1,200.237,2.9712,1,2,29.46
Oc1ccc(O)cc1,TOX716,0,0,1,0,0,0,0,1,0,0,0,,110.112,1.0978,2,2,40.46
[Zn+2],TOX1461,0,0,0,0,0,0,0,0,0,0,0,0,65.39,-0.0025,0,0,0
CC[C@@H]1C=C(C)C[C@H](C)C[C@H](OC)[C@H]2O[C@@](O)(C(=O)C(=O)N3CCCC[C@H]3C(=O)O[C@H](/C(C)=C/[C@@H]3CC[C@@H](Cl)[C@H](OC)C3)[C@H](C)[C@@H](O)CC1=O)[C@H](C)C[C@@H]2OC,TOX26674,0,0,0,0,1,1,0,,0,,0,0,810.466,5.7194,2,11,158.13
CCOCCOC(=O)C=Cc1ccc(OC)cc1,TOX5264,,,,,,,,,,0,,,250.294,2.2881,0,4,44.76
CC(C)(C)C(O)(CCc1ccc(Cl)cc1)Cn1cncn1,TOX12113,0,0,0,1,0,0,0,0,0,0,1,0,307.825,3.3415,1,4,50.94
O=C(O)c1cccnc1Nc1cccc(C(F)(F)F)c1,TOX3368,0,,0,,0,0,,,0,0,1,0,282.221,3.5422,2,3,62.22
O=[N+]([O-])/N=C1\NCCN1Cc1ccc(Cl)nc1,TOX12442,0,0,0,0,0,0,0,0,0,0,0,0,255.665,0.6879,1,3,83.66
OC(c1ccccc1)(c1ccccc1)C1CCNCC1,TOX25280,0,0,0,0,0,0,0,0,0,0,0,0,267.372,2.9221,2,2,32.26
O=C(O)CCC(=O)Nc1ccc(S(=O)(=O)Nc2nccs2)cc1,TOX25281,0,0,0,0,0,0,0,0,0,0,0,0,355.397,1.7472,3,6,125.46
C=CCOC(=O)/C=C\C(=O)OCC=C,TOX24752,0,0,0,,0,0,0,1,0,,0,0,196.202,1.001,0,4,52.6
Nc1ccc(S(=O)(=O)NC(=O)c2ccccc2)cc1,TOX25287,0,0,0,0,0,0,0,0,0,0,0,0,276.317,1.3875,2,4,89.26
CC(C)c1cccc(C(C)C)c1,TOX6640,0,0,0,0,0,0,0,0,0,0,,0,162.276,3.9334,0,0,0
O=C(Cl)c1cccc(C(=O)Cl)c1,TOX6641,0,0,0,0,0,0,0,0,0,0,0,0,203.024,2.4446,0,2,34.14
O=C(O)c1ccc(O)cc1,TOX6647,0,0,0,0,0,0,0,0,0,0,0,0,138.122,1.0904,2,2,57.53
Cc1ccc(C(C)C)cc1,TOX6645,0,0,0,0,0,0,0,0,0,0,0,0,134.222,3.11842,0,0,0
CS(=O)(=O)CCNCc1ccc(-c2ccc3ncnc(Nc4ccc(OCc5cccc(F)c5)c(Cl)c4)c3c2)o1,TOX26675,,,,,,,,1,,1,,,581.069,6.1391,2,8,106.35
O=C(O)c1cc(-c2ccc(F)cc2F)ccc1O,TOX2932,0,,0,0,0,0,,,0,0,,0,250.2,3.0356,2,2,57.53
C[SiH](C)O[Si](C)(C)O[Si](C)(C)O[SiH](C)C,TOX24759,0,0,0,,0,0,0,0,0,0,0,0,282.637,2.4066,0,3,27.69
C[C@H]1O[C@@H](O[C@H]2[C@@H](O)C[C@H](O[C@H]3[C@@H](O)C[C@H](O[C@H]4CC[C@]5(C)[C@H]6CC[C@]7(C)[C@@H](C8=CC(=O)OC8)CC[C@]7(O)[C@@H]6CC[C@@H]5C4)O[C@@H]3C)O[C@@H]2C)C[C@H](O)[C@@H]1O,TOX2933,,1,0,,,0,,,,0,1,1,764.95,3.2473,5,13,182.83
COC(C(=O)O)c1ccccc1,TOX829,0,0,0,0,0,0,0,0,0,0,0,0,166.176,1.4587,1,2,46.53
O=C(O)C(Br)Br,TOX3815,0,0,0,0,0,0,0,1,0,0,0,0,217.844,1.1869,1,1,37.3
COc1ccc(C(c2ccc(OC)cc2)C(Cl)(Cl)Cl)cc1,TOX827,0,0,0,,1,,0,0,0,,1,,345.653,5.2059,0,2,18.46
COc1cccc(O)c1O,TOX826,0,,1,,0,1,1,1,1,1,0,0,140.138,1.1064,2,3,49.69
COc1cc2c(cc1N)oc1ccccc12,TOX825,0,0,1,,1,0,0,0,0,1,1,0,213.236,3.1768,1,3,48.39
CN(Cc1cnc2nc(N)nc(N)c2n1)c1ccc(C(=O)N[C@@H](CCC(=O)O)C(=O)O)cc1,TOX822,0,0,0,0,0,0,,,0,0,0,1,454.447,0.2684,5,10,210.54
Cn1cc[nH]c1=S,TOX820,0,0,0,0,0,0,0,0,0,1,0,0,114.173,1.08269,1,2,20.72
CC(=O)Oc1ccccc1C(=O)Nc1ncc([N+](=O)[O-])s1,TOX13757,0,,1,,1,0,0,0,1,1,1,1,307.287,2.2289,1,7,111.43
CC(=O)Nc1c(I)cc(I)c(C(=O)O)c1I,TOX2549,0,0,0,0,0,0,0,0,0,0,0,0,556.863,3.157,2,2,66.4
CCn1cc(C(=O)O)c(=O)c2cc(F)c(N3CCNCC3)cc21,TOX17680,0,0,0,0,0,0,0,0,0,0,0,0,319.336,1.2683,2,5,74.57
CC=CC=O,TOX4864,0,0,0,0,0,0,0,0,0,0,,0,70.091,0.7614,0,1,17.07
CC(C)[C@@H](C)/C=C/[C@@H](C)[C@H]1CC[C@H]2/C(=C/C=C3\C[C@@H](O)CC[C@@H]3C)CCC[C@@]21C,TOX2938,0,0,0,0,0,0,0,,,,1,0,398.675,7.7209,1,1,20.23
CN(C)c1ccc(C2(c3ccc(N(C)C)cc3)OC(=O)c3cc(N(C)C)ccc32)cc1,TOX4866,0,1,0,0,0,1,,,0,,1,1,415.537,4.3469,0,5,36.02
Cc1ccc(OP(=O)(Oc2ccccc2)Oc2ccccc2)cc1,TOX4861,0,0,1,0,1,0,0,,0,0,1,0,340.315,5.63992,0,4,44.76
Cc1ccccc1OCC1CO1,TOX4862,0,0,0,0,0,0,,0,0,0,,0,164.204,1.77262,0,2,21.76
CC(C)(OO)c1ccccc1,TOX4869,0,0,0,0,0,0,0,,0,1,0,0,152.193,2.4113,1,2,29.46
CCN(CC)CCN1C(=O)CN=C(c2ccccc2F)c2cc(Cl)ccc21,TOX3071,0,0,,0,0,0,0,0,0,0,,0,387.886,4.0049,0,3,35.91
CC(CN1c2ccccc2Sc2ccc(S(=O)(=O)N(C)C)cc21)N(C)C,TOX3076,0,0,0,,0,0,0,,0,,,0,391.562,3.4897,0,5,43.86
O=C([O-])P(=O)([O-])[O-],TOX3078,0,0,0,0,1,1,0,0,0,0,0,0,122.98,-2.7566,0,5,103.32
CC1(C)S[C@@H]2[C@H](NC(=O)[C@H](N)c3ccccc3)C(=O)N2[C@H]1C(=O)O,TOX83,0,0,0,0,0,0,0,0,0,0,0,0,349.412,0.3181,3,5,112.73
CCCCO[AlH3](OCCCC)OCCCC,TOX7518,0,0,0,0,0,0,0,0,0,0,0,0,249.351,2.6183,0,3,27.69
C=CS(=O)(=O)[O-],TOX7513,0,0,0,0,0,0,0,0,0,0,0,0,107.11,-0.3249,0,3,57.2
CN(C)CCOCCN(C)C,TOX7512,0,0,0,0,0,0,0,0,0,0,0,0,160.261,0.1262,0,3,15.71
C1=CCC2CC=CC2C1,TOX7515,0,0,0,0,0,0,0,,0,0,,0,120.195,2.5287,0,0,0
O=C(Oc1cccc2cccnc12)c1ccccc1,TOX26069,0,0,,,,0,,1,0,1,,0,249.269,3.454,0,3,39.19
CC1(C)CC(O)CC(C)(C)N1[O],TOX21280,0,0,0,0,0,0,0,0,0,0,0,0,172.248,1.3458,1,2,43.37
CC(C)(C#N)Nc1nc(Cl)nc(NC2CC2)n1,TOX14844,0,0,,0,0,0,0,0,0,0,0,0,252.709,1.81338,2,6,86.52
CC(C)CN(C[C@@H](O)[C@H](Cc1ccccc1)NC(=O)O[C@@H]1CCOC1)S(=O)(=O)c1ccc(N)cc1,TOX26061,0,0,0,0,,0,0,,0,,0,0,505.637,2.4028,3,7,131.19
CCOc1ccc(C(=O)OCCN(CC)CC)cc1,TOX26060,0,0,0,0,0,0,0,0,0,0,,0,265.353,2.5839,0,4,38.77
COC(=O)[C@H]1[C@H](OC(=O)c2ccccc2)C[C@@H]2CC[C@H]1N2C,TOX26063,0,0,0,0,0,0,0,,0,,0,0,303.358,1.8677,0,5,55.84
CCCOC(=O)NCCCN(C)C,TOX20295,0,0,0,0,0,0,0,0,0,0,0,0,188.271,1.0743,1,3,41.57
C[C@]12C[C@H](O)[C@H]3[C@@H](C[C@H](F)C4=CC(=O)C=C[C@@]43C)[C@@H]1CC[C@]2(O)C(=O)CO,TOX26067,1,1,0,,,0,0,0,0,0,0,0,378.44,1.5056,3,5,94.83
Nc1ccc(C(=O)[O-])c(O)c1,TOX26066,0,0,0,0,0,0,0,0,0,0,0,0,152.129,-0.6621,2,4,86.38
C1CCC(SSC2CCCCC2)CC1,TOX27628,0,0,0,0,0,0,0,0,0,0,0,0,230.442,5.0332,0,2,0
CCCCCCCCCC(C)C=O,TOX27629,0,0,0,,0,0,1,,0,,0,0,184.323,3.9621,0,1,17.07
CC(=O)c1nccs1,TOX10162,0,0,1,0,1,0,0,0,0,0,0,0,127.168,1.3457,0,3,29.96
C=CCCCCCCCCC(=O)OCCCC,TOX27624,0,0,0,0,0,0,0,0,0,0,0,0,240.387,4.6365,0,2,26.3
O=C1CCCCCCCCCCCCCCCO1,TOX27622,0,0,0,,0,0,0,0,0,,0,0,254.414,5.0046,0,2,26.3
CCCCCCOC(=O)CCCCCCCC(=O)OCCCCCC,TOX27623,0,0,,0,0,0,0,0,0,0,0,0,356.547,5.9641,0,4,52.6
CCCCCCCCCCCCCCCC[N+](C)(C)CC,TOX21759,0,,0,1,,0,,1,,,1,,298.579,6.564,0,0,0
C[C@]12C(=O)OC(=O)[C@@]1(C)C1CCC2O1,TOX21752,0,,,,,0,1,,1,0,1,1,196.202,0.6436,0,4,52.6
CCNC(=O)C(C)OC(=O)Nc1ccccc1,TOX21756,0,0,0,0,0,0,0,0,0,0,0,0,236.271,1.7597,2,3,67.43
C[C@@H]1OC(=O)C[C@H](O)C[C@H](O)CC[C@@H](O)[C@H](O)C[C@H](O)C[C@]2(O)C[C@H](O)[C@@H](C(=O)O)[C@H](C[C@@H](O[C@@H]3O[C@H](C)[C@@H](O)[C@H](N)[C@@H]3O)C=CC=CC=CC=CC=CC=CC=C[C@H](C)[C@@H](O)[C@H]1C)O2,TOX2601,0,,0,0,,0,,1,0,,0,0,924.091,0.7117,12,17,319.61
NC(=O)C(=O)NN=Cc1ccc([N+](=O)[O-])o1,TOX26399,,,,,,,,1,,,,,226.148,-0.8768,2,6,140.83
CC(=O)N/N=C/c1ccc([N+](=O)[O-])o1,TOX26398,,,,,,,,1,,,,,197.15,0.6578,1,5,97.74
Cc1ncc(C[n+]2csc(CCOP(=O)(O)O)c2C)c(N)n1,TOX26397,0,0,0,0,0,0,0,,0,,0,0,345.341,0.72474,3,6,122.44
Cc1c(C)c2c(c(C)c1OC(=O)c1cccnc1)CC[C@@](C)(CCC[C@H](C)CCC[C@H](C)CCCC(C)C)O2,TOX26396,0,0,0,0,0,0,,0,0,0,,0,535.813,9.74886,0,4,48.42
Cc1ccc(S(=O)(=O)NC(=O)NC2CCCC2)cc1,TOX26395,0,0,0,0,0,0,0,0,0,0,0,0,282.365,1.92552,2,3,75.27
Cc1ccc(S(=O)(=O)NC(=O)NC2CCCCCCC2)cc1,TOX26394,0,0,0,0,0,0,0,0,0,0,0,0,324.446,3.09582,2,3,75.27
NC(=S)N/N=C/c1cccnc1,TOX26392,0,0,0,0,0,0,0,0,0,0,0,0,180.236,0.2487,2,3,63.3
CC(=O)Nc1ncc([N+](=O)[O-])s1,TOX26391,0,0,0,0,0,0,0,0,0,0,,0,187.18,1.0097,1,5,85.13
Cc1cc(NS(=O)(=O)c2ccc(N)cc2)nc(C)n1,TOX26390,0,0,0,0,0,0,0,0,0,0,0,0,278.337,1.47644,2,5,97.97
OC1CCCC1,TOX13371,0,0,0,0,0,0,0,0,0,0,0,0,86.134,0.9213,1,1,20.23
CC(=O)OCC(=O)[C@@]1(O)CC[C@H]2[C@@H]3CCC4=CC(=O)CC[C@]4(C)[C@H]3C(=O)C[C@@]21C,TOX2858,0,1,0,0,0,0,0,0,0,0,0,0,402.487,2.5606,1,6,97.74
CN1CCN(C2=Nc3ccccc3Sc3ccc(Cl)cc32)CC1,TOX2851,0,0,,0,0,0,,0,0,0,,0,343.883,4.1303,0,4,18.84
CC(C)(N)Cc1ccccc1Cl,TOX2850,,,,,,,,0,,0,,,183.682,2.6198,1,1,26.02
C[C@]12CC(=O)[C@H]3[C@@H](CCC4=CC(=O)CC[C@@]43C)[C@@H]1CC[C@]2(O)C(=O)CO,TOX2857,1,1,0,0,0,0,0,0,0,0,0,0,360.45,1.9898,2,5,91.67
CN1CCN(C2=Nc3cc(Cl)ccc3Nc3ccccc32)CC1,TOX2855,0,0,0,0,,0,,,0,0,,0,326.831,3.7227,1,4,30.87
O=C1CN2CCOC2(c2ccccc2Cl)c2cc(Cl)ccc2N1,TOX2854,,,,,,,,0,,0,,,349.217,3.4788,1,3,41.57
O=C(O)c1cc(O)c2c(c1)C(=O)c1cccc(O)c1C2=O,TOX6000,0,,,0,1,0,0,1,0,0,1,,284.223,1.5714,3,5,111.9
O=c1nc([O-])n(Cl)c(=O)n1Cl,TOX6178,0,0,0,0,0,0,0,0,0,0,0,0,196.957,-1.5176,0,6,79.95
CCCCN(CCCC)c1ccc(C(=O)c2ccccc2C(=O)O)c(O)c1,TOX9762,0,0,0,0,,0,,1,0,,1,,369.461,4.728,2,4,77.84
CC(C(=O)O)c1ccc2c(c1)[nH]c1ccc(Cl)cc12,TOX25871,0,0,0,0,0,0,0,,0,0,0,0,273.719,4.1626,2,1,53.09
COC(=O)c1ccc(C=O)cc1,TOX5610,0,0,0,0,0,0,0,0,0,0,0,0,164.16,1.2857,0,3,43.37
Cc1ccco1,TOX5611,0,0,0,0,0,0,0,1,0,0,0,0,82.102,1.58802,0,1,13.14
CC(C#N)CCC#N,TOX5612,0,0,0,0,0,0,0,0,0,0,0,0,108.144,1.44986,0,2,47.58
CC(=O)N[C@@H](CC(C)C)C(=O)O,TOX25870,0,0,0,0,,0,0,0,0,0,0,0,173.212,0.6218,2,2,66.4
C[C@H]1O[C@@H](O[C@H]2[C@@H](O)C[C@H](O[C@H]3[C@@H](O)C[C@H](O[C@H]4CC[C@]5(C)[C@H]6C[C@@H](O)[C@]7(C)[C@@H](C8=CC(=O)OC8)CC[C@]7(O)[C@@H]6CC[C@@H]5C4)O[C@@H]3C)O[C@@H]2C)C[C@H](O)[C@@H]1O,TOX2934,,1,0,1,1,1,,,,0,1,1,780.949,2.2181,6,14,203.06
NNc1nnc(NN)c2ccccc12,TOX2935,,,,,,,,0,,0,,,190.21,0.201,4,6,101.88
Cc1c[nH]cn1,TOX5617,0,0,0,0,0,0,0,0,0,0,0,0,82.106,0.71812,1,1,28.68
CCCCCC(O)/C=C/C=O,TOX20395,0,0,0,0,0,0,0,,0,,0,0,156.225,1.6827,1,2,37.3
Cn1c(=O)c2c(ncn2C)n(C)c1=O.O=C(O)CC(O)(CC(=O)O)C(=O)O,TOX26938,0,0,0,0,0,0,0,0,0,0,0,0,386.317,-2.2778,4,10,193.95
CCN1CCN(C(=O)N[C@@H](C(=O)N[C@@H]2C(=O)N3C(C(=O)[O-])=C(CSc4nnnn4C)CS[C@H]23)c2ccc(O)cc2)C(=O)C1=O,TOX25874,,,,,,,,0,,0,,,644.672,-2.4467,3,14,223.09
CC(CCc1ccccc1)NCC(O)c1ccc(O)c(C(N)=O)c1,TOX24654,0,0,0,0,0,0,0,,0,,0,0,328.412,2.1354,4,4,95.58
Cn1c([N+](=O)[O-])cnc1COC(N)=O,TOX25400,0,0,0,0,0,0,0,0,0,0,0,0,200.154,-0.0764,1,6,113.28
OC(c1ccc(F)cc1)(c1cncnc1)c1ccccc1Cl,TOX22220,0,0,,1,,1,0,0,0,0,0,0,314.747,3.5533,1,3,46.01
c1cc(OCC2CO2)ccc1Cc1ccc(OCC2CO2)cc1,TOX24872,0,0,0,,0,0,,1,0,,0,1,312.365,2.8326,0,4,43.52
Oc1ccccc1[Hg]Cl,TOX22224,0,1,,,,1,,,,,,,329.148,1.2538,1,1,20.23
C[C@@H]1O[C@@H]1P(=O)([O-])[O-],TOX25873,0,0,0,0,1,0,0,,0,,0,0,136.043,-1.3551,0,4,75.72
COc1c(N2CCNC(C)C2)c(F)cc2c(=O)c(C(=O)O)cn(C3CC3)c12,TOX25704,0,0,0,0,1,0,0,0,0,0,0,0,375.4,1.9804,2,6,83.8
COC(=O)c1cncn1C(C)c1ccccc1,TOX25707,0,0,0,0,0,0,0,0,0,0,0,0,230.267,2.279,0,4,44.12
COc1cc(NCCCC(C)N)c2ncccc2c1,TOX25706,0,0,1,,,0,0,,,,,1,259.353,2.7827,2,4,60.17
N[C@H]1[C@@H]2CN(c3nc4c(cc3F)c(=O)c(C(=O)O)cn4-c3ccc(F)cc3F)C[C@H]12,TOX25701,0,1,0,1,,,1,1,0,0,,1,416.359,1.8945,2,6,101.45
c1ccc(-c2nc[nH]c2-c2ccccc2)cc1,TOX25700,0,0,0,0,0,0,0,,0,0,,1,220.275,3.7437,1,1,28.68
NC(=O)N1c2ccccc2CC(=O)c2ccccc21,TOX25703,0,0,,0,0,0,0,0,0,0,0,0,252.273,2.6422,1,2,63.4
CCN(CC)CC(=O)Nc1c(C)cc(C)cc1C,TOX25702,0,0,0,,0,0,0,0,0,0,0,0,248.37,2.89216,1,2,32.34
CC(=O)NCCCCCC(=O)O,TOX25879,0,0,,0,0,0,0,0,0,0,0,0,173.212,0.7675,2,2,66.4
O=C(O)c1cc(=O)c2ccccc2o1,TOX25878,0,0,0,0,0,0,0,,0,0,0,0,190.154,1.4912,1,3,67.51
CN1CCN(c2c(F)cc3c(=O)c(C(=O)O)cn4c3c2SCC4)CC1,TOX25709,0,0,0,0,0,0,0,0,0,0,0,0,363.414,1.6963,1,6,65.78
CNC(=O)OCc1cccc(COC(=O)NC)n1,TOX25708,0,0,0,0,0,0,0,,0,,0,0,253.258,0.7936,2,5,89.55
O=C(O)CCCCCCCCCCCBr,TOX29313,0,,0,,0,0,,,0,0,,0,279.218,4.3669,1,1,37.3
C=C1C(=O)O[C@H]2[C@H]1CCC(C)=CCC[C@@]1(C)O[C@@H]21,TOX20579,0,1,,,,,,,,,0,1,248.322,2.762,0,3,38.83
C=C1/C(=C\C=C2/CCC[C@@]3(C)[C@H]2CC[C@@H]3[C@H](C)/C=C/[C@H](C)C(C)C)C[C@@H](O)C[C@@H]1O,TOX14214,0,0,0,,0,0,,,0,,0,,412.658,6.6118,2,2,40.46
CCCN(CC)CC1COC2(CCC(C(C)(C)C)CC2)O1,TOX14212,0,0,0,0,0,0,0,0,0,0,,0,297.483,4.0663,0,3,21.7
CCCN(CCC)c1c([N+](=O)[O-])cc(C(F)(F)F)c(N)c1[N+](=O)[O-],TOX14210,0,,,,,,,,0,,1,,350.297,3.7304,1,6,115.54
COc1cccc2c1[C@@H]1CN(CCCCn3c(=O)[nH]c4c(sc5ncc(-c6ccccc6)nc54)c3=O)C[C@@H]1CO2,TOX28939,0,,0,,,0,,,,,1,,555.66,4.2583,1,9,102.34
C[C@@H]1C[C@H]2C3C[C@H](F)C4=CC(=O)C=CC4(C)[C@@]3(F)[C@@H](O)CC2(C)[C@@]1(O)C(=O)COC(=O)C(C)(C)C,TOX28931,1,1,,,0,0,0,,0,,1,0,494.575,3.4407,2,6,100.9
COc1ccc(C(=O)Nc2ccccc2CCC2CCCCN2C)cc1,TOX28930,0,0,0,0,,0,0,,0,,0,0,352.478,4.3644,1,3,41.57
CC(C)C(=O)c1c(C(C)C)nn2ccccc12,TOX28933,0,0,0,0,0,0,0,0,0,0,0,0,230.311,3.2964,0,3,34.37
C[C@]12C[C@H](O)[C@H]3[C@@H](CCC4=CC(=O)CC[C@@]43C)[C@@H]1CC[C@]2(O)C(=O)COC(=O)CCC(=O)[O-],TOX28932,,,,,,,,0,,0,,,461.531,0.8626,2,8,141.03
CCNC(=O)[C@@H]1CCCN1C(=O)[C@H](CCCNC(=N)N)NC(=O)[C@H](CC(C)C)NC(=O)[C@@H](CC(C)C)NC(=O)[C@H](Cc1ccc(O)cc1)NC(=O)[C@H](CO)NC(=O)[C@H](Cc1c[nH]c2ccccc12)NC(=O)[C@H](Cc1cnc[nH]1)NC(=O)[C@@H]1CCC(=O)N1,TOX28935,0,0,0,0,0,0,0,,0,,0,0,1209.421,-1.22843,16,14,429.04
CCCCCCCCCCCCCCCCSCC(COC)COP(=O)([O-])OCC[N+](C)(C)C,TOX28934,0,0,0,0,0,0,0,,0,,,0,525.777,6.6713,0,6,67.82
C[C@@H]1[C@@H]2Cc3ccc(O)cc3[C@@]1(C)CCN2CC1CC1,TOX28937,0,,0,0,0,0,0,,0,,0,0,271.404,3.3264,1,2,23.47
CCN(CC)CCn1c(=O)c(Cc2ccc(OC)cc2)nc2ccccc21,TOX28936,0,0,0,0,0,0,0,,0,,0,0,365.477,3.3377,0,5,47.36
C=C(C)C(=O)OCCCC,TOX4696,,0,,,0,0,0,0,0,0,0,0,142.198,1.9058,0,2,26.3
CC(C)(C)OCC1CO1,TOX4692,,0,0,0,0,0,0,0,0,0,0,0,130.187,1.2003,0,2,21.76
CCCCOCC1CO1,TOX4691,0,0,0,0,0,0,0,0,0,0,0,0,130.187,1.2019,0,2,21.76
CC(C)(C)OC=O,TOX4690,0,0,0,0,0,0,0,0,0,0,,0,102.133,0.9579,0,2,26.3
CCCCn1cc[n+](C)c1C.O=S(=O)([O-])C(F)(F)F,TOX29315,0,0,0,0,0,0,0,,0,0,0,0,302.318,1.47252,0,4,66.01
CC(C)(C)OOC(=O)c1ccccc1,TOX4699,0,0,0,0,0,0,0,0,0,0,0,0,194.23,2.5735,0,3,35.53
O=C1[N-]C(=O)c2ccccc21,TOX7358,0,0,0,0,0,0,0,0,0,0,0,0,146.125,1.3543,0,2,48.24
C=C[Si](OCCOC)(OCCOC)OCCOC,TOX7356,0,0,0,0,0,0,0,0,0,0,0,0,280.393,0.6395,0,6,55.38
CCCCCCCCCCCl,TOX7352,0,0,0,0,0,0,0,0,0,0,0,0,176.731,4.3659,0,0,0
CC(C)[N+](C)(CCOC(=O)C1c2ccccc2Oc2ccccc21)C(C)C,TOX3519,0,0,0,0,0,0,1,0,0,0,0,0,368.497,4.7308,0,3,35.53
CCCN(CCC)C(=O)C(CCC(=O)O)NC(=O)c1ccccc1,TOX3516,0,0,0,0,0,0,0,0,0,0,0,0,334.416,2.2984,2,3,86.71
CCC1(c2ccccc2)C(=O)NCNC1=O,TOX3510,0,0,0,0,0,0,0,0,0,0,0,0,218.256,0.5379,2,2,58.2
CCC(C)(C)OC,TOX4521,0,0,0,0,1,,0,0,0,0,0,0,102.177,1.8214,0,1,9.23
C[C@]12CC[C@H]3[C@@H](CCC4=CC(=O)CC[C@@]43C)[C@@H]1CCC2=O,TOX4523,1,1,0,,1,1,0,0,0,0,0,0,286.415,4.0874,0,2,34.14
CCCCCON=O,TOX4522,0,0,0,0,0,0,0,0,0,0,0,0,117.148,1.8746,0,3,38.66
CN(N=O)C(N)=O,TOX1006,0,0,0,0,0,0,0,0,0,1,0,0,103.081,-0.3217,1,3,75.76
COc1cccc(N)c1,TOX4529,0,0,,0,0,0,,1,0,0,,0,123.155,1.2774,1,2,35.25
CC(C)=CCCC(C)CCOC=O,TOX24772,0,0,0,,0,0,0,,0,,0,0,184.279,2.932,0,2,26.3
CN(C)CCC=C1c2ccccc2CCc2ccccc21,TOX13187,0,0,0,0,0,0,,0,0,0,,0,277.411,4.1686,0,1,3.24
CO[C@H]1C=CO[C@@]2(C)Oc3c(C)c(O)c4c(O)c(c(/C=N/N5CCN(C6CCCC6)CC5)c(O)c4c3C2=O)NC(=O)C(C)=CC=C[C@H](C)[C@H](O)[C@@H](C)[C@@H](O)[C@@H](C)[C@H](OC(C)=O)[C@@H]1C,TOX21115,0,0,0,,,0,,,0,,1,,877.045,5.64822,6,15,220.15
CC[C@H]1OC(=O)[C@H](C)[C@@H](O[C@H]2C[C@@](C)(OC)[C@@H](O)[C@H](C)O2)[C@H](C)[C@@H](O[C@@H]2O[C@H](C)C[C@H](N(C)C)[C@H]2O)[C@](C)(O)C[C@@H](C)C(=NOCOCCOC)[C@H](C)[C@@H](O)[C@]1(C)O,TOX21117,0,0,0,0,0,0,0,0,0,0,0,0,837.058,2.2096,5,17,216.89
CCC(=O)c1ccccc1,TOX24470,0,0,0,0,0,0,0,0,0,0,0,0,134.178,2.2793,0,1,17.07
CC(C)(C)c1ccc(OC(=O)c2ccccc2O)cc1,TOX17745,0,0,,,1,0,0,0,1,0,1,0,270.328,3.9089,1,3,46.53
CCOC(=O)C(=O)OCC,TOX24472,0,0,0,0,0,0,0,0,0,0,0,0,146.142,0.1126,0,4,52.6
O=S(=O)(O)c1ccc(Cl)cc1,TOX24473,0,0,0,0,0,0,0,0,0,0,0,0,192.623,1.5867,1,2,54.37
O=C(Nc1ccccc1)c1cc(Cl)ccc1O,TOX17749,0,0,1,,,,0,1,0,,,,247.681,3.2979,2,2,49.33
CCO[Si](CCCS)(OCC)OCC,TOX24479,0,0,0,0,0,0,0,0,0,0,0,0,238.425,2.3547,1,4,27.69
CNC(=O)Oc1cccc2c1OC(C)(C)O2,TOX12327,0,0,0,0,0,0,0,1,0,0,0,0,223.228,1.9121,1,4,56.79
CC(C)OP(=S)(OC(C)C)SCCNS(=O)(=O)c1ccccc1,TOX12329,0,0,1,,,0,,1,0,0,,0,397.524,3.7726,1,6,64.63
O=C1O[C@H]([C@@H](O)CO)C([O-])=C1O,TOX105,0,0,0,0,0,0,0,0,0,0,0,0,175.116,-2.6051,3,6,110.05
O=C1O[C@H]([C@@H](O)CO)C(O)=C1O,TOX106,0,0,0,0,1,0,0,0,0,0,0,0,176.124,-1.4074,4,6,107.22
COC(=O)[C@H](Cc1ccccc1)NC(=O)[C@@H](N)CC(=O)O,TOX107,0,0,1,0,0,0,0,0,0,0,,0,294.307,-0.3111,3,5,118.72
C1C2OC2C2C1C1CC2C2OC12,TOX452,0,0,0,0,0,0,0,0,0,0,0,0,164.204,0.807,0,2,25.06
ClC1=C(Cl)[C@]2(Cl)[C@@H]3[C@@H]4C[C@H]([C@@H]3[C@@]1(Cl)C2(Cl)Cl)[C@H]1O[C@@H]41,TOX453,0,,0,,,,0,,0,0,1,0,380.913,4.4814,0,1,12.53
OC(c1ccc(Cl)cc1)(c1ccc(Cl)cc1)C(Cl)(Cl)Cl,TOX450,0,0,0,,,,,,0,,1,,370.49,5.5995,1,1,20.23
O1[As]2O[As]3O[As]1O[As](O2)O3,TOX103,1,1,0,0,1,0,,,0,,0,,395.682,-1.9336,0,6,55.38
CC(=O)Oc1ccccc1C(=O)O,TOX108,0,0,0,0,0,0,0,0,0,0,0,0,180.159,1.3101,1,3,63.6
CCOP(=S)(OCC)Oc1nc(Cl)c(Cl)cc1Cl,TOX458,0,0,1,0,0,0,0,1,0,0,1,0,350.591,4.7181,0,5,40.58
CCN(CC)C(C)=O,TOX459,0,0,0,0,0,0,0,0,0,0,0,0,115.176,0.8747,0,1,20.31
O=S(=O)([O-])O.[Na+],TOX13983,0,0,0,0,0,0,0,0,0,0,,0,120.061,-3.9914,1,3,77.43
Cc1cc(CC(=O)[O-])n(C)c1C(=O)c1ccc(Cl)cc1,TOX13989,1,0,0,0,0,0,0,1,0,0,0,0,290.726,1.51032,0,4,62.13
N#C[N-]C#N,TOX29364,0,0,0,0,0,0,0,0,0,0,0,0,66.043,0.32226,0,2,61.68
COCCOC(=O)C1=C(C)NC(C)=C(C(=O)OC/C=C/c2ccccc2)C1c1cccc([N+](=O)[O-])c1,TOX26309,0,,1,,,0,,1,,0,1,0,492.528,4.2758,1,8,117
c1cnc2c(c1)ccc1cccnc12,TOX24309,0,0,1,,,0,0,,0,1,0,1,180.21,2.783,0,2,25.78
ClSC(Cl)(Cl)Cl,TOX5854,0,0,0,0,0,0,0,,0,0,0,0,185.89,3.2011,0,1,0
CCC=CC#N,TOX5850,0,0,,0,0,0,0,0,0,0,,0,81.118,1.47618,0,1,23.79
CC=CCC#N,TOX5851,0,0,0,,,0,0,0,0,0,,0,81.118,1.47618,0,1,23.79
CCCCCC[C@@H](O)C/C=C\CCCCCCCC(=O)O,TOX21567,0,0,0,0,0,0,0,,0,,0,0,298.467,5.0793,2,2,57.53
CCC(C)(NC(=O)c1cc(Cl)c(C)c(Cl)c1)C(=O)CCl,TOX12581,0,,0,,,,,,,1,,1,336.646,4.00822,1,2,46.17
CO/N=C(/C(=O)OC)c1ccccc1CON=C(C)c1cccc(C(F)(F)F)c1,TOX12580,0,,,,,,,1,0,0,,1,408.376,4.1697,0,6,69.48
NCCO.O=C(O)c1nc(Cl)ccc1Cl,TOX12582,0,0,0,0,0,0,0,0,0,0,0,0,253.085,1.024,3,4,96.44
O=c1oc2ccccc2c(O)c1C(CC(O)c1ccc(-c2ccc(Br)cc2)cc1)c1ccccc1,TOX12589,0,,0,0,0,0,1,,0,,1,1,527.414,7.1837,2,4,70.67
N[Pt](N)(Cl)Cl,TOX4983,0,0,0,0,0,0,0,1,0,0,,0,298.03,0.1953,2,2,52.04
O=C(O)c1cc(Cl)cc(Cl)c1,TOX4981,,,0,0,0,0,0,0,0,0,0,0,191.013,2.6916,1,1,37.3
O=C(O)c1ccc(Cl)c(Cl)c1,TOX4980,0,0,0,0,0,0,0,0,0,0,0,0,191.013,2.6916,1,1,37.3
O=S(=O)(c1ccc(Cl)cc1)c1ccc(Cl)cc1,TOX4986,0,0,0,0,,0,0,,0,0,1,0,287.167,3.8262,0,2,34.14
CC1(C)C(=O)N(Cl)C(=O)N1Cl,TOX4985,0,0,0,0,1,0,0,0,0,0,0,0,197.021,1.3368,0,2,40.62
C=CCOC(=O)COCCC(C)C,TOX5580,0,0,0,0,0,0,0,,0,0,0,0,186.251,1.7783,0,3,35.53
CC[C@H](C)COC(=O)/C=C/c1ccc(/N=C/c2ccc(OC)cc2)cc1,TOX5581,0,0,,,1,0,0,,1,0,,0,351.446,5.0483,0,4,47.89
O=Cc1cccc(Oc2ccccc2)c1,TOX8005,0,0,0,0,,0,0,0,0,0,0,0,198.221,3.2914,0,2,26.3
CC(C=O)=Cc1ccccc1,TOX5587,,,0,,0,0,0,0,0,0,0,0,146.189,2.2888,0,1,17.07
Cc1ccc2oc(=O)ccc2c1,TOX5588,0,0,0,0,0,0,0,,0,0,0,0,160.172,2.10142,0,2,30.21
CCCC[Sn](CCCC)(CCCC)OC(=O)c1ccccc1,TOX14981,0,,,,,,1,1,,1,1,,411.174,6.1892,0,2,26.3
CCOC(=S)SSC(=S)OCC,TOX21672,0,0,0,0,0,0,0,0,0,0,0,0,242.412,3.0106,0,6,18.46
CCCCCCCCCC[N+](C)(CCCCCCCCCC)CCC[Si](OC)(OC)OC,TOX15589,0,,0,,0,,,,,,,,474.867,7.9826,0,3,27.69
CC/C(=C(\c1ccccc1)c1ccc(OCCN(C)C)cc1)c1ccccc1,TOX14187,0,0,0,1,1,1,,,0,,,,371.524,5.9961,0,2,12.47
CC(=O)S[C@@H]1CC2=CC(=O)CC[C@]2(C)[C@H]2CC[C@@]3(C)[C@@H](CC[C@@]34CCC(=O)O4)[C@@H]21,TOX14186,1,1,0,1,0,0,,,0,0,,1,416.583,4.8523,0,5,60.44
N[C@H]1C(O)O[C@H](CO)[C@H](O)[C@@H]1O,TOX11356,0,0,0,0,0,0,0,0,0,0,0,0,179.172,-3.255,5,6,116.17
CC[C@H]1CC[C@H](NCc2cc3c(cc2OC)[C@H]2C[C@H]2C(=O)N3C)[C@H](c2ccccc2)N1,TOX27283,0,,0,,,0,,0,,0,0,1,419.569,4.1366,2,4,53.6
NC(=O)Oc1ccc(Cc2ccccc2)cc1,TOX26234,0,0,0,0,1,,0,,0,,1,0,227.263,2.7349,1,2,52.32
CC(C)(C)C(=O)Oc1ccc(S(=O)(=O)Nc2ccccc2C(=O)NCC(=O)[O-])cc1,TOX26727,1,1,1,0,0,0,0,0,0,0,0,0,433.462,0.9186,2,7,141.7
FC(F)(F)c1cccc(C2=CCN(CCc3ccc4ccccc4c3)CC2)c1,TOX26724,0,0,0,0,0,0,0,1,0,0,,0,381.441,6.1904,0,1,3.24
Oc1cn2c(n1)Nc1ccc(Cl)c(Cl)c1C2,TOX26725,0,0,1,0,0,0,0,,0,0,0,0,256.092,3.0008,2,4,50.08
C[C@@H]1C[C@H]2[C@@H]3CCC4=CC(=O)C=C[C@]4(C)[C@@]3(F)[C@@H](O)C[C@]2(C)[C@@]1(O)C(=O)COC(=O)c1cccc(S(=O)(=O)[O-])c1,TOX26722,1,1,,,1,0,0,,,,0,0,575.631,2.6645,2,9,158.1
COc1ccc(C(=O)/C(Br)=C\C(=O)O)cc1,TOX26231,0,,0,,,,1,,1,,0,1,285.093,2.2413,1,3,63.6
CCCCCCCCCCCCCCCC(=O)OC[C@H](COP(=O)([O-])OCC[N+](C)(C)C)OC(=O)CCCCCCCCCCCCCCC,TOX26720,0,0,0,0,0,0,0,,0,,0,0,734.053,10.6118,0,8,111.19
COC(=O)[C@H]1[C@H]2C[C@@H]3c4[nH]c5cc(OC)ccc5c4CCN3C[C@H]2C[C@@H](OC(=O)COc2ccc(OC)cc2)[C@@H]1OC,TOX26721,0,0,,0,0,0,0,0,0,0,0,0,578.662,3.9191,1,9,108.55
CN(Cc1ccccc1)Cc1ccccc1,TOX26238,0,0,0,0,0,0,0,,0,,0,0,211.308,3.3186,0,1,3.24
O=C(NNCNNC(=O)c1ccncc1)c1ccncc1,TOX26239,0,0,1,0,0,0,0,,0,,,0,286.295,-0.3969,4,6,108.04
O=C([O-])[C@H](CC(=O)N1C[C@H]2CCCC[C@H]2C1)Cc1ccccc1.O=C([O-])[C@H](CC(=O)N1C[C@H]2CCCC[C@H]2C1)Cc1ccccc1,TOX26728,0,0,0,0,1,0,0,,0,,0,0,628.81,3.2678,0,6,120.88
CC(C)(COP(=O)([O-])OP(=O)([O-])OC[C@H]1O[C@@H](n2cnc3c(N)ncnc32)[C@H](O)[C@@H]1OP(=O)([O-])O)C(O)C(=O)NCCC(=O)NCCS,TOX26729,0,0,,0,1,0,0,,0,,0,0,764.517,-3.5613,7,21,355.05
Clc1cc(Cl)c(Cl)cc1Cl,TOX4320,0,0,0,0,1,0,0,0,0,0,0,0,215.894,4.3002,0,0,0
CCCCCCCOC(=O)CCC,TOX22038,0,0,0,0,0,0,0,0,0,0,0,0,186.295,3.3001,0,2,26.3
CCOP(=S)(OCC)OP(=S)(OCC)OCC,TOX4328,0,0,0,0,0,0,0,0,0,0,,0,322.325,3.598,0,7,46.15
CC(C)CCCCCCOC(=O)CCCCC(=O)OCCCCCCC(C)C,TOX7982,0,0,0,0,0,0,0,0,0,0,0,0,398.628,6.8462,0,4,52.6
CCC(O)OCCCOC,TOX7983,0,0,0,0,0,0,0,0,0,0,0,0,148.202,0.7679,1,3,38.69
CC(C)(C)c1n[nH]c(=S)n(N)c1=O,TOX7981,0,0,,0,0,0,0,0,0,0,0,0,200.267,0.31219,2,5,76.7
O=[N+]([O-])c1cc(C2CCCCC2)c(O)c([N+](=O)[O-])c1,TOX4064,0,,0,,,0,,,0,,1,0,266.253,3.2563,1,5,106.51
O=[N+]([O-])c1cccc([N+](=O)[O-])c1,TOX4065,0,0,0,0,,0,0,1,0,0,0,0,168.108,1.503,0,4,86.28
O=[N+]([O-])c1ccccc1[N+](=O)[O-],TOX4066,0,0,1,,0,0,0,1,0,0,1,0,168.108,1.503,0,4,86.28
CCCc1nc2c(C)cc(-c3nc4ccccc4n3C)cc2n1Cc1ccc(-c2ccccc2C(=O)O)cc1,TOX3636,0,,0,0,0,0,1,1,0,0,,0,514.629,7.26442,1,5,72.94
Cc1ccc(O)cc1C,TOX4062,0,0,0,0,0,0,0,0,0,0,0,0,122.167,2.00904,1,1,20.23
Cc1cccc(C)c1O,TOX4063,0,0,0,0,0,0,0,0,0,0,0,0,122.167,2.00904,1,1,20.23
C=CCC1(C(C)CC)C(=O)NC(=O)NC1=O,TOX3630,,,,,,,,0,,0,,,224.26,0.961,2,3,75.27
O=C(O)c1c(O)c(-c2ccccc2)nc2ccccc12,TOX31539,,,,,,,,0,,0,,,265.268,3.3056,2,3,70.42
COc1ccc([C@@H]2Sc3ccccc3NC(=O)[C@@H]2O)cc1,TOX31533,,,,,,,,0,,0,,,301.367,2.8416,2,4,58.56
CN1C2CCC(C)(C)C1CC(OC(=O)C(O)(c1cccs1)c1cccs1)C2,TOX31532,,,,,,,,0,,0,,,405.585,4.2401,1,6,49.77
CCc1cccc2c(CCO)c[nH]c12,TOX31530,,,,,,,,0,,0,,,189.258,2.2651,2,1,36.02
CCC(=O)C(CCN(C)C)(c1ccccc1)c1ccccc1,TOX31537,,,,,,,,0,,0,,,295.426,3.9035,0,2,20.31
Cc1onc(-c2c(Cl)cccc2Cl)c1C(=O)Cl,TOX31536,,,,,,,,0,,0,,,290.533,4.33582,0,3,43.1
CCC(C(=O)OCCN1CCOC(c2ccccc2)C1C)c1ccccc1,TOX31535,,,,,,,,0,,0,,,367.489,4.1854,0,4,38.77
CC(C)(C)c1ccc(C(=O)CCCCl)cc1,TOX31534,,,,,,,,0,,0,,,238.758,4.1858,0,1,17.07
CC(=O)c1ccc(S(=O)(=O)NC(=O)NC2CCCCC2)cc1,TOX7,0,0,0,0,0,0,0,0,0,0,0,0,324.402,2.2098,2,4,92.34
CC(=O)Nc1ccc(O)cc1,TOX6,0,0,0,0,0,0,0,0,0,0,0,0,151.165,1.3506,2,2,49.33
CC(N)=O,TOX5,0,0,0,0,0,0,0,0,0,0,0,0,59.068,-0.5084,1,1,43.09
CC=O,TOX2,0,,,1,,,,,0,,1,,44.053,0.2052,0,1,17.07
COC(=O)/C=C\C(=O)OC,TOX20765,0,0,0,0,0,0,,1,0,0,0,0,144.126,-0.1114,0,4,52.6
O=C(Nc1ccc(Cl)c(Cl)c1)c1cc(Cl)cc(Cl)c1O,TOX20767,0,,1,,,,,,0,1,1,1,351.016,5.2581,2,2,49.33
Cc1cc(SCc2sc(-c3ccc(C(F)(F)F)c(F)c3)nc2C)ccc1OCC(=O)O,TOX20760,0,0,,,0,0,1,,0,,,,471.497,6.34054,1,5,59.42
CC#N,TOX9,0,0,0,0,0,0,0,0,0,0,0,0,41.053,0.52988,0,1,23.79
COc1cc(Br)c(C[N+]2(CCOCCC3CCC4CC3C4(C)C)CCOCC2)cc1OC,TOX28540,0,0,0,,0,0,0,,0,,,0,511.521,5.2923,0,4,36.92
c1ccc(CCCc2ccncc2)cc1,TOX24869,0,0,0,1,0,0,0,,0,1,1,0,197.281,3.2569,0,1,12.89
CC(=O)Nc1ccc(C)cc1C,TOX24868,0,0,0,0,0,0,0,0,0,0,0,0,163.22,2.26184,1,1,29.1
CC1(C)S[C@@H]2[C@H](NC(=O)[C@@H](c3ccccc3)S(=O)(=O)[O-])C(=O)N2[C@H]1C(=O)[O-],TOX28544,0,0,0,0,0,0,0,0,0,0,0,0,412.445,-1.4301,1,8,146.74
Oc1cccc(-c2c3nc(c(-c4cccc(O)c4)c4ccc([nH]4)c(-c4cccc(O)c4)c4ccc(n4)c(-c4cccc(O)c4)c4ccc2[nH]4)CC3)c1,TOX28545,0,,1,,,0,0,,0,,,,680.764,9.7608,6,6,138.28
N[C@@H](CCC(=O)N[C@@H](CSSC[C@H](NC(=O)CC[C@H](N)C(=O)O)C(=O)NCC(=O)O)C(=O)NCC(=O)O)C(=O)O,TOX28898,1,1,0,,1,1,0,,0,,0,0,612.64,-3.8768,10,12,317.64
C[C@]12CCC(=O)C[C@@H]1CC[C@@H]1[C@@H]2CC[C@@]2(C)[C@H]1CC[C@]2(C)O,TOX28899,1,1,,,1,1,0,,0,,,0,304.474,4.3492,1,2,37.3
CCOC(=O)CC(C(C)=O)C(C)=O,TOX24863,0,0,0,0,0,0,0,0,0,0,0,0,186.207,0.7338,0,4,60.44
Cc1c(C)c2c(c(C)c1OC(=O)CCC(=O)OCCO)CC[C@@](C)(CCC[C@H](C)CCC[C@H](C)CCCC(C)C)O2,TOX28549,0,0,0,0,0,0,,1,0,0,0,,574.843,8.35576,1,6,82.06
CC(CC(c1ccccc1)c1ccccc1)NC(C)(C)C,TOX28894,0,0,0,0,0,0,,,0,,,0,281.443,4.9852,1,1,12.03
Cc1cccc(N)n1,TOX24860,0,0,0,0,0,0,0,0,0,0,0,0,108.144,0.97222,1,2,38.91
C=C(C)C(=O)OCC(C)(C)COC(=O)C(=C)C,TOX24867,0,0,0,0,0,0,0,0,0,0,0,0,240.299,2.2512,0,4,52.6
O=C1NCCN1CCN1CCC(c2cn(-c3ccc(F)cc3)c3ccc(Cl)cc23)CC1,TOX28893,0,0,0,,,0,,,0,0,,,440.95,4.6276,1,3,40.51
C[C@]12C[C@H](O)[C@H]3[C@@H](CCC4=CC(=O)C=C[C@@]43C)[C@@H]1CC[C@]2(O)C(=O)COC(=O)CCC(=O)O,TOX28890,1,1,,,,0,0,,,,0,0,460.523,1.9733,3,7,138.2
CCN1CCN(C(=O)N[C@@H](C(=O)N[C@@H]2C(=O)N3[C@@H]2SC(C)(C)[C@H]3C(=O)[O-])c2ccccc2)C(=O)C1=O,TOX28891,,,,,,,,0,,0,,,516.556,-1.575,2,8,159.26
CN(N=O)c1ccc([N+](=O)[O-])cc1,TOX1002,0,0,1,0,0,0,0,,0,0,0,0,181.151,1.7124,0,4,75.81
COc1cc(C(=O)OC(COCCC(C)C)CN2CCOCC2)cc(OC)c1OC,TOX28764,0,0,0,0,0,0,0,0,0,0,0,0,425.522,2.6327,0,8,75.69
CC(=O)Oc1ccc(C2(c3ccc(OC(C)=O)cc3)Oc3ccccc3NC2=O)cc1,TOX28765,0,0,0,0,,,0,0,0,0,,1,417.417,3.8119,1,6,90.93
COc1ccc2c(C(=S)N(C)CC(=O)O)cccc2c1C(F)(F)F,TOX28760,0,0,0,0,0,0,,0,0,0,0,0,357.353,3.5591,1,3,49.77
CN1CCC(N(Cc2cccs2)c2ccccc2)CC1,TOX28761,0,0,0,0,0,0,0,0,0,,,0,286.444,3.8489,0,3,6.48
O=C1[C@H]2[C@@H]3CC[C@@H](C3)[C@H]2C(=O)N1CCCCN1CCN(c2ncccn2)CC1,TOX28762,0,0,0,0,0,0,0,0,0,0,0,0,383.496,1.4099,0,6,69.64
CC(COc1ccccc1)NN,TOX28763,0,0,0,0,0,0,0,0,0,0,0,0,166.224,0.9172,2,3,47.28
CCCN(CCC)C(=O)C(CCC(=O)OCCCN1CCN(CCOC(=O)Cc2c(C)n(C(=O)c3ccc(Cl)cc3)c3ccc(OC)cc23)CC1)NC(=O)c1ccccc1,TOX28768,0,,1,,1,1,,,0,,,0,844.45,6.16422,1,11,139.72
CCOP(=O)(CC)Oc1ccc([N+](=O)[O-])cc1,TOX28769,0,0,0,1,0,0,0,,0,0,0,,259.198,3.2231,0,5,78.67
CC(C)(O)c1ccc(C(C)(C)O)cc1,TOX9247,0,0,0,0,0,0,0,0,0,0,0,0,194.274,2.1414,2,2,40.46
O=C(Nc1ccc(Cl)cc1)Nc1ccc(Cl)c(Cl)c1,TOX6214,0,0,1,,,0,,1,0,0,1,1,315.587,5.2908,2,1,41.13
C1C[C@H]2[C@@H]3CC[C@H](C3)[C@H]2C1,TOX9244,0,0,0,0,0,0,0,0,0,0,0,0,136.238,2.8326,0,0,0
CC(C)(c1ccccc1)c1ccc(O)c(C(C)(C)c2ccccc2)c1,TOX9241,0,,0,,,,,,0,,1,,330.471,6.044,1,1,20.23
C=C[Si](OC)(OC)OC,TOX9240,0,0,0,0,0,0,0,0,0,0,0,0,148.234,0.5897,0,3,27.69
CCCCCCCCCCCCCCCCCC(=O)[O-].OCC[NH+](CCO)CCO,TOX6219,0,0,1,0,1,1,0,,0,0,,0,433.674,1.846,4,5,105.26
CN(C)CCN(C)CCN(C)C,TOX9249,,0,0,0,0,0,0,0,0,0,,0,173.304,0.0414,0,3,9.72
Oc1ccc(Cl)c(Cl)c1,TOX5005,0,0,,0,,1,0,1,0,0,1,0,163.003,2.699,1,1,20.23
Oc1c(Cl)cccc1Cl,TOX5004,,0,0,,0,0,0,0,0,0,0,0,163.003,2.699,1,1,20.23
Cc1ccccc1C=O,TOX2051,0,0,0,0,0,0,0,,0,0,0,0,120.151,1.80752,0,1,17.07
Oc1cc(Cl)cc(Cl)c1,TOX5006,0,0,0,,0,0,0,,0,0,1,,163.003,2.699,1,1,20.23
Oc1cccc(Cl)c1Cl,TOX5001,0,0,0,0,0,0,0,0,0,0,1,0,163.003,2.699,1,1,20.23
Clc1cccc(Cl)c1,TOX2056,0,0,0,0,0,0,0,0,0,0,0,0,147.004,2.9934,0,0,0
Oc1cc(Cl)ccc1Cl,TOX5003,0,0,0,0,0,0,0,0,0,0,1,0,163.003,2.699,1,1,20.23
CCCCSCCCC,TOX2058,0,0,0,0,0,0,0,0,0,0,0,0,146.299,3.3198,0,1,0
CCCN(CCC)c1c([N+](=O)[O-])cc(C(C)C)cc1[N+](=O)[O-],TOX4157,0,0,0,0,0,0,0,0,0,0,1,0,309.366,4.2528,0,5,89.52
CCc1ccc2c(c1)N(CC(C)CN(C)C)c1ccccc1S2,TOX25110,0,0,0,,0,0,,,0,,,,326.509,5.0494,0,3,6.48
c1cc2c(c(NC3=NCCN3)c1)CCCC2,TOX25112,0,0,,0,0,0,0,,0,,0,0,215.3,1.9365,2,3,36.42
NS(=O)(=O)c1cc2c(cc1Cl)NC(Cc1ccccc1)NS2(=O)=O,TOX25114,0,0,0,0,0,0,0,,0,,0,0,387.87,1.26,3,5,118.36
CC(C)C1(C)N=C(c2nc3ccccc3cc2C(=O)O)NC1=O,TOX4152,0,0,0,0,0,0,0,0,0,0,0,0,311.341,2.2241,2,4,91.65
O=c1[nH]c2ccccc2n1CCCN1CCC(n2c(=O)[nH]c3cc(Cl)ccc32)CC1,TOX25116,0,0,0,0,,0,0,0,,0,0,0,425.92,3.3532,2,5,78.82
Clc1ccccc1-c1nc(-c2ccncc2)no1,TOX25117,0,0,1,,1,0,0,1,1,0,0,0,257.68,3.452,0,4,51.81
O=C(O)CCc1nc(-c2ccccc2)c(-c2ccccc2)o1,TOX25118,0,0,0,0,,0,1,,0,0,0,0,293.322,4.0258,1,3,63.33
CC[C@]12CCCN3CCc4c(n(c5ccccc45)C(=O)C1)[C@@H]32,TOX25119,0,0,0,1,0,,0,,0,0,0,1,294.398,3.7746,0,3,25.24
CCCCOCN(C(=O)CCl)c1c(CC)cccc1CC,TOX14402,0,,0,,,0,,1,0,,,0,311.853,4.1574,0,2,29.54
CC(C)N1C(=O)N(c2ccccc2)CSC1=NC(C)(C)C,TOX14401,0,,0,,,0,,0,0,,,,305.447,4.1822,0,3,35.91
O=C(O)Cc1c[nH]c2ccccc12,TOX738,0,0,1,0,0,0,0,0,0,0,0,0,175.187,1.795,2,1,53.09
O=Cc1ccc(F)cc1,TOX18756,0,0,0,0,0,0,0,0,0,0,0,0,124.114,1.6382,0,1,17.07
CC(C)Cc1ccc(C(C)C(=O)O)cc1,TOX732,0,0,0,0,1,0,0,0,0,0,1,0,206.285,3.0732,1,1,37.3
Oc1cccc2cccnc12,TOX730,0,0,0,,0,,,1,0,1,0,1,145.161,1.9404,1,2,33.12
c1ccc2[nH]ccc2c1,TOX737,0,0,1,0,0,0,0,0,0,0,0,0,117.151,2.1679,1,0,15.79
CCCSP(=O)(OCC)Oc1ccc(Br)cc1Cl,TOX12464,0,0,1,,0,0,0,,0,0,1,0,373.636,5.7691,0,4,35.53
CN1C[C@H](CNC(=O)OCc2ccccc2)C[C@@H]2c3cccc4c3c(cn4C)C[C@H]21,TOX22584,0,0,,,,0,,,0,0,,0,403.526,4.0647,1,4,46.5
CCN1CCC[C@H]1CNC(=O)c1cc(S(N)(=O)=O)ccc1OC,TOX22583,0,0,0,0,0,0,,0,0,0,0,0,341.433,0.5567,2,5,101.73
OCCO,TOX597,0,0,0,0,0,0,0,0,0,0,0,0,62.068,-1.029,2,2,40.46
CCc1ccccc1,TOX596,0,0,0,0,0,0,0,0,0,0,0,0,106.168,2.249,0,0,0
CC(C)(CCl)c1ccccc1,TOX7167,0,0,0,0,0,0,0,0,0,,0,0,168.667,3.203,0,0,0
CCN(N=O)C(N)=O,TOX593,0,0,0,0,0,0,0,0,0,0,0,0,117.108,0.0684,1,3,75.76
CCOC(=O)C1OC1(C)c1ccccc1,TOX591,0,0,0,,0,0,0,,0,0,0,0,206.241,1.8637,0,3,38.83
O=C(O)[C@H](O)[C@@H](O)[C@H](O)[C@H](O)CO,TOX7169,0,0,0,0,0,0,0,0,0,0,0,0,196.155,-3.4931,6,6,138.45
O=S1(=O)OCCO1,TOX598,0,0,0,0,0,0,0,0,0,0,,0,124.117,-0.722,0,4,52.6
CC(C)(C)C(=O)C(Oc1ccc(Cl)cc1)n1cncn1,TOX3897,0,0,1,1,,,0,0,0,0,0,0,293.754,3.1243,0,5,57.01
CC[C@H](C)[C@H]1O[C@]2(C=C[C@@H]1C)C[C@@H]1C[C@@H](CC=C(C)[C@@H](O[C@H]3C[C@H](OC)[C@@H](O[C@H]4C[C@H](OC)[C@@H](O)[C@H](C)O4)[C@H](C)O3)[C@@H](C)C=CC=C3CO[C@@H]4[C@H](O)C(C)=C[C@@H](C(=O)O1)[C@]34O)O2,TOX3892,0,0,0,0,0,0,,1,0,0,1,0,873.09,5.3774,3,14,170.06
COc1ccc([C@@H]2CC(=O)c3c(O)cc(O[C@@H]4O[C@H](CO[C@@H]5O[C@@H](C)[C@H](O)[C@@H](O)[C@H]5O)[C@@H](O)[C@H](O)[C@H]4O)cc3O2)cc1OC,TOX841,0,0,0,0,0,0,0,0,0,0,0,0,624.592,-0.8536,7,15,223.29
CCCCC/C=C\C/C=C\CCCCCCCC(=O)OC,TOX843,1,0,0,0,0,0,0,0,0,1,,0,294.479,5.9729,0,2,26.3
CC1OC1C1CCC2(C)OC2C1,TOX22097,0,0,0,0,0,0,0,0,0,0,0,0,168.236,1.7313,0,2,25.06
COS(C)(=O)=O,TOX845,0,0,0,0,0,0,0,0,0,0,0,0,110.134,-0.4076,0,3,43.37
C=C(C)C(=O)OC,TOX844,0,0,0,0,0,0,0,0,0,0,0,0,100.117,0.7355,0,2,26.3
Cc1ccc2c(c1[N+](=O)[O-])C(=O)c1ccccc1C2=O,TOX847,0,,1,,1,0,,1,0,0,1,,267.24,2.67862,0,4,77.28
CN(N=O)C(=N)N[N+](=O)[O-],TOX846,0,0,,,0,0,,0,0,0,0,1,147.094,-0.68433,2,5,111.69
NCc1ccccc1,TOX1839,0,0,0,0,0,0,0,0,0,0,0,0,107.156,1.1453,1,1,26.02
O=[N+]([O-])c1ccc(O)cc1,TOX1834,0,1,0,0,0,0,0,0,0,0,1,0,139.11,1.3004,1,3,63.37
CN(C)c1ccc(C=O)cc1,TOX1835,0,0,0,0,1,0,0,1,0,0,,0,149.193,1.5651,0,2,20.31
CCN(CC)CCO,TOX1837,0,0,0,0,0,0,0,0,0,0,0,0,117.192,0.3205,1,2,23.47
Cc1cccc([N+](=O)[O-])c1,TOX1831,0,0,0,0,0,0,0,0,0,0,0,0,137.138,1.90322,0,2,43.14
Cc1ccc(N(C)C)cc1,TOX1832,0,0,1,,1,0,0,0,0,0,0,0,135.21,2.06102,0,1,3.24
O=[N+]([O-])[O-].[NH4+],TOX9668,0,0,0,0,0,0,0,0,0,0,0,0,80.043,0.1371,1,3,102.7
CC1=C(C(=O)OCCN(Cc2ccccc2)c2ccccc2)C(c2cccc([N+](=O)[O-])c2)C(P2(=O)OCC(C)(C)CO2)=C(C)N1,TOX23988,0,0,0,,0,0,,,0,,,0,631.666,7.3032,1,9,120.24
c1ccsc1,TOX6145,,,0,,,0,0,0,0,0,0,0,84.143,1.7481,0,1,0
C#C[C@]1(O)CC[C@H]2[C@@H]3CCC4=CC(=O)CCC4=C3C=C[C@@]21CC,TOX3094,1,1,0,0,1,1,0,1,1,0,0,0,308.421,3.7228,1,2,37.3
Cc1ccc(S(=O)(=O)NC(=O)NN2CC3CCCC3C2)cc1,TOX3095,0,0,,0,0,0,0,0,0,0,0,0,323.418,1.62982,2,4,78.51
COc1ccc2c(c1)C(=O)N(CCc1ccc(S(=O)(=O)NC(=O)NC3CCCCC3)cc1)C(=O)C2(C)C,TOX3096,0,0,0,0,0,0,0,1,0,0,,0,527.643,3.5185,2,6,121.88
Cc1cc(C(=O)NCCc2ccc(S(=O)(=O)NC(=O)NN3CCCCCC3)cc2)no1,TOX3097,0,0,,0,0,0,0,,0,,0,0,449.533,1.73442,3,7,133.64
CC(C)[C@H]1CC[C@@H](C)CC1=O,TOX24475,0,0,0,0,0,0,0,0,0,0,0,0,154.253,2.6477,0,1,17.07
O=C(O)CS,TOX6141,0,0,0,0,0,0,0,0,0,0,0,0,92.119,0.0008,2,2,37.3
COC1CCC=CO1,TOX7570,0,0,0,0,0,,0,0,0,0,0,,114.144,1.283,0,2,18.46
CC(CO)(CO)C(=O)O,TOX7577,0,0,0,0,0,0,0,0,0,0,0,0,134.131,-0.9381,3,3,77.76
OCCOCCOCCOCCOCCO,TOX7579,0,0,0,0,0,0,0,0,0,0,0,0,238.28,-0.9626,2,6,77.38
COC(=O)c1cccnc1,TOX24471,0,0,0,0,0,0,0,0,0,0,0,0,137.138,0.8682,0,3,39.19
CC1=C2N=C(C=C3N=C(C(C)=C4N([Co+]C[C@H]5O[C@@H](n6cnc7c(N)ncnc76)[C@H](O)[C@@H]5O)C(C(CC(N)=O)C4(C)CCC(=O)NCC(C)OP(=O)([O-])O[C@@H]4[C@@H](CO)O[C@H](n5cnc6cc(C)c(C)cc65)[C@@H]4O)C4(C)N=C1C(CCC(N)=O)C4(C)CC(N)=O)C(CCC(N)=O)C3(C)C)C(CCC(N)=O)C2(C)CC(N)=O,TOX26009,0,0,0,0,0,0,,,,,0,0,1579.608,1.70074,12,28,573.37
CC(C)C[C@@H]1NC(=O)[C@H](CCCN)NC(=O)[C@H](C(C)C)NC(=O)[C@@H]2CCCN2C(=O)[C@@H](Cc2ccccc2)NC(=O)[C@H](CC(C)C)NC(=O)[C@H](CCCN)NC(=O)[C@H](C(C)C)NC(=O)[C@@H]2CCCN2C(=O)[C@@H](Cc2ccccc2)NC1=O,TOX26008,0,,,,,0,1,,,,1,1,1141.47,1.2278,10,12,325.46
CNCc1ccccc1,TOX26007,0,0,0,0,0,0,0,0,0,0,0,0,121.183,1.406,1,1,12.03
CN(C)CCC[C@@]1(c2ccc(F)cc2)OCc2cc(C#N)ccc21,TOX26003,0,0,0,0,0,0,0,,0,0,,0,324.399,3.81298,0,3,36.26
C[C@H]1[C@H]2CC[C@H]3[C@@H]4CC=C5C[C@@H](N(C)C)CC[C@]5(C)[C@H]4CC[C@]23CN1C,TOX26000,,,,,,,,0,,0,,,356.598,4.8096,0,2,6.48
CC(C)CC(=O)OCc1ccccc1,TOX27603,0,0,0,0,0,0,0,0,0,0,0,0,192.258,2.7759,0,2,26.3
CC(C)(O)Cc1ccccc1,TOX27601,0,0,0,0,0,0,0,0,0,0,0,0,150.221,2,1,1,20.23
CCC(=O)OC/C=C/c1ccccc1,TOX27606,0,0,0,0,1,0,0,1,0,0,0,0,190.242,2.653,0,2,26.3
NC(=O)Cn1c(=O)cc(CCN2CCN(c3nccc4sccc34)CC2)c2ccc(F)cc21,TOX27355,0,0,,0,,0,0,,0,0,,0,465.554,2.6003,1,7,84.46
CCCC(=O)OCCc1ccccc1,TOX27604,0,0,0,0,0,0,0,0,0,0,0,0,192.258,2.5724,0,2,26.3
O=C(C=Cc1ccccc1)OCCc1ccccc1,TOX27605,0,0,0,,1,0,0,0,1,0,,0,252.313,3.4857,0,2,26.3
COc1ccc(S(=O)(=O)N2C(=O)[C@@](c3ccccc3OC)(N3C[C@H](O)C[C@H]3C(=O)N(C)C)c3cc(Cl)ccc32)c(OC)c1,TOX27358,0,0,,,,0,,,0,0,0,0,630.119,2.8683,1,9,125.92
O=C(Oc1ccc(Br)cc1)N1CCN2CCC1CC2,TOX27359,0,0,0,,0,0,0,0,0,0,,0,325.206,2.7279,0,3,32.78
CC(C)C(=O)OCC=Cc1ccccc1,TOX27608,0,0,0,0,0,0,0,0,0,0,0,0,204.269,2.899,0,2,26.3
CCCCC1CCC(=O)O1,TOX27609,0,0,0,0,0,0,0,0,0,0,0,0,142.198,1.8822,0,2,26.3
NCCS,TOX25779,0,0,0,0,0,0,0,0,0,0,0,0,77.152,-0.1251,2,2,26.02
NS(=O)(=O)c1cc2c(cc1Cl)NC(C1CC3C=CC1C3)NS2(=O)=O,TOX2871,0,0,0,0,0,0,0,0,0,0,0,0,389.886,1.2295,3,5,118.36
N[C@@H]1CONC1=O,TOX2870,0,0,0,,0,0,0,0,0,0,0,0,102.093,-1.6249,2,3,64.35
CN1CCC(=C2c3ccccc3C=Cc3ccccc32)CC1,TOX2872,0,0,0,0,0,0,0,0,0,0,,0,287.406,4.6979,0,1,3.24
O=C(OC1CN2CCC1CC2)c1ccccc1,TOX26191,0,0,0,0,0,0,0,,0,,0,0,231.295,1.9376,0,3,29.54
Cc1ccc2c(c1)C1CN(C)CCC1N2,TOX26193,0,0,0,0,0,0,0,0,0,0,0,0,202.301,2.20822,1,2,15.27
COc1ccccc1Oc1c(NS(=O)(=O)c2ccc(C(C)(C)C)cc2)nc(-c2ncccn2)nc1OCCO,TOX26627,0,,0,0,0,0,,,0,0,0,0,551.625,4.2039,2,10,145.65
O=C1CCCCC1CN1CCCCC1,TOX26194,0,0,0,0,0,0,0,,0,,0,0,195.306,2.2316,0,2,20.31
CC1=CC(=O)/C(=C(/C)[O-])C(=O)O1,TOX6029,0,0,0,0,,0,0,0,0,0,0,0,167.14,-0.3496,0,4,66.43
Nc1ccc([As](=O)([O-])O)cc1,TOX6022,0,0,0,0,0,0,0,0,0,0,0,0,216.048,-1.8022,2,3,86.38
CCCCCCCc1ccc(O)cc1,TOX9036,0,0,0,,1,0,0,0,0,,1,0,192.302,3.9051,1,1,20.23
O[C@H]1CO[C@@H]2[C@H](O)CO[C@H]12,TOX26196,0,0,0,0,0,0,0,0,0,0,0,0,146.142,-1.4942,2,4,58.92
Fc1ccc(C2(Cn3cncn3)OC2c2ccccc2Cl)cc1,TOX20372,0,0,,1,0,0,,0,0,0,,0,329.762,3.7376,0,4,43.24
O[C@H](CBr)[C@@H](O)[C@H](O)[C@H](O)CBr,TOX2918,0,0,0,0,0,0,0,0,0,0,0,0,307.966,-0.7802,4,4,80.92
Cc1cccc([N+](=O)[O-])c1C(=O)O,TOX5639,,0,0,0,0,0,0,0,0,0,0,0,181.147,1.60142,1,3,80.44
CC(=O)Nc1c(I)c(NC(C)=O)c(I)c(C(=O)[O-])c1I,TOX2912,0,0,0,0,1,0,0,0,0,0,0,0,612.907,1.7807,2,4,98.33
Cc1ccc(N)cc1[N+](=O)[O-],TOX5633,0,0,,0,0,0,0,0,0,0,0,0,152.153,1.48542,1,3,69.16
OC[C@H]1OC(O)[C@H](O)[C@@H](O)[C@@H]1O,TOX2910,0,0,0,0,0,0,0,0,0,0,0,0,180.156,-3.2214,5,6,110.38
Cc1c(C(=O)O)cccc1[N+](=O)[O-],TOX5637,0,0,0,0,0,0,0,0,0,1,0,0,181.147,1.60142,1,3,80.44
CC1=Nc2ccc(Cl)cc2S(=O)(=O)N1,TOX2914,0,0,0,0,0,0,0,0,0,0,0,0,230.676,1.6818,1,3,58.53
NC[C@@H]1CC[C@@H](N)[C@@H](O[C@@H]2[C@@H](N)C[C@@H](N)[C@H](O[C@H]3O[C@H](CO)[C@@H](O)[C@H](N)[C@H]3O)[C@H]2O)O1,TOX2915,1,0,0,0,1,0,0,,0,,0,0,451.521,-5.2666,9,13,247.94
CCOCCn1c(N2CCCN(C)CC2)nc2ccccc21,TOX26911,0,0,0,0,0,0,0,0,0,0,0,0,302.422,2.2147,0,5,33.53
NS(=O)(=O)c1cc(-c2nnn[nH]2)c(NCc2cccs2)cc1Cl,TOX26910,0,0,0,0,0,0,0,1,0,0,,0,370.847,1.8411,3,7,126.65
COc1cc2c(cc1OC)CC(=O)N(CCCN(C)C[C@H]1Cc3cc(OC)c(OC)cc31)CC2,TOX26913,0,0,0,0,0,0,0,,0,,0,0,468.594,3.31,0,6,60.47
CCOC(=O)[C@H](CCc1ccccc1)N[C@@H](C)C(=O)N1C(=O)N(C)C[C@H]1C(=O)O,TOX26912,0,0,0,0,0,0,0,0,0,0,0,0,405.451,0.8762,2,6,116.25
CC1(C)C[C@@H]1C(=O)N/C(=C\CCCCSC[C@H](N)C(=O)O)C(=O)[O-],TOX26915,0,0,0,0,0,0,0,,0,,0,0,357.452,0.0979,3,6,132.55
CCOC(=O)[C@H](CCc1ccccc1)N[C@H]1CS[C@H](c2cccs2)CN(CC(=O)O)C1=O,TOX26914,0,0,0,0,0,0,,0,0,0,0,0,476.62,2.9719,2,7,95.94
CCCCC/C=C\CCC(=O)N[C@H]1[C@H](Oc2c3cc4cc2Oc2ccc(cc2Cl)[C@@H](O[C@@H]2O[C@H](CO)[C@@H](O)[C@H](O)[C@H]2NC(C)=O)[C@@H]2NC(=O)[C@H](NC(=O)[C@@H]4NC(=O)[C@H]4NC(=O)[C@@H](Cc5ccc(c(Cl)c5)O3)NC(=O)[C@@H](N)c3ccc(O)c(c3)Oc3cc(O)cc4c3)c3ccc(O)c(c3)-c3c(O[C@H]4O[C@H](CO)[C@@H](O)[C@H](O)[C@@H]4O)cc(O)cc3[C@H](C(=O)O)NC2=O)O[C@H](CO)[C@@H](O)[C@@H]1O,TOX26917,0,0,0,0,0,0,0,,0,,,0,1877.664,0.9396,24,33,662.41
S=C(NC1CCCCC1)NC1CCCCC1,TOX451,0,0,0,,,0,0,,0,1,1,0,240.416,3.1159,2,1,24.06
CCCN(CCC)c1c([N+](=O)[O-])cc(S(C)(=O)=O)cc1[N+](=O)[O-],TOX22203,0,0,0,,,0,0,,0,0,0,0,345.377,2.5329,0,7,123.66
CCCCCCCCCCCCN1CCCC1=O,TOX22206,0,0,1,,,,,,0,,,,253.43,4.5297,0,1,20.31
CCCCCCCCN(C)CCCCCCCC,TOX22209,0,0,0,0,0,0,0,0,0,0,0,0,255.49,5.6392,0,1,3.24
CNC(=O)C(c1ccccc1)c1ccccc1,TOX22208,0,0,,0,0,0,0,0,0,0,0,0,225.291,2.5645,1,1,29.1
CCOC(=O)N1CCC(=O)CC1,TOX31493,,,,,,,,0,,0,,,171.196,0.8078,0,3,46.61
CC(Oc1cccc(Cl)c1)C(=O)O,TOX14232,0,0,0,0,0,0,0,0,0,0,0,0,200.621,2.1919,1,2,46.53
O=Cc1ccc(F)c(Br)c1,TOX24989,0,0,0,0,0,0,0,0,0,0,0,0,203.01,2.4007,0,1,17.07
O=C(O)c1cccc(/C=C2/C[C@H]3[C@H](C[C@@H](O)[C@@H]3/C=C/[C@@H](O)C3CCCCC3)O2)c1,TOX28959,0,,0,0,0,0,1,,0,,,0,398.499,4.009,3,4,86.99
O=C(O)c1ccccc1S,TOX28958,0,0,0,0,0,0,0,,0,0,0,0,154.19,1.6735,2,2,37.3
C=COCCOCCOC=C,TOX24985,0,0,0,0,0,0,0,0,0,0,0,0,158.197,1.3232,0,3,27.69
CS(=O)(=O)NC(=O)CCC/C=C\C[C@H]1C(=O)C[C@@H](O)[C@@H]1/C=C/[C@H](O)COc1ccccc1,TOX28955,0,0,0,0,0,0,0,,0,,0,0,465.568,1.741,3,7,130
OCC(O)COc1ccc(Cl)cc1,TOX28954,0,0,0,0,0,0,0,,0,,0,0,202.637,1.072,2,3,49.69
CN(C)CCCNCCC#N,TOX24980,0,0,0,0,0,0,0,0,0,0,0,0,155.245,0.44138,1,3,39.06
O=P(O)(O)Oc1ccccc1,TOX24981,0,0,0,0,0,0,0,,0,0,0,0,174.092,1.1581,2,2,66.76
CN(C1CCCCC1)S(=O)(=O)c1ccccc1N,TOX24982,0,0,0,0,,,0,0,0,0,,0,268.382,2.222,1,3,63.4
C=CC(=O)OCCOCCOCC,TOX24983,0,0,0,0,0,0,0,1,0,,0,0,188.223,0.7687,0,4,44.76
C=C(C)[C@H]1Cc2c(ccc3c2O[C@@H]2COc4cc(OC)c(OC)cc4[C@@H]2C3=O)O1,TOX1248,0,0,0,,,0,,1,0,0,,1,394.423,3.7033,0,6,63.22
N=C1C=CC(=C(c2ccc(N)cc2)c2ccc(N)cc2)C=C1,TOX1247,0,,0,,,,,1,,1,1,1,287.366,3.79867,3,3,75.89
Cc1cc(C(=C2C=CC(=N)C=C2)c2ccc(N)cc2)ccc1N,TOX1246,0,0,0,,0,0,0,,0,0,1,0,301.393,4.10709,3,3,75.89
CO[C@H]1C=CO[C@@]2(C)Oc3c(C)c(O)c4c(O)c(c(/C=N/N5CCN(C)CC5)c(O)c4c3C2=O)NC(=O)C(C)=CC=C[C@H](C)[C@H](O)[C@@H](C)[C@@H](O)[C@@H](C)[C@H](OC(C)=O)[C@@H]1C,TOX1244,0,0,0,0,0,0,0,0,0,0,1,0,822.953,4.33542,6,15,220.15
CC/N=c1/cc2oc3cc(NCC)c(C)cc3c(-c3ccccc3C(=O)OCC)c-2cc1C,TOX1243,0,,,1,,0,,1,0,1,,1,442.559,6.35054,1,5,63.83
CCCCCCCCCCCCCCCC(=O)OC/C=C(C)/C=C/C=C(C)/C=C/C1=C(C)CCCC1(C)C,TOX1241,0,0,0,0,0,0,0,1,0,0,0,0,524.874,11.5425,0,2,26.3
CC(=O)OC/C=C(C)/C=C/C=C(C)/C=C/C1=C(C)CCCC1(C)C,TOX1240,0,0,0,0,0,1,0,1,0,1,0,0,328.496,6.0811,0,2,26.3
CO[Si](C)(OC)OC,TOX7370,0,0,0,0,0,0,0,0,0,0,,0,136.223,0.4943,0,3,27.69
O=C1Nc2ccccc2C1=O,TOX18694,0,0,1,0,0,0,0,1,0,0,,0,147.133,0.8214,1,2,46.17
CCN(CC)C1CCCCC1,TOX1799,0,0,0,0,0,0,0,0,0,0,0,0,155.285,2.6609,0,1,3.24
c1ccc2ncccc2c1,TOX1798,0,0,0,0,0,0,0,0,0,0,0,0,129.162,2.2348,0,1,12.89
CCC(=O)c1c(O)cc(O)cc1O,TOX25851,0,0,1,0,0,0,0,0,0,0,1,0,182.175,1.3961,3,4,77.76
O=[N+]([O-])c1ccccc1O,TOX1790,0,0,0,0,0,0,0,0,0,0,0,0,139.11,1.3004,1,3,63.37
Oc1cccc2ccccc12,TOX1793,0,0,1,0,0,0,0,1,0,0,1,0,144.173,2.5454,1,1,20.23
O=NN1CCCCC1,TOX1060,0,0,0,0,0,0,0,0,0,0,0,0,114.148,1.1537,0,2,32.67
O=c1c2ccccc2oc2ccccc12,TOX1795,0,0,,,1,0,0,0,0,0,0,0,196.205,2.9462,0,2,30.21
Cc1ccccc1N=O,TOX1065,0,0,,0,,0,0,,0,0,0,0,121.139,2.39292,0,2,29.43
O=C(O)CN(CC(=O)O)CC1=CC2C(=CC1=O)Oc1cc(O)c(CN(CC(=O)O)CC(=O)O)cc1C21OC(=O)c2ccccc21,TOX25856,0,,0,0,,0,,,0,,,0,622.539,0.6502,5,11,228.51
CN(C)P(=O)(N(C)C)N(C)C,TOX694,0,0,0,0,0,0,0,0,0,0,0,0,179.204,0.7793,0,1,26.79
CCCCCC(N)=O,TOX696,0,0,0,0,0,0,0,0,0,0,0,0,115.176,1.052,1,1,43.09
CCCCCCOc1cc(C)c(O)c(C)c1C,TOX697,0,0,1,,0,0,0,,0,,1,0,236.355,4.27656,1,2,29.46
Oc1c(Cl)cc(Cl)c(Cl)c1Cc1c(O)c(Cl)cc(Cl)c1Cl,TOX690,0,0,0,,,0,1,,0,1,1,1,406.907,6.609,2,2,40.46
CCCCCCC(O)CCCCCCCCCCC(=O)OC,TOX7086,0,0,,0,0,0,0,0,0,0,0,0,314.51,5.3917,1,3,46.53
CCCCOCCOCCOC(=O)CCCCC(=O)OCCOCCOCCCC,TOX7085,0,0,0,0,0,0,0,0,0,0,0,0,434.57,3.2998,0,8,89.52
CC(C)OC(=S)[S-],TOX7084,0,0,0,,,0,,0,0,1,,0,135.233,1.2432,0,3,9.23
CCc1cccc(CC)c1N(COC)C(=O)CCl,TOX2265,0,0,0,,0,0,,1,0,,,,269.772,2.9871,0,2,29.54
CNC(=O)ON=C(C)SC,TOX2267,0,0,0,0,0,0,0,0,0,0,0,0,162.214,1.0388,1,4,50.69
COc1ccc([C@@H]2CC(=O)c3c(O)cc(O[C@@H]4O[C@H](CO[C@@H]5O[C@@H](C)[C@H](O)[C@@H](O)[C@H]5O)[C@@H](O)[C@H](O)[C@H]4O)cc3O2)cc1O,TOX24328,0,0,0,0,0,0,0,,0,,0,0,610.565,-1.1566,8,15,234.29
Cc1ccc([N+](=O)[O-])cc1,TOX3792,0,0,0,0,0,0,0,0,0,0,0,0,137.138,1.90322,0,2,43.14
O=S(=O)([O-])CCN1CCN(CCO)CC1,TOX24458,0,0,0,0,0,0,0,0,0,0,0,0,237.301,-1.8585,1,6,83.91
Cc1c(C2(c3cc(Br)c(O)c(Br)c3C)OS(=O)(=O)c3ccccc32)cc(Br)c(O)c1Br,TOX24459,0,0,0,,,0,0,,,0,,0,698.021,6.77544,2,5,83.83
N=C(N)c1ccc(OCCCCCOc2ccc(C(=N)N)cc2)cc1.O=S(=O)(O)CCO.O=S(=O)(O)CCO,TOX3796,0,0,0,1,,0,0,1,,0,1,0,592.693,0.61584,8,10,267.4
C[C@]12C/C(=C/O)C(=O)C[C@@H]1CC[C@@H]1[C@@H]2CC[C@@]2(C)[C@H]1CC[C@]2(C)O,TOX3794,1,1,0,,1,1,,1,0,1,,,332.484,4.401,2,3,57.53
O=C(CCCCCCC(=O)Nc1ccccc1)NO,TOX21133,0,,0,,,0,0,,1,0,0,1,264.325,2.4711,3,3,78.43
CCCOC(OCCC)OCCC,TOX24450,0,0,0,0,0,0,0,0,0,0,0,0,190.283,2.5498,0,3,27.69
COC(=O)CCCCC(=O)O,TOX24451,0,0,0,0,0,0,0,0,0,0,,0,160.169,0.8044,1,3,63.6
Nc1cc[nH]c(=O)n1,TOX24456,0,0,0,0,0,0,0,0,0,0,0,0,111.104,-0.6479,2,3,71.77
CC[N+](CC)(CC)CC,TOX21137,0,0,0,0,0,0,0,0,0,0,0,0,130.255,1.8828,0,0,0
CCOC(=O)CC(=O)CCl,TOX24454,0,1,0,,0,0,1,0,1,,,,164.588,0.7475,0,3,43.37
C=C(C)C(=O)OCCCCCCOC(=O)C(=C)C,TOX24455,0,0,0,1,0,0,0,0,0,0,0,0,254.326,2.7854,0,4,52.6
CNCCc1ccccn1,TOX25588,,,,,,,,,,0,,,136.198,0.8435,1,2,24.92
C[C@H](C(=O)[O-])c1cccc(Oc2ccccc2)c1.C[C@H](C(=O)[O-])c1cccc(Oc2ccccc2)c1,TOX25587,0,0,0,0,0,0,1,0,0,0,0,0,482.532,4.6646,0,6,98.72
CCSc1ccc2c(c1)N(CCCN1CCN(C)CC1)c1ccccc1S2.O=C(O)CC(O)C(=O)O.O=C(O)CC(O)C(=O)O,TOX25586,0,0,,0,0,0,0,,0,,,0,667.803,2.852,6,11,199.38
NC(=O)c1cc[n+](CC2=C(C(=O)[O-])N3C(=O)[C@@H](NC(=O)[C@H](c4ccccc4)S(=O)(=O)[O-])[C@@H]3SC2)cc1,TOX25585,0,0,0,0,0,0,0,,0,,0,0,531.548,-2.2366,2,9,193.71
CNC[C@H](O)[C@@H](O)[C@@H](O)[C@H](O)CO.Cc1c(Nc2ncccc2C(=O)O)cccc1C(F)(F)F,TOX25584,0,,,,,0,0,0,0,0,1,0,491.463,0.49232,8,9,175.4
Cc1cc(C2CCCCC2)n(O)c(=O)c1.NCCO,TOX25583,,,,,,,,,,1,,,268.357,1.37912,3,5,88.48
CCCCC[C@H](O)/C=C/[C@H]1[C@H](O)C[C@H](O)[C@@H]1C/C=C\CCCC(=O)O.COC(N)(CO)CO,TOX25582,0,,,0,,,0,,0,,0,0,475.623,1.3153,7,8,173.7
CC1(C)S[C@@H]2[C@H](NC(=O)[C@@H](NC(=O)N3CCNC3=O)c3ccccc3)C(=O)N2[C@H]1C(=O)[O-],TOX25581,0,0,0,0,0,0,0,,0,,0,0,460.492,-1.2405,3,7,150.98
C[C@H](N)[C@H](O)c1cccc(O)c1,TOX25580,,,,,,,,0,,0,,,167.208,0.7728,3,3,66.48
c1cc(OCC2CO2)cc(OCC2CO2)c1,TOX470,0,0,0,,,0,,1,0,,0,1,222.24,1.2418,0,4,43.52
O=C1CCc2ccccc2O1,TOX474,0,0,0,0,0,0,0,0,0,0,0,0,148.161,1.5382,0,2,26.3
CC1(C)OC(=O)NC1=O,TOX478,0,0,0,0,1,0,0,0,0,0,0,0,129.115,0.0314,1,3,55.4
CNC(=O)CSP(=S)(OC)OC,TOX479,0,0,0,0,0,0,0,0,0,0,0,0,229.263,0.9829,1,5,47.56
Oc1c(Cl)cc(Cl)cc1Sc1cc(Cl)cc(Cl)c1O,TOX1342,0,,0,,,0,,,0,1,1,1,356.057,5.8626,2,3,40.46
BrC(Br)C(Br)(Br)Br,TOX5830,0,0,,,0,0,0,,0,,0,1,424.55,3.9408,0,0,0
NS(=O)(=O)c1cc2c(cc1C(F)(F)F)NCNS2(=O)=O,TOX3132,0,0,0,0,0,0,0,0,0,0,0,0,331.297,0.0141,3,5,118.36
Clc1ccc(C(Cl)(Cl)Cl)c(Cl)c1,TOX5839,0,0,0,,0,0,0,,0,0,,0,264.366,4.8201,0,0,0
CCCCNc1ccc(C(=O)OCCN(C)C)cc1,TOX22448,0,0,,,0,0,0,0,0,0,0,0,264.369,2.617,1,4,41.57
CCCCOc1ccc(C(=O)CCN2CCCCC2)cc1,TOX25323,0,0,0,,1,0,0,1,,,0,0,289.419,3.9242,0,3,29.54
COC(=O)C1CCC(C(=O)OC)CC1,TOX6566,0,0,0,0,0,0,0,0,0,0,0,0,200.234,1.1388,0,4,52.6
CNC(=O)Oc1c(C(C)(C)C)cc(C)cc1C(C)(C)C,TOX22441,0,0,0,,0,0,0,0,0,0,,0,277.408,4.30822,1,2,38.33
CCC(C)(CN(C)C)OC(=O)c1ccccc1,TOX25320,0,0,0,0,1,0,0,0,0,0,0,0,235.327,2.5737,0,3,29.54
CCCCCCCC/C=C\CCCCCCCC(=O)N(CCO)CCO,TOX6563,0,,0,,,0,,,0,,,0,369.59,4.8371,2,3,60.77
CCCCCCCCCCCCCCCC[N+](C)(C)CCN(Cc1ccc(OC)cc1)c1ncccn1,TOX25326,0,0,0,,0,0,0,,0,,,0,511.819,8.0495,0,4,38.25
CCCOc1cc(N)ccc1C(=O)OCCN(CC)CC,TOX25325,0,0,,0,0,0,0,,0,,,0,294.395,2.5562,1,5,64.79
O=C(Nc1ccccc1)OCC(CN1CCCCC1)OC(=O)Nc1ccccc1,TOX25324,0,0,0,0,0,0,,,0,0,0,0,397.475,4.3383,2,5,79.9
C#C[C@]1(O)CC[C@H]2[C@@H]3CCC4=CC(=O)CC[C@@H]4[C@H]3CC[C@@]21CC,TOX16496,1,1,0,0,1,1,0,,0,0,0,0,312.453,3.8826,1,2,37.3
O=[N+]([O-])c1ccccc1[O-],TOX15616,0,0,0,0,0,0,0,0,0,0,0,0,138.102,0.6684,0,3,66.2
CCOC(=O)CBr,TOX587,0,0,,0,0,0,0,,0,0,0,0,167.002,0.9444,0,2,26.3
NCC(O)c1cccc(O)c1,TOX26710,0,0,0,0,0,0,0,,0,,0,0,153.181,0.3843,3,3,66.48
Oc1cc(Cl)c(Cl)c(Cl)c1,TOX6212,0,,0,,,,,,0,1,1,,197.448,3.3524,1,1,20.23
CC(O)[C@H]1CC[C@H]2[C@@H]3CC[C@@H]4C[C@@H](O)CC[C@]4(C)[C@H]3CC[C@]12C,TOX26218,0,0,0,0,1,1,0,,0,,0,0,320.517,4.387,2,2,40.46
C=CCn1c(=O)n([C@@H]2O[C@H](CO)[C@@H](O)[C@H]2O)c2nc(N)[nH]c(=O)c21,TOX26748,0,0,0,0,0,0,0,0,0,0,0,0,339.308,-2.734,5,10,168.62
CC1=C[C@H](O)CC(C)(C)[C@H]1/C=C/C(C)=C/C=C/C(C)=C/C=C\C=C(C)\C=C\C=C(C)\C=C\C1=C(C)C[C@@H](O)CC1(C)C,TOX26749,0,0,0,0,,0,,,0,,,1,568.886,10.4033,2,2,40.46
CC(C)(Cc1c[nH]c2ccccc12)NCC(O)COc1ccccc1C#N,TOX26744,0,0,1,,0,0,,0,0,0,,0,363.461,3.39018,3,4,81.07
CCOc1cc(-c2nccc3cc(OC)c(OC)cc23)cc(OCC)c1OCC,TOX26213,0,0,1,,,0,0,,,,0,0,397.471,5.1151,0,6,59.04
CC(=O)O[C@]1(C(C)=O)CC[C@H]2[C@@H]3CCC4=CC(=O)CC[C@]4(C)[C@@]3(F)[C@@H](O)C[C@@]21C,TOX26210,1,,,,1,,0,,0,,0,0,406.494,3.4721,1,5,80.67
Cc1nc(-c2ccc(Cl)cc2)oc1COC(C)(C)C(=O)O,TOX26216,0,0,0,0,1,0,1,0,0,0,0,0,309.749,3.68322,1,4,72.56
CN1CCC(OC(=O)C(Oc2ccc(Cl)cc2)Oc2ccc(Cl)cc2)CC1,TOX26217,0,0,0,0,0,0,0,,0,,,0,410.297,4.4147,0,5,48
N[Pt]1(N)OC(=O)C2(CCC2)C(=O)O1,TOX26742,0,0,0,0,0,0,0,1,0,0,,0,369.234,-1.012,2,6,104.64
CCC1Nc2cc(Cl)c(S(N)(=O)=O)cc2S(=O)(=O)N1,TOX26215,0,0,0,0,0,0,0,0,0,0,0,0,325.799,0.4273,3,5,118.36
CCCC(=O)OCCC(C)C,TOX22059,0,0,0,0,0,0,0,0,0,0,0,0,158.241,2.3758,0,2,26.3
Cc1ccccc1NC(=N)NC(=N)N,TOX22051,0,,0,0,0,0,0,0,0,0,,0,191.238,0.82476,5,2,97.78
C1=Cc2ccccc2C1,TOX22052,0,0,1,0,,0,0,0,0,0,,0,116.163,2.2559,0,0,0
O=C(O)C(=O)Cc1c[nH]c2ccccc12,TOX22053,0,0,1,0,0,0,0,1,0,0,1,0,203.197,1.3641,2,2,70.16
O=[Se](O)O,TOX4300,0,0,,,,0,,1,,0,1,1,128.973,-1.6136,2,1,57.53
NC(N)=[Se],TOX4303,0,0,0,,0,0,0,0,0,0,0,0,123.017,-1.8403,2,2,52.04
CCc1oc2ccccc2c1C(=O)c1cc(Br)c(O)c(Br)c1,TOX2652,0,0,0,0,0,0,1,,0,,1,1,424.088,5.4568,1,3,50.44
CCCC(=NOCC)C1=C(O)CC(CC(C)SCC)CC1=O,TOX4304,0,0,0,0,0,0,0,0,0,0,0,0,327.49,4.5019,1,5,58.89
O=C([O-])[C@H](O)[C@H](O)[C@@H](O)[C@H](O)[C@H](O)CO,TOX7966,0,0,0,0,0,0,0,0,0,0,0,0,225.173,-5.4669,6,8,161.51
CC(C)CCCCCCCCCCCCCCC(=O)O,TOX7963,0,0,0,,0,0,1,,0,,0,0,284.484,6.1884,1,1,37.3
CCOP(=O)(OCC)Oc1ccc([N+](=O)[O-])cc1,TOX4046,0,0,0,1,0,0,0,,0,0,0,0,275.197,3.1547,0,6,87.9
CCOS(=O)(=O)OCC,TOX4045,0,0,0,0,0,0,0,0,0,0,0,0,154.187,0.3042,0,4,52.6
COS(=O)(=O)[O-].Cn1c(-c2ccccc2)cc(-c2ccccc2)[n+]1C,TOX4048,0,0,0,,,0,0,1,0,0,0,0,360.435,2.2766,0,5,75.24
O=C(NC(=O)c1c(F)cccc1F)Nc1ccc(Cl)cc1,TOX4049,0,0,1,,1,0,0,0,0,0,0,0,310.687,3.5801,2,2,58.2
Cc1ccc(NC=O)c(C)c1,TOX17697,0,0,0,0,0,0,0,0,0,0,,0,149.193,1.87174,1,1,29.1
Cc1ccc(C=O)s1,TOX27169,0,0,0,,0,0,0,,0,,0,0,126.18,1.86902,0,2,17.07
CC1(C)C2CCC3(C2)[C@H]1C(=O)CCC3(C)C,TOX27168,0,0,0,,0,0,0,0,0,0,0,0,220.356,3.818,0,1,17.07
CC(=O)c1ccc2c(c1)CCCC2,TOX27163,0,0,0,,,,0,0,0,0,0,0,174.243,2.768,0,1,17.07
C=CC(=O)CCCCC,TOX27162,0,0,0,0,0,0,0,0,0,0,0,0,126.199,2.3218,0,1,17.07
CC(=O)CCc1ccc2c(c1)OCO2,TOX27161,0,0,0,0,0,0,0,0,0,0,0,0,192.214,1.9369,0,3,35.53
C=CC(C)(CCC=C(C)C)OC(=O)CC(C)C,TOX27160,0,0,0,0,0,0,0,0,0,0,0,0,238.371,4.2668,0,2,26.3
CNC(C)=O,TOX27167,0,0,0,0,0,0,0,0,0,0,0,0,73.095,-0.2477,1,1,29.1
COc1ccc(CCC(C)=O)cc1,TOX27166,0,0,0,0,0,0,0,0,0,0,0,0,178.231,2.2168,0,2,26.3
Cc1ccc2c(c1)OCC(=O)CO2,TOX27165,0,0,0,,,0,0,0,0,0,0,0,178.187,1.33532,0,3,35.53
CCCC1CCCC(=O)O1,TOX27164,0,0,0,,0,0,1,0,0,0,0,0,142.198,1.8822,0,2,26.3
CCOc1ccccc1OCC1CNCCO1,TOX31511,,,,,,,,0,,0,,,237.299,1.4525,1,4,39.72
COc1ccc2cc(C=O)ccc2c1,TOX31510,,,,,,,,0,,0,,,186.21,2.6609,0,2,26.3
CCN(CC)CC(=O)Nc1c(C)cccc1C(=O)OC,TOX31513,,,,,,,,0,,0,,,278.352,2.06192,1,4,58.64
O=C(NCC1CN(c2ccc(N3CCOCC3=O)cc2)C(=O)O1)c1ccc(Cl)s1,TOX31512,,,,,,,,0,,0,,,435.889,2.5199,1,6,88.18
CC(=O)N(CC(=O)N(C)C)c1ccccc1,TOX31515,,,,,,,,0,,0,,,220.272,1.1277,0,2,40.62
O=C(O)C1CCC1,TOX31514,,,,,,,,0,,0,,,100.117,0.8711,1,1,37.3
CCNC(=O)[C@@H]1CCCN1C(=O)[C@H](CCCNC(=N)N)NC(=O)[C@H](CC(C)C)NC(=O)CNC(=O)[C@H](Cc1ccc(O)cc1)NC(=O)[C@H](CO)NC(=O)[C@H](Cc1c[nH]c2ccccc12)NC(=O)[C@H](Cc1cnc[nH]1)NC(=O)[C@@H]1CCC(=O)N1,TOX31517,,,,,,,,0,,0,,,1153.313,-2.64313,16,14,429.04
CC(Cc1ccccc1)N(C)Cc1ccco1,TOX31516,,,,,,,,0,,0,,,229.323,3.3426,0,2,16.38
CCCOc1ccc2c(c1)CC[C@@H]1[C@@H]2CC[C@]2(C)C(OC)CC[C@@H]12,TOX31519,,,,,,,,0,,0,,,328.496,5.3465,0,2,18.46
O=C(CCCCl)c1ccc(F)cc1,TOX31518,,,,,,,,0,,0,,,200.64,3.0274,0,1,17.07
C[C@]12C[C@H](O)[C@@]3(F)[C@@H](CCC4=CC(=O)C=C[C@@]43C)[C@@H]1C[C@@H](O)[C@]2(O)C(=O)CO,TOX20742,1,1,0,,1,0,0,0,0,0,0,0,394.439,0.6205,4,6,115.06
Cn1sccc1=O,TOX20740,0,0,0,,,0,0,,0,,,0,115.157,0.4468,0,3,22
CNC(=O)Oc1ccccc1C1OCCO1,TOX21886,0,0,,0,0,0,0,0,0,0,,0,223.228,1.4502,1,4,56.79
CC(=O)[C@@]1(O)CC[C@H]2[C@@H]3CCC4=CC(=O)CC[C@]4(C)[C@H]3CC[C@@]21C,TOX20747,1,1,0,0,1,1,0,,0,0,0,0,330.468,3.8384,1,3,54.37
CCCc1c(OCCCOc2ccc(OCC(=O)O)cc2)ccc(C(C)=O)c1O,TOX20745,0,,0,,0,0,1,,0,0,0,,402.443,3.8586,2,6,102.29
C=C(C)C(=O)OCC(O)COc1ccc(C(C)(C)c2ccc(OCC(O)COC(=O)C(=C)C)cc2)cc1,TOX24841,0,0,,,,0,,,,,1,,512.599,3.7305,2,8,111.52
C=C(C)CS(=O)(=O)[O-],TOX24840,0,0,0,0,0,0,0,0,0,0,0,0,135.164,0.1077,0,3,57.2
NC(=O)Cc1cccc(C(=O)c2ccccc2)c1N,TOX28564,0,0,,0,0,0,0,0,0,0,0,0,254.289,1.5276,2,3,86.18
C[Si](NC1CCCCC1)(NC1CCCCC1)NC1CCCCC1,TOX24842,0,0,0,0,0,0,0,0,0,0,0,0,337.628,4.322,3,3,36.09
CCCCOC(=O)CCS,TOX24845,0,0,0,,,0,0,0,0,0,,0,162.254,1.6496,1,3,26.3
CCCCCCCCOCCCN,TOX24844,0,0,0,0,,0,0,,0,0,,0,187.327,2.7123,1,2,35.25
CC(C)OP(=O)(CP(=O)(OC(C)C)OC(C)C)OC(C)C,TOX24847,0,0,0,0,0,0,0,0,0,0,,0,344.325,5.0301,0,6,71.06
O=Cc1ccc(Cl)c([N+](=O)[O-])c1,TOX24846,0,0,0,,,0,0,1,0,,0,0,185.566,2.0607,0,3,60.21
Nc1nc(=S)[nH][nH]1,TOX24849,0,0,0,0,0,0,0,0,0,0,0,0,116.149,0.04949,3,3,70.49
C=CC(=O)NCOCC(C)C,TOX24848,0,0,0,0,0,0,0,,0,0,0,0,157.213,0.9187,1,2,38.33
CC1=Nc2ccc3ccccc3c2C1(C)C,TOX24668,0,0,,,,0,0,0,0,1,1,0,209.292,4.2234,0,1,12.36
CC(C)(C)NC(=O)[C@H]1CC[C@H]2[C@@H]3CC=C4C=C(C(=O)O)CC[C@]4(C)[C@H]3CC[C@]12C,TOX28569,0,0,0,0,0,0,,,0,,,0,399.575,5.101,2,2,66.4
CC(C)(C)C1CCC(CC2=C(O)C(=O)c3ccccc3C2=O)CC1,TOX31638,,,,,,,,1,,0,,,326.436,5.1203,1,3,54.37
CC(NC(CCc1ccccc1)C(=O)O)C(=O)N1C(=O)N(C)CC1C(=O)O,TOX31639,,,,,,,,0,,0,,,377.397,0.3977,3,5,127.25
Cc1coc2ccccc2c1=O,TOX31634,,,,,,,,0,,0,,,160.172,2.10142,0,2,30.21
O=C(O)c1cn(C2CC2)c2cc(Cl)c(F)cc2c1=O,TOX31635,,,,,,,,0,,0,,,281.67,2.8271,1,3,59.3
CC(C)c1cc2c(cc1S(=O)(=O)O)[C@@]1(C)CCC[C@@](C)(C(=O)[O-])[C@@H]1CC2,TOX31636,,,,,,,,0,,0,,,379.498,2.8169,1,4,94.5
Cc1nc2n(c(=O)c1CCN1CCC(C(=O)c3ccc(F)cc3)CC1)CCS2,TOX31637,,,,,,,,,,0,,,401.507,2.93392,0,6,55.2
O=C(O)c1ccc(OCCN2CCCCC2)cc1,TOX31630,,,,,,,,0,,0,,,249.31,2.2495,1,3,49.77
COC(=O)c1cc(Cl)ccc1NS(=O)(=O)C(F)(F)F,TOX31631,,,,,,,,0,,0,,,317.672,2.3881,1,4,72.47
O=C1CC(c2ccc(Cl)cc2)CC(=O)N1,TOX31632,,,,,,,,0,,0,,,223.659,1.8602,1,2,46.17
COc1ccc2c(c1)c(CC(=O)OC/C=C(\C)CC/C=C(\C)CCC=C(C)C)c(C)n2C(=O)c1ccc(Cl)cc1,TOX31633,,,,,,,,,,0,,,562.15,8.80512,0,5,57.53
O=[N+]([O-])c1cccc(C(F)(F)F)c1,TOX5794,0,0,0,0,0,0,0,0,0,0,0,0,191.108,2.6136,0,2,43.14
CCCCCCCCC,TOX5796,0,0,0,0,0,0,0,0,0,0,0,0,128.259,3.7569,0,0,0
Cc1ccccc1[N+](=O)[O-],TOX5791,0,0,0,1,0,0,0,0,0,0,0,0,137.138,1.90322,0,2,43.14
O=[N+]([O-])c1ccccc1C(F)(F)F,TOX5793,0,0,0,0,0,0,0,0,0,0,0,0,191.108,2.6136,0,2,43.14
CCOC(=O)N(C)N=O,TOX1472,0,0,0,0,0,0,0,0,0,0,0,0,132.119,0.7561,0,4,58.97
C#C[C@@]1(O)CC[C@H]2[C@@H]3CCC4=CCCC[C@@H]4[C@H]3CC[C@@]21C,TOX1478,1,1,0,0,1,1,0,1,0,,1,0,284.443,4.3135,1,1,20.23
CC(=O)Nc1ccc2c(c1)Cc1cc(NC(C)=O)ccc1-2,TOX1479,0,0,0,0,1,0,0,0,0,0,0,0,280.327,3.1746,2,2,58.2
O=C1NCCN1CCO,TOX9260,0,0,0,0,0,0,0,0,0,0,0,0,130.147,-0.9961,2,2,52.57
CNCCS(=O)(=O)[O-],TOX9263,0,0,0,0,0,0,0,0,0,0,0,0,138.168,-1.249,1,4,69.23
CCc1cc(C(C)(C)C)c(O)c(C(C)(C)C)c1,TOX9262,0,0,0,,0,0,0,,0,0,,0,234.383,4.5496,1,1,20.23
COc1cc(NC(=O)CC(C)=O)c(OC)cc1Cl,TOX9265,0,0,1,,0,0,0,,0,0,0,0,271.7,2.2748,1,4,64.63
CCO[Si](CCCCl)(OCC)OCC,TOX9267,0,0,0,0,0,0,0,0,0,0,1,0,240.803,2.6637,0,3,27.69
Oc1c(Br)c(Br)c(Br)c(Br)c1Br,TOX2079,0,0,1,,,0,,,0,,1,,488.593,5.2047,1,1,20.23
O=C(Nc1ccccc1-c1ccc(Cl)cc1)c1cccnc1Cl,TOX14392,0,0,0,0,0,0,0,0,0,0,,0,343.213,5.3077,1,2,41.99
CCCCCCCCCCCC(C)=O,TOX2070,0,0,0,0,1,,0,0,0,0,0,0,198.35,4.4963,0,1,17.07
OC[C@H]1O[C@](O)(CO)[C@@H](O)[C@@H]1O,TOX3081,0,0,0,0,0,0,0,0,0,0,0,0,180.156,-3.2198,5,6,110.38
Clc1ccc(Cn2c(CN3CCCC3)nc3ccccc32)cc1,TOX25136,0,0,0,0,0,0,0,0,0,1,0,0,325.843,4.3338,0,3,21.06
O=C1CCc2cc(OCCCCc3nnnn3C3CCCCC3)ccc2N1,TOX25132,0,0,0,0,0,0,0,1,0,0,0,0,369.469,3.4647,1,6,81.93
Oc1cc(O)c2c(c1)O[C@H](c1ccc(O)c(O)c1)[C@H](O)C2,TOX25133,0,0,0,0,0,0,0,,0,0,,0,290.271,1.5461,5,6,110.38
c1ccc(C2CC2)c(OCC2=NCCN2)c1,TOX25131,0,0,0,0,0,0,0,0,0,0,0,0,216.284,1.9445,1,3,33.62
Clc1cccc(N2CCNCC2)c1,TOX25138,0,0,0,0,0,0,0,0,0,0,0,0,196.681,1.7496,1,2,15.27
NC(Cc1ccc(Cl)cc1)C(=O)O,TOX25139,0,0,0,0,0,0,0,0,0,0,0,0,199.637,1.2944,2,2,63.32
Nc1ccc2c(c1)C(=O)c1ccccc1C2=O,TOX68,0,0,1,,1,0,0,1,1,0,1,0,223.231,2.0442,1,3,60.16
Cc1cc(N=Nc2ccccc2C)ccc1N,TOX69,0,0,1,,1,,,1,1,0,,,225.295,4.30104,1,3,50.74
Nc1cc([N+](=O)[O-])ccc1O,TOX62,0,0,1,,0,0,0,1,0,0,1,0,154.125,0.8826,2,4,89.39
Nc1ccc([N+](=O)[O-])cc1O,TOX63,0,0,1,0,0,0,,1,0,0,1,0,154.125,0.8826,2,4,89.39
Nc1ncc([N+](=O)[O-])s1,TOX66,0,0,1,0,1,0,0,0,0,0,1,0,145.143,0.6335,1,5,82.05
Nc1ccc(O)c([N+](=O)[O-])c1,TOX64,0,0,,0,0,0,0,1,0,0,1,0,154.125,0.8826,2,4,89.39
Nc1nc(-c2ccc([N+](=O)[O-])cc2)cs1,TOX65,0,0,,,1,0,0,,0,0,1,0,221.241,2.3005,1,5,82.05
O=C(NN1CCCC1)NS(=O)(=O)c1ccc(Cl)cc1,TOX28748,0,0,0,0,0,0,0,0,0,0,0,0,303.771,1.3387,2,4,78.51
C=CC[N+]1([C@H]2C[C@H]3[C@@H]4CC[C@H]5C[C@H](OC(C)=O)[C@@H](N6CCCCC6)C[C@]5(C)[C@H]4CC[C@]3(C)[C@H]2OC(=O)CC)CCCCC1,TOX28749,0,0,0,0,0,0,0,0,0,0,,0,597.905,6.9122,0,5,55.84
CCOC(=O)CCC(=O)OCC,TOX18732,0,0,0,0,0,0,0,0,0,0,0,0,174.196,0.8928,0,4,52.6
O=[N+]([O-])c1nccn1CO[C@@H](CO)[C@H](O)CO,TOX28743,0,0,0,0,0,0,0,0,0,0,0,0,247.207,-1.5205,3,8,130.88
CC[C@H]1C[C@H]2[C@@H]3CCC4=CC(=O)CC[C@@H]4[C@H]3CC[C@]2(C)[C@H]1O,TOX28740,1,1,0,0,1,0,0,,0,0,0,0,302.458,4.1252,1,2,37.3
CCCCCC1Nc2cc(C(F)(F)F)c(S(N)(=O)=O)cc2S(=O)(=O)N1,TOX28741,0,0,0,0,0,0,0,0,0,0,0,0,401.432,1.963,3,5,118.36
CO/N=C(/C(=O)N[C@@H]1C(=O)N2C(C(=O)O)=C(Cn3nnc(C)n3)CS[C@H]12)c1csc(N)n1,TOX28747,0,0,0,0,0,0,0,0,0,0,0,0,479.504,-1.19048,3,13,190.81
Cc1cccc(N(C)C(=S)Oc2ccc3c(c2)CCC3)c1,TOX28744,0,0,0,0,0,0,0,1,0,0,0,0,297.423,4.28382,0,2,12.47
CC(=O)OCC(=O)Nc1cc(C#N)cc(NC(=O)COC(C)=O)c1Cl,TOX28745,0,0,0,0,0,0,0,0,0,0,0,0,367.745,1.21488,2,7,134.59
O=C(O)CCCC[P+](c1ccccc1)(c1ccccc1)c1ccccc1,TOX31458,,,,,,,,0,,0,,,363.417,4.2354,1,1,37.3
COCCCN1CCC(NC(=O)c2cc(Cl)c(N)c3c2OCC3)CC1,TOX31459,,,,,,,,0,,0,,,367.877,2.0878,2,5,76.82
C[C@](N)(Cc1ccc(O)c(O)c1)C(=O)O.C[C@](N)(Cc1ccc(O)c(O)c1)C(=O)O,TOX863,0,0,0,0,0,0,0,0,0,0,0,0,422.434,0.8846,8,8,207.56
Cc1ccc2cc3c(ccc4ccccc43)c3c2c1CC3,TOX862,0,0,1,,,,,1,0,,1,0,268.359,5.55322,0,0,0
Cc1ccc(O)c(O)c1,TOX861,0,,1,,0,1,0,1,0,,,0,124.139,1.40622,2,2,40.46
Cc1cc(Cc2ccc(N)c(C)c2)ccc1N,TOX867,0,0,,0,0,0,0,0,0,0,0,0,226.323,3.05864,2,2,52.04
FC(F)(F)C(Cl)(Cl)Cl,TOX7148,0,0,0,0,0,0,0,0,0,0,0,0,187.375,2.9189,0,0,0
N#CCC(=O)O,TOX7149,0,0,0,0,0,0,0,0,0,0,0,0,85.062,-0.01532,1,2,61.09
CCSCC,TOX7146,0,0,0,0,0,0,0,0,0,,0,0,90.191,1.7594,0,1,0
CN(C)c1ccc(Cc2ccc(N(C)C)cc2)cc1,TOX869,0,0,1,0,0,0,0,0,0,0,0,0,254.377,3.4094,0,2,6.48
ClCCl,TOX868,0,0,0,0,0,0,0,0,0,0,0,0,84.933,1.4215,0,0,0
FC(F)(F)c1ccc(Cl)c(Cl)c1,TOX7142,0,0,0,0,0,0,0,0,0,0,0,0,215.001,4.0122,0,0,0
O=C=Nc1cccc(C(F)(F)F)c1,TOX7143,0,0,1,1,0,0,0,,0,0,1,0,187.12,2.6727,0,2,29.43
CC[C@@H](CO)NC(=O)[C@@H]1C=C2c3cccc4c3c(cn4C)C[C@H]2N(C)C1,TOX3307,0,0,1,0,0,0,0,0,0,0,0,0,353.466,1.9351,2,4,57.5
C[C@H]1C[C@H]2[C@@H]3CC[C@](O)(C(=O)CO)[C@@]3(C)C[C@H](O)[C@@H]2[C@@]2(C)C=CC(=O)C=C12,TOX3300,1,1,0,,0,0,0,0,0,0,0,0,374.477,1.8036,3,5,94.83
CC(=O)OCC(=O)[C@@]1(O)CC[C@H]2[C@@H]3C[C@H](C)C4=CC(=O)C=C[C@]4(C)[C@H]3[C@@H](O)C[C@@]21C,TOX3302,1,1,0,,1,0,0,,0,,0,0,416.514,2.3744,2,6,100.9
C[C@H]1C[C@H]2[C@@H]3CC[C@](O)(C(=O)COC(=O)CCC(=O)[O-])[C@@]3(C)C[C@H](O)[C@@H]2[C@@]2(C)C=CC(=O)C=C12,TOX3303,1,1,0,,,0,0,,0,,0,0,473.542,0.8846,2,8,141.03
C=CCOC(=O)C(=C)C,TOX1816,0,0,0,0,0,0,0,0,0,0,0,0,126.155,1.2917,0,2,26.3
OCC(Br)CBr,TOX1817,,,0,0,0,0,0,0,0,0,0,0,217.888,1.1371,1,1,20.23
Nc1ccc(Cl)c(Cl)c1,TOX1815,0,0,1,0,0,0,0,0,0,0,0,0,162.019,2.5756,1,1,26.02
NCCCC(=O)O,TOX15106,0,0,0,0,0,0,0,,0,,0,0,103.121,-0.1901,2,2,63.32
Nc1ccccc1Cl,TOX1810,0,0,0,0,0,0,0,0,0,0,0,0,127.574,1.9222,1,1,26.02
CCC(C)C=O,TOX1818,0,0,0,0,0,0,0,0,0,0,0,0,86.134,1.2314,0,1,17.07
O=C1Cc2cc(Cl)ccc2N1,TOX31456,,,,,,,,1,,0,,,167.595,1.8346,1,1,29.1
FC(F)(F)c1ccc(Cl)cc1,TOX4821,0,0,0,0,0,0,0,0,0,0,0,0,180.556,3.3588,0,0,0
C[Si](C)(C)Cl,TOX4822,0,0,0,0,0,0,0,1,0,0,0,0,108.644,2.0601,0,0,0
CCC(Cl)C(Cl)C(Cl)CC(Cl)C(Cl)C(C)Cl,TOX4824,0,0,0,0,,0,0,,0,0,1,0,348.956,5.4508,0,0,0
C=Cc1ccc(C=C)cc1,TOX13863,0,0,0,0,0,0,0,0,0,0,0,0,130.19,2.9726,0,0,0
Nc1ccc([As](=O)(O)O)cc1,TOX15138,0,0,0,0,0,0,0,0,0,0,0,0,217.056,-1.1702,3,2,83.55
O=[N+]([O-])C(Cl)(Cl)Cl,TOX315,0,0,0,0,0,0,0,0,0,0,0,0,164.375,1.5908,0,2,43.14
Clc1ccc(Sc2cc(Cl)c(Cl)cc2Cl)cc1,TOX314,0,0,0,0,0,0,0,0,0,0,1,0,324.059,6.4514,0,1,0
Cc1ccc(C)c2ccccc12,TOX15423,0,0,0,0,,0,0,0,0,0,0,0,156.228,3.45664,0,0,0
O=S(=O)(Oc1ccc(Cl)cc1)c1ccc(Cl)cc1,TOX310,0,0,,0,0,0,0,0,0,0,1,0,303.166,3.7611,0,3,43.37
Cc1nnc2n1-c1sc(CCc3ccc(CC(C)C)cc3)cc1C(c1ccccc1Cl)=NC2C,TOX312,0,,0,1,,0,,1,0,,1,,489.088,7.18632,0,5,43.07
CCC(=O)[O-].CCC(=O)[O-],TOX7556,0,0,0,,,,0,0,0,0,0,0,146.142,-1.7074,0,4,80.26
COC(=O)c1cc(C(=O)OC)cc(S(=O)(=O)[O-])c1,TOX7551,0,0,0,0,0,0,0,0,0,0,0,0,273.242,0.1639,0,7,109.8
O=C([O-])CCl,TOX7550,0,0,0,0,0,0,0,0,0,0,0,0,93.489,-1.0249,0,2,40.13
CC(C)C(OC(=O)c1ccccc1)C(C)(C)COC(=O)c1ccccc1,TOX21242,0,0,0,1,1,1,0,0,0,0,,0,354.446,4.7512,0,4,52.6
OCCCO,TOX21246,0,0,0,0,0,0,0,0,0,0,0,0,76.095,-0.6389,2,2,40.46
O=C(CC(=O)c1ccccc1)c1ccccc1,TOX21247,0,0,1,,1,0,0,1,1,0,1,0,224.259,3.1423,0,2,34.14
CC(C)(C)c1cc(O)c(C(C)(C)C)cc1O,TOX21248,0,0,0,,,0,,1,0,0,1,,222.328,3.6928,2,2,40.46
COC(=O)[C@H](c1ccccc1Cl)N1CCc2sccc2C1,TOX26024,0,0,0,0,1,1,0,0,0,0,0,0,321.829,3.6739,0,4,29.54
CC(C)CCCCOC(=O)c1ccccc1C(=O)OCCCCC(C)C,TOX9017,0,0,0,0,0,0,0,0,0,0,0,0,362.51,5.6528,0,4,52.6
Cc1ncc(CO)c(C=O)c1O,TOX26020,0,0,0,0,0,0,0,,0,0,0,0,167.164,0.40042,2,4,70.42
NS(=O)(=O)Cc1noc2ccccc12,TOX26023,0,0,0,0,0,0,0,0,0,0,0,0,212.23,0.6163,1,4,86.19
CNC1=Nc2ccc(Cl)cc2C(c2ccccc2)=[N+]([O-])C1,TOX26022,0,0,0,0,0,0,0,,0,,0,0,299.761,2.9507,1,3,50.46
O=C1Nc2ccc(Cl)cc2[C@@](C#CC2CC2)(C(F)(F)F)O1,TOX26029,0,0,0,,,0,0,1,0,1,1,,315.678,4.0731,1,2,38.33
O=C(NC(=O)c1cc(F)c(F)cc1Cl)Nc1cc(F)ccc1N1CCC(C(=O)O)CC1,TOX27376,0,0,0,0,0,0,0,0,0,0,0,0,455.82,4.0202,3,4,98.74
CCOC(=O)O[C@H](C)OC(=O)c1ccc2c(c1)cc(C(=O)NC1CCN(C(C)C)CC1)n2Cc1cc(-c2ccc(Cl)s2)on1,TOX27377,0,,0,,,,,,,,,,643.162,6.338,1,11,125.13
COc1ccc(C(=O)Nc2nc3ccccc3c(NCc3ccccc3)c2C#N)cc1,TOX27374,0,0,1,,,0,,,0,0,1,,408.461,4.97948,2,5,87.04
O=C(O)c1ccccc1-n1cc(C(=O)O)c(=O)c2cc(Nc3c(F)cc(F)cc3Cl)c(Cl)cc21,TOX27375,0,0,0,0,0,0,0,0,0,0,0,0,505.26,5.7157,3,5,108.63
CC[C@H](NC(=O)c1cc(F)ccc1[N-]S(=O)(=O)c1cccc2cccnc12)c1ccccc1,TOX27372,0,0,0,,0,0,0,,0,,1,,462.526,5.6491,1,4,90.23
NCc1cccc(C2CCN(C(=O)c3ccc(C#Cc4ccccc4F)o3)CC2)c1,TOX27371,0,,0,,,0,0,1,0,,0,,402.469,4.297,1,3,59.47
CCN(Cc1cccnc1)C(=O)c1cccc(Cl)c1[C@]1(C)C(=O)N(Cc2ccc(OC)cc2OC)c2ccc(Cl)cc21,TOX27379,0,,,,,,,,0,1,1,,604.534,6.9207,0,5,71.97
CC(C)(C)C(=O)CCc1ccc(Cl)cc1,TOX8300,0,0,0,0,0,0,0,0,0,0,0,0,224.731,3.8878,0,1,17.07
CCCCCC(C)OC(=O)COc1ccc(Cl)c2cccnc12,TOX21794,0,,0,1,0,0,0,0,0,,0,0,335.831,4.779,0,4,48.42
Cc1nc(C)c(Cl)c(O)c1Cl,TOX21793,0,0,0,0,0,0,0,0,0,0,0,0,192.045,2.71084,1,2,33.12
CC(C)=CCCC(C)CC=O,TOX21790,0,0,0,0,0,0,0,0,0,0,,0,154.253,2.9579,0,1,17.07
O=c1oc2ccccc2c(O)c1C1CCCc2ccccc21,TOX21799,0,0,0,0,0,0,1,,0,0,1,0,292.334,3.9668,1,3,50.44
COCC(C)OC(C)=O,TOX6796,1,1,,0,,,0,,0,0,0,0,132.159,0.5844,0,3,35.53
Cc1cc(C)cc(C)c1,TOX6797,1,0,0,0,0,0,0,0,0,0,0,0,120.195,2.61186,0,0,0
Cc1cccc(N)c1,TOX1363,0,0,1,0,0,0,0,0,0,0,0,0,107.156,1.57722,1,1,26.02
COC(=O)C1=C(C)NC(C)=C(C(=O)OCCN2CCN(C(c3ccccc3)c3ccccc3)CC2)C1c1cccc([N+](=O)[O-])c1,TOX796,0,0,0,,,0,,,,0,1,,610.711,4.953,1,9,114.25
Clc1nc(Cl)nc(Cl)n1,TOX6799,0,0,0,0,,0,0,0,0,0,0,0,184.413,1.8318,0,3,38.67
CC(C)Cc1ccc(CC(=O)O)cc1,TOX24107,,,,,,,,0,,0,,,192.258,2.5122,1,1,37.3
C#C[C@]1(O)CC[C@H]2[C@@H]3CCC4=CCCC[C@@H]4[C@H]3C(=C)C[C@@]21CC,TOX2898,1,1,0,0,1,1,0,,0,,1,,310.481,4.8697,1,1,20.23
C[C@H]1O[C@@H](O[C@H]2[C@@H](O)C[C@H](O[C@H]3CC[C@]4(C)[C@H]5C[C@@H](O)[C@]6(C)[C@@H](C7=CC(=O)OC7)CC[C@]6(O)[C@@H]5CC[C@@H]4C3)O[C@@H]2C)C[C@H](O)[C@@H]1O[C@H]1C[C@H](O)[C@H](O[C@@H]2O[C@H](CO)[C@@H](O)[C@H](O)[C@H]2O)[C@@H](C)O1,TOX2897,,,0,,,0,,,,0,1,,943.09,0.0423,9,19,282.21
CC(=O)OCC(=O)[C@H]1CC[C@H]2[C@@H]3CCC4=CC(=O)CC[C@]4(C)[C@H]3CC[C@]12C,TOX2894,1,1,0,0,1,0,0,0,0,0,0,0,372.505,4.2667,0,4,60.44
CC(C)Nc1cccnc1N1CCN(C(=O)c2cc3cc(NS(C)(=O)=O)ccc3[nH]2)CC1,TOX2892,0,0,0,0,0,0,0,,0,0,,0,456.572,2.7171,3,6,110.43
COc1cc2c(Nc3ccc(Br)cc3F)ncnc2cc1OCC1CCN(C)CC1,TOX26681,,,,,,,,0,,0,,,475.362,5.0042,1,6,59.51
CCNC(=O)[C@@H]1CCCN1C(=O)[C@H](CCCNC(=N)N)NC(=O)[C@H](CC(C)C)NC(=O)[C@@H](Cc1c[nH]c2ccccc12)NC(=O)[C@H](Cc1ccc(O)cc1)NC(=O)[C@H](CO)NC(=O)[C@H](Cc1c[nH]c2ccccc12)NC(=O)[C@H](Cc1c[nH]cn1)NC(=O)[C@@H]1CCC(=O)N1,TOX26683,0,,,,,,,,,,,,1282.475,-0.55053,17,14,444.83
CCCCCCCCCCCCCCCCCCCCCC(=O)Nc1ccn([C@@H]2O[C@H](CO)[C@@H](O)[C@@H]2O)c(=O)n1,TOX26682,0,0,0,0,0,0,0,,0,,0,1,565.796,5.6152,4,8,133.91
O=C(O)CCn1c2c(c3ccccc31)C[C@H](NS(=O)(=O)c1ccc(F)cc1)CC2,TOX26685,,,,,,,,,,0,,,416.474,3.0909,2,4,88.4
COc1ccc2[nH]c(S(=O)Cc3ncc(C)c(OC)c3C)nc2n1,TOX26687,0,0,1,0,0,,0,1,0,0,0,0,346.412,2.29474,1,6,89.99
COc1cc(C)c(Cc2cnc(N)nc2N)cc1OC,TOX26689,0,0,0,0,0,0,0,0,0,0,0,0,274.324,1.55742,2,6,96.28
Oc1ccc(C(O)CNCCCCCCNCC(O)c2ccc(O)c(O)c2)cc1O,TOX26688,0,0,0,0,0,0,0,,0,0,,0,420.506,2.0156,8,8,145.44
CC[C@H]1OC(=O)C[C@@H](O)[C@H](C)[C@@H](O[C@@H]2O[C@H](C)[C@@H](O)[C@H](N(C)C)[C@H]2O)[C@@H](CCN2C[C@@H](C)C[C@@H](C)C2)C[C@@H](C)C(=O)C=CC(C)=C[C@@H]1CO[C@@H]1O[C@H](C)[C@@H](O)[C@@H](OC)[C@H]1OC,TOX26011,,0,0,0,0,0,0,,0,,0,0,869.147,3.3414,4,15,186.15
O=C([O-])[C@H]1/C(=C/CO)O[C@@H]2CC(=O)N21,TOX26012,0,,0,0,0,0,0,,0,,0,,198.154,-2.4303,1,5,89.9
CCC1CCC(=O)O1,TOX21298,0,0,0,0,1,0,0,0,0,0,0,0,114.144,1.102,0,2,26.3
C=CC(C)(CCC=C(C)C)OC(=O)C=Cc1ccccc1,TOX27410,0,0,0,,1,0,0,,0,1,,0,284.399,4.9341,0,2,26.3
C/C=C/C(=O)Oc1c(CCCCCC(C)C)cc([N+](=O)[O-])cc1[N+](=O)[O-],TOX20352,0,,0,,,,,,,,1,,364.398,4.7434,0,6,112.58
O=C(O)CCCCCCCCCC(=O)O,TOX24862,0,,0,0,0,0,0,0,0,0,,0,216.277,2.6665,2,2,74.6
CC(C)[C@H]1CC[C@H](C(=O)N[C@H](Cc2ccccc2)C(=O)O)CC1,TOX20687,0,0,0,,0,0,0,0,0,0,0,0,317.429,3.2609,2,2,66.4
COc1ccc2cc([C@H](C)C(=O)O)ccc2c1,TOX20686,0,0,0,0,0,0,0,0,0,0,0,0,230.263,3.0365,1,2,46.53
Nc1cc(N2CCCCC2)nc(N)[n+]1[O-],TOX20685,0,0,0,0,0,0,0,0,0,0,0,0,209.253,-0.1303,2,5,95.11
CC[C@H](C)C(=O)O[C@H]1CCC=C2C=C[C@H](C)[C@H](CC[C@@H]3C[C@@H](O)CC(=O)O3)[C@H]21,TOX20684,0,0,0,1,0,0,0,,0,,0,0,390.52,3.9495,1,5,72.83
CC(=O)O[C@]1(C(C)=O)CC[C@H]2[C@@H]3C=C(C)C4=CC(=O)CC[C@]4(C)[C@H]3CC[C@@]21C,TOX20683,1,,0,,0,0,0,1,0,0,,0,384.516,4.5753,0,4,60.44
COC(=O)Nc1nc2cc(C(=O)c3ccccc3)ccc2[nH]1,TOX20682,0,,1,0,0,,,1,1,0,1,1,295.298,2.9722,2,4,84.08
C[C@@H]1OC(=O)C[C@H](O)C[C@H](O)C[C@H](O)CC[C@@H](O)[C@H](O)C[C@]2(O)C[C@H](O)[C@@H](C(=O)O)C(C[C@@H](O[C@H]3O[C@@H](C)[C@H](O)[C@@H](N)[C@H]3O)C=CC=CC=CC=CCCC=CC=C[C@H](C)[C@@H](O)[C@H]1C)O2,TOX20688,0,0,0,0,0,0,0,,0,,0,0,926.107,0.9357,12,17,319.61
COc1cc(OC)c(C(=O)CCCN2CCCC2)c(OC)c1,TOX26977,0,0,0,0,0,0,0,0,0,0,0,0,307.39,2.7711,0,5,48
OCCSc1ccccc1,TOX26974,0,0,0,0,0,0,0,0,0,0,0,0,154.234,1.771,1,2,20.23
CC(C)c1cccc(C(C)C)c1N1C(=O)c2ccc(O)cc2C1=O,TOX26970,0,,0,1,1,1,,,0,,1,1,323.392,4.4396,1,3,57.61
O=C1Cc2ccccc2N1c1c(Cl)cccc1Cl,TOX26979,0,0,0,,1,1,0,1,0,0,,0,278.138,4.2142,0,1,20.31
CCCCCSCCCCC,TOX22266,0,0,0,0,0,0,0,0,0,0,0,0,174.353,4.1,0,1,0
C=CC(=O)OCC(COC(=O)C=C)(COC(=O)C=C)COC(=O)C=C,TOX22264,0,,,,,1,1,,1,,,,352.339,0.8896,0,8,105.2
CSc1c(Cl)c(Cl)c(Cl)c(Cl)c1Cl,TOX22263,0,0,0,0,0,0,0,,0,0,,0,296.433,5.6755,0,1,0
CC(S)C(C)S,TOX27089,0,0,0,0,0,0,0,0,0,0,0,0,122.258,1.623,2,2,0
O=C(Nc1ccccc1)N(Cc1ccc(Cl)cc1)C1CCCC1,TOX22261,0,0,1,0,0,0,,,,0,1,,328.843,5.3167,1,1,32.34
CCCC(Cn1cncn1)c1ccc(Cl)cc1Cl,TOX22260,0,0,,1,,0,,1,,0,,,284.19,4.1688,0,3,30.71
CC(=O)c1ccc[nH]1,TOX27084,0,0,0,,0,0,0,0,0,0,0,0,109.128,1.2173,1,1,32.86
CC(=O)c1cnccn1,TOX27085,0,0,0,0,0,0,0,0,0,0,0,0,122.127,0.6792,0,3,42.85
CCCCCC/C=C/C=O,TOX27086,0,0,0,0,0,0,0,0,0,0,0,0,140.226,2.7119,0,1,17.07
COC(=O)c1ccccc1OC,TOX27087,0,0,0,0,0,0,0,0,0,0,0,0,166.176,1.4818,0,3,35.53
CCc1ccc(C=O)cc1,TOX27080,0,0,0,0,0,0,0,0,0,0,0,0,134.178,2.0615,0,1,17.07
CC(C)(C)C1CCCCC1=O,TOX27081,0,0,0,0,0,0,0,0,0,0,0,0,154.253,2.7918,0,1,17.07
CCOP(=S)(OCC)SCSc1cc(Cl)ccc1Cl,TOX22269,0,0,0,0,,0,0,0,0,0,0,0,377.32,6.0737,0,5,18.46
CCCC(=O)OC,TOX27083,0,0,0,0,0,0,0,0,0,0,0,0,102.133,0.9595,0,2,26.3
CC(CN(CCN(CC(C)OCCO)CC(C)OCCO)CC(C)OCCO)OCCO,TOX27630,0,0,0,0,0,0,0,1,0,0,0,0,468.632,-0.82,4,10,124.32
CNC(=O)c1ccccc1Sc1ccc2c(/C=C/c3ccccn3)n[nH]c2c1,TOX28975,,,,,,,,1,,0,,,386.48,4.6391,2,4,70.67
CCN(CC)CCCN(c1ccccc1)C1Cc2ccccc2C1,TOX26726,0,,,,,0,,0,,0,,,322.496,4.3923,0,2,6.48
CO.COc1cc(Nc2c(C#N)cnc3cc(OCCCN4CCN(C)CC4)c(OC)cc23)c(Cl)cc1Cl,TOX28977,0,,,,,,,,,,1,1,562.498,4.79888,2,9,103.11
COC(=O)C1=C(C)NC(C)=C(C(=O)O[C@@H]2CCCN(Cc3ccccc3)C2)[C@@H]1c1cccc([N+](=O)[O-])c1,TOX28976,0,0,,,0,0,,,0,0,1,0,505.571,4.2104,1,8,111.01
COCCCOc1cc(C[C@@H](C[C@H](N)[C@@H](O)C[C@H](C(=O)NCC(C)(C)C(N)=O)C(C)C)C(C)C)ccc1OC,TOX28971,0,0,0,0,0,0,0,0,0,0,0,0,551.769,3.2935,4,7,146.13
CC(=O)Nc1ccc(S(=O)(=O)Nc2cc(C)on2)cc1,TOX28970,0,0,0,0,0,0,0,0,0,0,0,0,295.32,1.74222,2,5,101.3
C[C@@H](O[C@H]1OCCN(CC2=NC(=O)N=N2)[C@H]1C1CCC(F)CC1)c1cc(C(F)(F)F)cc(C(F)(F)F)c1,TOX28973,0,0,0,,,0,0,0,0,,,,538.464,6.3413,0,5,75.85
CCCN(CCC)C(=O)Cc1c(-c2ccc(Cl)cc2)nc2ccc(Cl)cn12,TOX28972,0,0,,0,0,0,0,,0,0,,0,404.341,5.4992,0,3,37.61
CC1(C)N=C(N)N=C(N)N1c1ccc(Cl)cc1,TOX28979,0,0,,0,,0,,,0,,0,,251.721,1.5255,2,5,80
NC(=O)COCCN1CCN(C(c2ccccc2)c2ccc(Cl)cc2)CC1,TOX28978,0,0,0,0,0,0,0,0,0,0,,0,387.911,2.5489,1,4,58.8
CCNc1nc(Cl)nc(NCC)n1,TOX1268,0,0,0,0,0,0,0,0,0,0,0,0,201.661,1.3886,2,5,62.73
CCN(CC)CCOc1ccc(-c2nc3cc(Cl)ccc3s2)cc1,TOX26237,0,,1,,,0,,,,,,,360.91,5.3373,0,4,25.36
C=C1CC[C@H](O)C/C1=C/C=C1\CCC[C@@]2(C)[C@H]1CC[C@@H]2[C@H](C)CC[C@@H](O)C(C)(C)O,TOX1260,0,0,0,0,,0,,,0,,1,,416.646,5.7047,3,3,60.69
O=[Se]=O,TOX1264,0,,0,0,,0,0,1,,0,,1,110.958,-0.6184,0,2,34.14
Oc1ccc2c(c1)OCO2,TOX1267,1,1,0,,,,,0,0,0,0,0,138.122,1.1209,1,3,38.69
CN1C(=O)CCS(=O)(=O)C1c1ccc(Cl)cc1,TOX2798,0,0,0,0,0,0,0,0,0,0,0,0,273.741,1.6155,0,3,54.45
S=C(SSSSSSC(=S)N1CCCCC1)N1CCCCC1,TOX535,0,0,,,0,0,,,1,1,,0,448.842,6.5022,0,8,6.48
ClC/C=C\CCl,TOX7310,0,0,0,0,0,0,0,,0,0,0,0,124.998,2.0202,0,0,0
CCc1ncnc2cc(OC)c(OC)cc12,TOX26232,0,0,0,0,0,0,0,,0,,0,0,218.256,2.2094,0,4,44.24
CC(C)(C)C(=O)C(=O)O,TOX7314,0,0,0,0,0,0,0,0,0,0,0,0,130.143,0.6862,1,2,54.37
Cc1c(N)cccc1N,TOX7319,0,0,1,0,0,0,0,0,0,0,1,0,122.171,1.15942,2,2,52.04
CCOC(=O)NC(O)C(Cl)(Cl)Cl,TOX26233,0,0,0,0,0,0,0,0,0,0,0,0,236.482,1.4211,2,3,58.56
CC(=O)[C@@]1(O)CC[C@H]2[C@@H]3C=C(Cl)C4=CC(=O)CC[C@]4(C)[C@H]3CC[C@@]21C,TOX2796,1,1,0,,1,0,0,,0,,,0,362.897,4.1809,1,3,54.37
O=NN1CCCCCC1,TOX1040,0,0,0,0,0,0,0,0,0,0,0,0,128.175,1.5438,0,2,32.67
O=S(=O)(O)c1ccccc1,TOX4568,0,0,0,0,0,0,0,0,0,0,0,0,158.178,0.9333,1,2,54.37
CC[C@@H](C)CCCCC(=O)N[C@H](CCN)C(=O)N[C@@H](C(=O)N[C@H](CCN)C(=O)N[C@@H]1CCNC(=O)C([C@@H](C)O)NC(=O)[C@@H](CCN)NC(=O)[C@@H](CCN)NC(=O)[C@@H](CC(C)C)NC(=O)[C@@H](Cc2ccccc2)NC(=O)[C@@H](CCN)NC1=O)[C@@H](C)O,TOX25839,0,0,0,0,0,0,0,,0,,0,0,1203.499,-5.2448,18,18,490.66
NCCc1cc(O)c(O)cc1O,TOX25838,,,,,,,,,,0,,,169.18,0.3046,4,4,86.71
NC(=O)c1cc([N+](=O)[O-])cc([N+](=O)[O-])c1,TOX25836,0,0,0,0,,0,0,1,0,0,0,0,211.133,0.6019,1,5,129.37
COc1cccc(OC)c1C(=O)N[C@@H]1C(=O)N2[C@@H](C(=O)[O-])C(C)(C)S[C@H]12,TOX25835,0,0,0,0,1,0,0,1,0,0,0,0,379.414,-0.3856,1,7,108
OC[C@H]1O[C@](O)(CO)[C@@H](O)[C@@H]1O[C@@H]1O[C@H](CO)[C@H](O)[C@H](O)[C@H]1O,TOX25833,0,0,0,0,0,0,0,0,0,0,0,0,342.297,-5.3956,8,11,189.53
O=[N+]([O-])O[C@H]1CO[C@H]2[C@@H]1OC[C@H]2O[N+](=O)[O-],TOX25832,0,0,0,0,,0,0,0,0,0,0,0,236.136,-1.0622,0,8,123.2
CC(C(=O)O)c1ccc(N2Cc3ccccc3C2=O)cc1,TOX25831,0,,,1,1,,0,,1,,0,0,281.311,3.0351,1,2,57.61
Oc1cc2c(cc1O)[C@H]1c3ccc(O)c(O)c3OC[C@@]1(O)C2,TOX678,0,,0,,,0,0,0,0,,0,0,302.282,1.3205,5,6,110.38
ClC1=C(Cl)C2(Cl)C3C(Cl)C=CC3C1(Cl)C2(Cl)Cl,TOX679,0,0,0,,0,0,0,1,0,,1,,373.321,5.2415,0,0,0
COC1=CC(=O)O[C@@H](/C=C/c2ccc3c(c2)OCO3)C1,TOX13674,0,,1,,,0,0,,0,0,,0,274.272,2.2743,0,5,53.99
COC1=CC(=O)C[C@@H](C)[C@]12Oc1c(Cl)c(OC)cc(OC)c1C2=O,TOX674,0,0,0,1,0,0,1,,1,0,0,1,352.77,2.8103,0,6,71.06
CCN(Cc1cccc(S(=O)(=O)[O-])c1)c1ccc(C(=C2C=CC(=[N+](CC)Cc3cccc(S(=O)(=O)[O-])c3)C=C2)c2ccc(O)cc2S(=O)(=O)[O-])cc1,TOX673,0,0,0,,,0,0,0,0,0,,0,762.884,4.7325,1,11,198.08
COC(=O)CS,TOX13673,0,0,0,0,0,0,0,0,0,0,0,,106.146,0.0892,1,3,26.3
CCCN1CCCC[C@H]1C(=O)Nc1c(C)cccc1C,TOX28353,0,0,0,0,0,0,0,0,0,0,,0,274.408,3.50644,1,2,32.34
O=C([O-])C(F)(F)C(F)(F)C(F)(F)C(F)(F)C(F)(F)C(F)(F)C(F)(F)F,TOX17708,0,0,0,,0,0,0,1,0,0,0,0,413.056,3.1104,0,2,40.13
O=S(=O)([O-])C(F)(F)C(F)(F)C(F)(F)C(F)(F)C(F)(F)C(F)(F)F,TOX17709,0,0,0,0,0,0,0,0,0,0,,0,399.104,3.2279,0,3,57.2
CC1(C)[C@H]2CC[C@](C)(C2)[C@H]1O,TOX24307,0,0,0,0,0,0,0,0,0,0,0,0,154.253,2.1935,1,1,20.23
CC(C)c1c(C(=O)Nc2ccccc2)c(-c2ccccc2)c(-c2ccc(F)cc2)n1CC[C@@H](O)C[C@@H](O)CC(=O)[O-].CC(C)c1c(C(=O)Nc2ccccc2)c(-c2ccccc2)c(-c2ccc(F)cc2)n1CC[C@@H](O)C[C@@H](O)CC(=O)[O-],TOX24303,0,0,0,1,1,0,0,,0,0,,0,1115.284,9.9578,6,12,229.24
CCOC(=O)C(C)C(C)=O,TOX13493,0,0,0,0,0,0,0,0,0,0,0,0,144.17,0.7746,0,3,43.37
ClCC(Br)CBr,TOX413,0,0,0,0,0,0,0,0,0,0,,0,236.334,2.3836,0,0,0
c1ccc2c(c1)Oc1ccccc1O2,TOX410,0,0,0,0,0,0,0,0,0,0,0,0,184.194,3.5846,0,2,18.46
BrCCBr,TOX415,0,0,0,0,0,0,0,0,0,0,0,0,187.862,1.7762,0,0,0
CCCCCCCCCCCOC(=O)c1ccccc1C(=O)OCCCCCCCCCCC,TOX5215,0,0,0,0,1,0,0,0,0,0,0,0,474.726,9.0618,0,4,52.6
C=Cc1ccccc1C=C,TOX5216,0,0,0,0,0,0,0,0,0,0,0,0,130.19,2.9726,0,0,0
CCCCCCCCC/C=C/CC1CC(=O)OC1=O,TOX5217,0,0,0,0,0,0,,1,0,0,0,0,266.381,4.1631,0,3,43.37
NCCCN1CCN(CCCN)CC1,TOX2246,0,0,0,0,0,0,0,0,0,0,0,0,200.33,-0.6984,2,4,58.52
C=CC(C)(O)CCC=C(C)CCC=C(C)C,TOX2247,0,0,0,,0,0,0,0,0,0,1,0,222.372,4.3963,1,1,20.23
CCCCCCCCCCCCOCCO,TOX5218,0,0,0,,0,0,0,0,0,1,0,0,230.392,3.9162,1,2,29.46
CCCCCCCCCC(CC)c1ccc(S(=O)(=O)[O-])cc1,TOX5219,0,0,0,0,0,0,0,1,0,0,0,0,325.494,5.225,0,3,57.2
Cc1cc2c(C(C)C)c(O)c(O)c(C=O)c2c(O)c1-c1c(C)cc2c(C(C)C)c(O)c(O)c(C=O)c2c1O,TOX3110,0,,0,,,0,0,,1,,1,,518.562,6.38224,6,8,155.52
CN(C(=O)CN(CCO)CC(=O)N(C)C(C)(C)Cc1ccccc1)C(C)(C)Cc1ccccc1,TOX5818,0,0,0,0,0,0,0,0,0,0,,0,467.654,3.2401,1,4,64.09
c1ccc(COCc2ccccc2)cc1,TOX5819,0,0,0,0,0,0,0,0,0,0,0,0,198.265,3.4034,0,1,9.23
COc1ccccc1OCC(O)CO,TOX3114,0,0,0,0,0,0,0,0,0,0,0,0,198.218,0.4272,2,4,58.92
CCCCCc1cc(O)cc(O)c1,TOX5812,0,0,1,,0,0,0,1,0,0,1,,180.247,2.8305,2,2,40.46
CCCCCCCC/C=C\CCCCCCCC(=O)OC,TOX5811,0,0,0,0,,,0,0,0,0,0,0,296.495,6.1969,0,2,26.3
O=C(O)C(=O)O,TOX5816,0,0,0,0,,0,0,0,0,0,0,0,90.034,-0.8444,2,2,74.6
O=C(O)c1cc(O)nc(O)n1,TOX5814,0,0,0,0,0,0,0,0,0,0,0,0,156.097,-0.414,3,5,103.54
Cc1ccccc1C(OCCN(C)C)c1ccccc1,TOX5815,0,0,0,0,0,0,0,,0,0,,0,269.388,3.66262,0,2,12.47
O=C1O[C@H](CO)[C@@H](O)[C@H](O)[C@H]1O,TOX6549,0,0,0,0,0,0,0,0,0,0,0,0,178.14,-3.0132,4,6,107.22
CN(C)Cc1cc(CN(C)C)c(O)c(CN(C)C)c1,TOX6548,0,0,0,0,0,0,0,,0,0,0,0,265.401,1.577,1,4,29.95
IC(I)=C(I)I,TOX22462,0,,,,,0,,,,,1,1,531.638,3.853,0,0,0
O=P([O-])([O-])OP(=O)([O-])[O-],TOX22465,0,0,,0,1,0,0,,0,,0,0,173.941,-3.3396,0,7,135.61
CC(C)NC[C@@H](O)COc1cccc2ccccc12,TOX25304,0,0,,0,0,0,0,0,0,0,,0,259.349,2.5775,2,3,41.49
CC(=O)OCC(=O)[C@@]12OC(C)(C)O[C@@H]1C[C@H]1[C@@H]3C[C@H](F)C4=CC(=O)C=C[C@]4(C)[C@@]3(F)[C@@H](O)C[C@@]12C,TOX25307,1,0,,,,,0,0,,0,0,0,494.531,2.9376,1,7,99.13
CC(=O)OCC(=O)[C@@]1(O)CC[C@H]2[C@@H]3CCC4=CC(=O)C=C[C@]4(C)[C@@]3(F)[C@@H](O)C[C@@]21C,TOX25306,1,1,,,0,0,0,0,0,0,0,0,420.477,2.2205,2,6,100.9
CNC(=O)ON=C(CSC)C(C)(C)C,TOX22468,0,0,0,0,0,0,0,0,0,0,,0,218.322,2.1075,1,4,50.69
O=c1nn[nH]c2ccccc12,TOX6544,0,0,0,0,0,0,0,0,0,0,0,0,147.137,0.3181,1,3,58.64
Nc1ccc2cc(S(=O)(=O)O)cc(O)c2c1,TOX6547,0,0,1,0,0,0,0,0,0,0,0,0,239.252,1.3743,3,4,100.62
CCOC(=O)COc1cc(-n2ncc(C(F)(F)F)c(C)c2=O)c(F)cc1Cl,TOX14618,0,0,0,0,0,0,0,0,0,0,0,0,408.735,3.29412,0,6,70.42
CCCCOC(=O)C(C)Oc1ccc(Oc2ccc(C(F)(F)F)cn2)cc1,TOX14612,0,0,0,1,0,0,0,0,0,0,0,0,383.366,5.0033,0,5,57.65
COc1nn(C(=O)[N-]S(=O)(=O)c2ccccc2OC(F)(F)F)c(=O)n1C,TOX14614,0,0,0,0,0,0,0,0,0,0,0,0,395.295,1.2197,0,9,123.59
CCCCCOC(=O)c1ccccc1C(=O)OCCCCC,TOX11131,0,0,0,0,0,0,0,0,0,0,0,0,306.402,4.3806,0,4,52.6
CCCOC(=O)c1ccccc1C(=O)OCCC,TOX11133,0,0,0,0,0,0,0,0,0,0,0,0,250.294,2.8202,0,4,52.6
CCc1ccc(C(=O)NN(C(=O)c2cc(C)cc(C)c2)C(C)(C)C)cc1,TOX14948,0,0,0,0,0,0,0,1,0,0,,0,352.478,4.45154,1,2,49.41
c1nc[n-]n1,TOX12722,0,0,1,0,0,,0,0,0,0,0,0,68.059,-0.5662,0,2,39.88
CCCCCCCCS,TOX6894,,0,0,,0,0,0,0,0,0,0,0,146.299,3.2767,1,1,0
N#CCCSCCC#N,TOX6899,0,0,0,0,,0,0,0,0,0,0,0,140.211,1.54696,0,3,47.58
CCOC(=O)C1=C[C@]2(CC)CCCN3CCc4c(n1c1ccccc41)[C@@H]32,TOX3740,0,0,0,0,0,0,0,0,0,0,,0,350.462,4.1483,0,4,34.47
Cc1nnc2n1-c1ccc(Cl)cc1C(c1ccccc1Cl)=NC2,TOX26763,0,0,0,0,,0,0,,0,,0,0,343.217,4.23352,0,4,43.07
CCOc1ccc2c3c1O[C@H]1[C@@H](O)C=C[C@H]4[C@@H](C2)N(C)CC[C@]314,TOX26760,0,0,0,0,0,0,0,,0,,0,0,313.397,1.8912,1,4,41.93
CC(=O)Oc1ccc2c3c1O[C@H]1[C@@H](OC(C)=O)C=C[C@H]4[C@@H](C2)N(C)CC[C@]314,TOX28835,0,0,0,0,0,0,0,,0,,0,0,369.417,1.9886,0,6,65.07
CCC(=O)O[C@]1(c2ccccc2)CCN(C)C[C@H]1C,TOX26766,0,0,0,0,0,0,0,,0,,0,0,261.365,2.8067,0,3,29.54
CC(C)Cn1cnc2c1c(=O)n(C)c(=O)n2C,TOX26767,0,0,0,0,0,0,0,0,0,0,0,0,236.275,0.0897,0,6,61.82
Brc1c2ccccc2c(Br)c2ccccc12,TOX29268,0,,0,0,0,,1,1,0,1,,1,336.026,5.518,0,0,0
Cc1nc2ccccc2c(=O)o1,TOX29269,0,0,,,0,0,0,0,0,0,0,0,161.16,1.49642,0,3,43.1
CCn1cc[n+](C)c1.COS(=O)(=O)[O-],TOX29266,0,0,0,0,0,0,0,0,0,0,,0,222.266,-0.5745,0,5,75.24
CCOC(=O)c1ccc(I)cc1,TOX29267,,0,0,,0,0,0,0,0,0,0,0,276.073,2.4679,0,2,26.3
C/C=C(\C)C=O,TOX29264,0,0,0,0,0,0,0,0,0,0,0,0,84.118,1.1515,0,1,17.07
CN(C)c1ccc(CCO)cc1,TOX29265,0,0,,0,0,0,0,0,0,0,0,0,165.236,1.2874,1,2,23.47
O=C1c2ccccc2-c2ccccc21,TOX29263,0,0,0,0,0,0,0,0,0,0,,0,180.206,2.898,0,1,17.07
CNC(=O)Oc1ccccc1C(C)C,TOX22072,0,0,0,0,0,0,0,0,0,0,0,0,193.246,2.5282,1,2,38.33
CC(C)c1ccc(NC(=O)N(C)C)cc1,TOX22077,0,0,1,,,0,0,0,0,0,0,0,206.289,2.9035,1,1,32.34
Cc1ccc(C(C)C)cc1O,TOX22074,0,0,0,0,0,0,0,0,0,0,,0,150.221,2.82402,1,1,20.23
CCOCCOCCOCCO,TOX4368,0,0,0,0,0,0,0,0,0,0,0,0,178.228,0.0484,1,4,47.92
CC(Cl)C(Cl)Cl,TOX4362,0,0,0,0,0,0,0,0,0,0,0,0,147.432,2.4174,0,0,0
CCN(CC)CC,TOX4366,0,0,0,0,0,0,0,0,0,0,0,0,101.193,1.3481,0,1,3.24
CCCCCCCCCCCCCCCC/C=C/C1CC(=O)OC1=O,TOX7948,0,0,0,0,0,0,0,,0,0,,0,350.543,6.5037,0,3,43.37
C#CC(C)(O)CC(C)C,TOX21472,,0,0,0,0,0,0,0,0,0,0,0,126.199,1.4167,1,1,20.23
CC(=O)Nc1ccc(C)cc1,TOX4414,,0,0,0,,0,0,0,0,0,,0,149.193,1.95342,1,1,29.1
CCOP(=S)(OCC)SCn1nnc2ccccc2c1=O,TOX17498,0,0,,,,,0,1,0,0,,0,345.386,2.7797,0,8,66.24
CC(C)Nc1nc(N)nc(Cl)n1,TOX17494,0,0,0,0,0,0,0,0,0,0,0,0,187.634,0.9275,2,5,76.72
CCNc1nc(N)nc(Cl)n1,TOX17495,0,0,0,0,0,0,0,0,0,0,0,0,173.607,0.539,2,5,76.72
CCNc1nc(NC(C)C)nc(OC)n1,TOX17493,0,0,,0,0,0,0,0,0,0,,0,211.269,1.1323,2,6,71.96
O=C1CCCCCCCCCCCCCC1,TOX27141,0,0,0,,0,0,0,0,0,0,1,0,224.388,5.0305,0,1,17.07
CCC(=O)C=Cc1ccc(OC)cc1,TOX27412,0,0,0,0,0,0,0,0,0,0,0,0,190.242,2.6875,0,2,26.3
CC(C)(Cl)[N+](=O)[O-],TOX4798,0,0,0,0,0,0,0,0,0,0,,0,123.539,1.238,0,2,43.14
O=[N+]([O-])c1cc(C(F)(F)F)ccc1Cl,TOX4799,0,0,0,0,0,0,0,0,0,0,0,0,225.553,3.267,0,2,43.14
CC1=C(O)C(=O)CO1,TOX27417,0,0,0,0,0,0,0,,0,0,,0,114.1,0.3752,1,3,46.53
C=CC(=C)CCCC(C)(C)OC(C)=O,TOX27416,0,0,0,0,0,0,0,0,0,0,0,0,196.29,3.2406,0,2,26.3
C=CC(C)(O)CC/C=C(\C)CC,TOX27415,0,0,0,0,0,0,0,0,0,0,0,0,168.28,3.0599,1,1,20.23
CCC(=O)Oc1ccc(/C(CC)=C(\CC)c2ccc(OC(=O)CC)cc2)cc1,TOX27146,0,0,0,,1,1,0,,0,,1,1,380.484,6.0482,0,4,52.6
CC(C)C1CCC(O)CC1,TOX27149,0,0,0,0,,0,0,0,0,0,0,0,142.242,2.1935,1,1,20.23
COc1cc(Cl)c(OC)cc1Cl,TOX4793,0,0,,0,0,0,0,0,0,0,,0,207.056,3.0106,0,2,18.46
CC(C)CC=C(C=O)c1ccccc1,TOX27419,0,0,0,0,1,0,0,0,0,0,1,0,188.27,3.315,0,1,17.07
Clc1cccc2ccccc12,TOX4791,0,0,0,0,1,0,0,0,0,0,0,0,162.619,3.4932,0,0,0
CCC(Cl)[N+](=O)[O-],TOX4797,0,0,,0,0,0,0,0,0,0,0,0,123.539,1.238,0,2,43.14
Sc1ccccc1Cl,TOX31577,,,,,,,,0,,0,,,144.626,2.6287,1,1,0
CCS(=O)(=O)c1ccc(OC)c(C(=O)OC)c1,TOX31576,,,,,,,,0,,0,,,258.295,1.2754,0,5,69.67
ClCc1cccc(Cl)c1,TOX31575,,,,,,,,0,,0,,,161.031,3.0788,0,0,0
CCOC(=O)CN1CCCC1=O,TOX31574,,,,,,,,0,,0,,,171.196,0.1719,0,3,46.61
C/C(=C1\CCOC(=O)S1)N(C=O)Cc1cnc(C)nc1N,TOX31573,,,,,,,,0,,0,,,308.363,1.83062,1,7,98.41
CCCC(CCC)(C(=O)OCC)C(=O)OCC,TOX31572,,,,,,,,0,,0,,,244.331,2.6992,0,4,52.6
Cc1cnc(NS(=O)(=O)c2ccc(N)cc2)nc1,TOX31571,,,,,,,,0,,0,,,264.31,1.16802,2,5,97.97
C=C(C)C(=O)OCC(O)CO,TOX31570,,,,,,,,0,,0,,,160.169,-0.5411,2,4,66.76
N#CSCC(=O)[O-],TOX31579,,,,,,,,0,,0,,,116.121,-1.04942,0,4,63.92
CCC(C(=O)O)c1ccc(N2Cc3ccccc3C2=O)cc1,TOX31578,,,,,,,,0,,0,,,295.338,3.4252,1,2,57.61
CC(=O)OCC(C)OC(C)=O,TOX24827,0,0,0,0,0,0,0,0,0,0,0,0,160.169,0.5011,0,4,52.6
CC(C)CCCC(C)CC=O,TOX24826,0,0,0,0,0,0,0,0,0,0,0,0,156.269,3.0378,0,1,17.07
CC(C)(C)c1cccc(O)c1,TOX24825,0,0,0,0,0,0,0,0,0,0,1,0,150.221,2.6897,1,1,20.23
CC1=CCC(O)(C(C)C)CC1,TOX24824,0,0,0,0,,0,0,0,0,0,0,0,154.253,2.5037,1,1,20.23
C=C(C)C(=O)[O-],TOX24823,0,0,0,0,0,0,0,0,0,0,0,0,85.082,-0.6876,0,2,40.13
CC(CCO)CCc1ccccc1,TOX24822,0,0,0,0,0,0,0,0,0,0,0,0,178.275,2.6377,1,1,20.23
CCOC(=O)C(C#N)=C(c1ccccc1)c1ccccc1,TOX24821,0,0,0,0,1,1,0,0,0,0,,0,277.323,3.57518,0,3,50.09
COc1ccc(C(=O)CC(=O)c2ccc(C(C)(C)C)cc2)cc1,TOX24829,0,0,,,0,,0,0,0,0,,0,310.393,4.4484,0,3,43.37
C=CCCCCCCCCC(=O)OCC,TOX24828,0,0,0,0,0,0,0,0,0,0,0,0,212.333,3.8563,0,2,26.3
CCN(CC)CC(=O)OCC(=O)[C@@]1(O)CC[C@H]2[C@@H]3CCC4=CC(=O)CC[C@]4(C)[C@H]3[C@@H](O)C[C@@]21C,TOX31613,,,,,,,,0,,0,,,475.626,2.6743,2,7,104.14
CCO[C@H]1O[C@@H]2OC3(C)CC[C@H]4[C@H](C)CC[C@@H]([C@H]1C)[C@]42OO3,TOX31610,,,,,,,,0,,0,,,312.406,3.2309,0,5,46.15
Fc1cc(Br)ccc1CBr,TOX31611,,,,,,,,0,,0,,,267.923,3.4831,0,0,0
O=c1[nH]c(=O)n([C@H]2O[C@H](CO)[C@@H](O)[C@@H]2O)cc1/C=C\Br,TOX31616,,,,,,,,0,,0,,,349.137,-1.4863,4,7,124.78
CC(C)=CCNc1ncnc2c1ncn2[C@@H]1O[C@H](CO)[C@@H](O)[C@H]1O,TOX31617,,,,,,,,1,,0,,,335.364,-0.1841,4,9,125.55
CCCC(=O)O[C@]1(C(=O)CC)CC[C@H]2[C@@H]3CCC4=CC(=O)CC[C@]4(C)[C@H]3[C@@H](O)C[C@@]21C,TOX31614,,,,,,,,0,,0,,,430.585,4.5503,1,5,80.67
COc1ccc(/C(C)=C/C(=O)O)c(OC)c1,TOX31615,,,,,,,,0,,0,,,222.24,2.1917,1,3,55.76
CCOC(=O)C(O)c1ccccc1,TOX31618,,,,,,,,0,,0,,,180.203,1.2831,1,3,46.53
CC(CC(C#N)(c1ccccc1)C(C)C)N(C)C,TOX31619,,,,,,,,0,,0,,,244.382,3.44418,0,2,27.03
O=C1NC(=O)c2cc([N+](=O)[O-])ccc21,TOX5776,0,0,0,0,0,0,0,1,0,0,0,0,192.13,0.4784,1,4,89.31
O=C1OC(=O)c2cc([N+](=O)[O-])ccc21,TOX5775,0,0,0,0,0,0,0,0,0,0,0,0,193.114,0.9054,0,5,86.51
O=c1[nH][nH]c(=O)c2cc([N+](=O)[O-])ccc12,TOX5774,0,0,0,0,0,0,0,0,0,0,,0,207.145,0.1246,2,4,108.86
Nc1ccc([N+](=O)[O-])c(N)c1,TOX5770,0,0,,0,,0,0,0,0,0,,0,153.141,0.7592,2,4,95.18
O=[N+]([O-])c1ccc(NCCO)c(OCCO)c1,TOX1458,0,0,0,,0,0,0,0,0,0,0,0,242.231,0.3701,3,6,104.86
O=S(=O)([O-])c1ccc(/N=N/c2c(O)ccc3cc(S(=O)(=O)[O-])ccc23)cc1,TOX1456,0,0,0,0,0,0,0,0,0,0,,0,406.397,2.769,1,9,159.35
CC(/C=C/C=C(\C)C(=O)O[C@@H]1O[C@H](CO[C@@H]2O[C@H](CO)[C@@H](O)[C@H](O)[C@H]2O)[C@@H](O)[C@H](O)[C@H]1O)=C\C=C\C=C(C)\C=C\C=C(/C)C(=O)O[C@@H]1O[C@H](CO[C@@H]2O[C@H](CO)[C@@H](O)[C@H](O)[C@H]2O)[C@@H](O)[C@H](O)[C@H]1O,TOX1457,0,0,0,0,1,0,0,,0,,0,0,976.972,-5.2252,14,24,391.2
O=C([O-])c1[nH]n(-c2ccc(S(=O)(=O)[O-])cc2)c(=O)c1/N=N/c1ccc(S(=O)(=O)[O-])cc1,TOX1455,0,0,0,0,0,0,0,0,0,0,0,0,465.401,-0.2473,1,12,217.04
CCN(CC)CCCl,TOX9203,0,0,0,0,0,0,0,1,1,0,,,135.638,1.567,0,1,3.24
COC(=O)c1ccc2cc(C(=O)OC)ccc2c1,TOX9202,0,0,,,0,0,0,0,0,,0,0,244.246,2.413,0,4,52.6
Cc1cccc[n+]1[O-],TOX9207,0,0,0,0,0,0,0,0,0,0,,0,109.128,0.62842,0,1,26.94
CC[N+](CC)(CC(=O)Nc1c(C)cccc1C)Cc1ccccc1.O=C([O-])c1ccccc1,TOX14376,0,0,0,0,0,0,0,0,0,0,,0,446.591,4.34884,1,3,69.23
CCC(C)C1CCCCC1=O,TOX21818,0,0,0,0,0,0,0,0,0,0,0,0,154.253,2.7918,0,1,17.07
NC1CCN(c2cccc(Cl)n2)CC1,TOX25201,0,0,0,0,0,0,0,0,0,0,0,0,211.696,1.6625,1,3,42.15
C#CCC(Cc1cnc2nc(N)nc(N)c2n1)c1ccc(C(=O)N[C@@H](CCC(=O)O)C(=O)O)cc1,TOX28504,0,0,,0,0,0,,,,,0,1,477.481,0.9816,5,9,207.3
C/C=C1\NC(=O)[C@H]2CSSCCC=C[C@H](CC(=O)N[C@H](C(C)C)C(=O)N2)OC(=O)[C@H](C(C)C)NC1=O,TOX28505,0,,,1,,1,1,,1,,0,1,540.708,1.4296,4,8,142.7
CC1CCC(CO)CC1,TOX21813,0,0,0,0,0,0,0,0,0,0,0,0,128.215,1.805,1,1,20.23
CCS(=O)(=O)C(C)(C)S(=O)(=O)CC,TOX28500,0,0,0,0,0,0,0,0,0,0,0,0,228.335,0.5919,0,4,68.28
NCCCC[C@H](NC(=O)[C@@H]1CCCN1C(=O)[C@@H]1CSSC[C@H](N)C(=O)N[C@@H](Cc2ccc(O)cc2)C(=O)N[C@@H](Cc2ccccc2)C(=O)N[C@@H](CCC(N)=O)C(=O)N[C@@H](CC(N)=O)C(=O)N1)C(=O)NCC(N)=O,TOX28501,0,0,0,0,0,0,0,,0,,0,0,1056.239,-4.3291,13,16,425.55
CC(=O)SC[C@@H](C)C(=O)N1CCC[C@H]1C(=O)N[C@@H](Cc1ccccc1)C(=O)O,TOX28502,0,0,0,0,0,0,0,0,0,0,0,0,406.504,1.7053,2,5,103.78
CCC(C)(C)OC(=O)N[C@@H](Cc1c[nH]c2ccccc12)C(=O)N[C@@H](CCSC)C(=O)N[C@@H](CC(=O)O)C(=O)N[C@@H](Cc1ccccc1)C(N)=O,TOX28503,0,0,0,0,0,0,0,,0,,0,0,710.854,2.404,7,8,221.81
Nc1c2c(nc3ccccc13)CCCC2O,TOX25158,0,0,0,0,0,0,0,0,0,0,0,0,214.268,2.1867,2,3,59.14
N=C(N)NC(=O)Cc1c(Cl)cccc1Cl,TOX25157,0,0,0,0,0,0,0,0,0,0,0,0,246.097,1.54557,3,2,78.97
O=c1c2ccccc2[se]n1-c1ccccc1,TOX25150,0,0,,,,0,0,,0,,1,0,274.181,2.0477,0,2,22
O=C(O)CN(CCOCCOCCN(CC(=O)O)CC(=O)O)CC(=O)O,TOX25151,,,,,,,,0,,0,,,380.35,-2.038,4,8,174.14
O=C1NCN(c2ccccc2)C12CCN(CCCC(c1ccc(F)cc1)c1ccc(F)cc1)CC2,TOX25152,0,0,0,0,,0,0,,,,,,475.583,5.3054,1,3,35.58
Cc1nc2c([nH]1)c(=O)n(C)c(=O)n2Cc1ccco1,TOX25153,0,0,,,0,0,0,0,0,0,0,0,260.253,0.37302,1,6,85.82
ClC1=C(Cl)[C@]2(Cl)[C@H]3[C@H](C4C=C[C@H]3C4)C1(Cl)C2(Cl)Cl,TOX40,0,0,0,0,0,0,0,0,0,0,1,,364.914,5.2702,0,0,0
NC(=O)NC1NC(=O)NC1=O,TOX43,1,0,0,0,0,0,0,0,0,0,0,0,158.117,-2.1798,4,3,113.32
C=CCO,TOX44,0,0,0,0,0,0,0,0,0,0,0,0,58.08,0.1647,1,1,20.23
C=CCCl,TOX45,0,0,0,0,1,,0,0,0,0,0,0,76.526,1.4112,0,0,0
C=CCOCC1CO1,TOX46,0,0,0,0,0,0,0,0,0,0,0,0,114.144,0.5878,0,2,21.76
C=CCN=C=S,TOX47,0,0,0,0,0,0,0,0,0,0,0,0,99.158,1.2752,0,2,12.36
C=CCOC(=O)CC(C)C,TOX48,0,0,0,0,0,0,0,0,0,0,0,0,142.198,1.7617,0,2,26.3
[S-]c1nc2ccccc2s1,TOX6035,0,0,1,,0,0,1,,0,1,1,0,166.25,2.2021,0,3,12.89
CCCCNCC,TOX5276,0,0,0,0,0,0,0,0,0,0,0,0,101.193,1.396,1,1,12.03
Cc1[nH]c(=O)c(C#N)cc1-c1ccncc1,TOX3324,0,0,0,0,0,0,0,0,0,0,0,0,211.224,1.617,1,3,69.54
CN1CCN2c3ncccc3Cc3ccccc3C2C1,TOX3325,0,0,0,0,0,0,0,,0,,0,0,265.36,2.4789,0,3,19.37
CC#C[C@]1(O)CC[C@H]2[C@@H]3CCC4=CC(=O)CCC4=C3[C@@H](c3ccc(N(C)C)cc3)C[C@@]21C,TOX3322,1,0,0,,,0,,1,,0,1,1,429.604,5.4065,1,3,40.54
Cc1cccc2cccnc12,TOX888,0,0,0,0,0,0,0,0,0,0,0,0,143.189,2.54322,0,1,12.89
O=S([O-])CO,TOX7120,0,0,0,0,,0,0,0,0,0,0,0,95.099,-1.1847,1,3,60.36
Cc1ccc2ncccc2c1,TOX887,0,0,0,0,0,0,0,0,0,0,0,0,143.189,2.54322,0,1,12.89
COC(=O)C(c1ccccc1)C1CCCCN1,TOX886,0,0,0,0,0,0,0,0,0,0,0,0,233.311,2.0853,1,3,38.33
NC(=O)CS(=O)C(c1ccccc1)c1ccccc1,TOX3329,0,0,0,0,0,0,0,0,0,0,0,0,273.357,2.01,1,2,60.16
CCSC(=O)Cl,TOX5278,,,0,0,,0,0,1,0,0,0,0,124.592,2.0983,0,2,17.07
Oc1ccc(Cl)cc1,TOX1871,0,0,0,0,0,0,0,0,0,0,1,0,128.558,2.0456,1,1,20.23
Cc1ccc(N)cc1,TOX1365,0,0,1,0,1,0,0,0,0,0,0,0,107.156,1.57722,1,1,26.02
C=CC(=O)OCC(C)C,TOX1873,0,0,0,0,0,0,0,0,0,0,0,0,128.171,1.3716,0,2,26.3
CCCBr,TOX1874,0,0,0,0,0,0,0,0,0,0,0,0,122.993,1.7913,0,0,0
OCCCl,TOX1877,0,0,0,0,0,0,0,0,0,0,0,0,80.514,0.2175,1,1,20.23
CCC#N,TOX1879,0,0,0,0,0,0,0,0,0,0,0,0,55.08,0.91998,0,1,23.79
CCc1cc(Cc2cc(CC)cc(C(C)(C)C)c2O)c(O)c(C(C)(C)C)c1,TOX18864,0,,0,,,,,,,,1,,368.561,6.4084,2,2,40.46
CCCC(C)C1(CC)C(=O)N=C([S-])NC1=O,TOX1744,0,0,0,0,0,0,0,0,0,0,0,0,241.336,1.3783,1,3,58.53
CCC(=O)OCCc1ccccc1,TOX15156,0,0,0,,0,0,0,,0,0,0,0,178.231,2.1823,0,2,26.3
CC1(C)C(=O)NC(=O)N1CO,TOX15152,0,0,0,0,,0,0,0,0,0,0,0,158.157,-0.7334,2,3,69.64
C#C[C@]1(OC(C)=O)CC[C@H]2[C@@H]3CCC4=C[C@@H](OC(C)=O)CC[C@@H]4[C@H]3CC[C@@]21C,TOX614,1,1,0,1,1,1,0,1,0,0,1,1,384.516,4.4259,0,4,52.6
CCc1cccc2c3c([nH]c12)C(CC)(CC(=O)O)OCC3,TOX615,0,0,0,0,0,0,0,1,0,0,0,0,287.359,3.383,2,2,62.32
CCN(CC)CCOc1ccc(C(=C(Cl)c2ccccc2)c2ccccc2)cc1.O=C(O)CC(O)(CC(=O)O)C(=O)O,TOX337,0,,0,1,,0,,,0,,,,598.092,5.3141,4,6,144.6
CCOC(=O)C(C)(C)Oc1ccc(Cl)cc1,TOX336,0,0,0,0,1,0,0,0,0,0,0,0,242.702,3.0605,0,3,35.53
O=C(O)CC(O)(CC(=O)O)C(=O)O,TOX332,0,0,0,0,0,0,0,0,0,0,0,0,192.123,-1.2485,4,4,132.13
CC(C)(Oc1ccc(C2CC2(Cl)Cl)cc1)C(=O)O,TOX331,0,0,0,0,0,0,1,0,0,0,0,0,289.158,3.5898,1,2,46.53
Nc1ccccc1C(=O)OCC=Cc1ccccc1,TOX330,0,0,1,,,0,0,,0,,,0,253.301,3.139,1,3,52.32
CCCCCCCCCCCC[N+](C)(C)CC(=O)[O-],TOX21266,0,0,0,0,0,0,0,,0,0,0,0,271.445,2.7336,0,2,40.13
CCCCCCCCC(CO)CCCCCC,TOX21265,0,0,0,0,0,0,0,0,0,0,0,0,242.447,5.3159,1,1,20.23
Cc1c(Cl)cccc1[N+](=O)[O-],TOX21263,0,0,0,0,0,0,0,0,0,0,0,0,171.583,2.55662,0,2,43.14
C=CCOCC(O)CCl,TOX21261,0,0,,0,0,0,0,,0,0,0,0,150.605,0.7887,1,2,29.46
CCOC(=O)c1nc(C(Cl)(Cl)Cl)n(-c2ccc(Cl)cc2Cl)n1,TOX21268,0,,0,,,0,,,0,,,1,403.48,4.5775,0,5,57.01
Nc1cc([N+](=O)[O-])ccc1C(=O)O,TOX963,0,0,1,0,1,0,0,1,0,0,1,0,182.135,0.8752,2,4,106.46
CCC(C(=O)NC(N)=O)c1ccccc1,TOX612,0,0,0,0,0,0,0,0,0,0,0,0,206.245,1.3751,2,2,72.19
O=c1ssc(Cl)c1Cl,TOX12518,0,0,0,,0,,,1,0,1,,,187.072,2.4766,0,3,17.07
O=C(O)c1cc(/N=N/c2ccc([N+](=O)[O-])cc2)ccc1O,TOX13163,,,,,1,0,,1,1,0,,0,287.231,3.414,2,6,125.39
CCN1C(=CC=Cc2ccc3ccccc3[n+]2CC)C=Cc2ccccc21,TOX26576,0,,,,,0,0,1,,,1,1,353.489,5.5976,0,1,7.12
N=C(N)NN=C(C=Cc1ccc([N+](=O)[O-])o1)C=Cc1ccc([N+](=O)[O-])o1,TOX26903,0,,,,,1,1,1,1,1,1,1,360.286,2.25467,3,8,186.82
CCCCCCCCOC(=O)CCCCCCCCC(=O)OCCCCCCCC,TOX27537,0,0,0,0,0,0,0,0,0,0,0,0,426.682,7.9146,0,4,52.6
O=C([O-])CC(O)C(=O)[O-],TOX26831,,,,,,,,0,,0,,,132.071,-3.7628,1,5,100.49
O=C(OCCCCCCOC(=O)c1ccccc1)c1ccccc1,TOX27539,0,0,0,0,1,0,0,0,0,1,0,0,326.392,4.2608,0,4,52.6
NC(=O)N(O)[C@@H]1COc2cc(OCc3ccccc3)ccc21,TOX27318,0,0,,,,0,0,,1,0,,0,300.314,2.469,2,4,85.02
CC(=O)c1ccc2c(c1)[C@H](NC(=O)c1ccc(F)cc1)[C@@H](O)C(C)(C)O2,TOX27319,0,0,0,0,0,0,0,0,0,0,0,0,357.381,3.0313,2,4,75.63
CCc1cc(SCc2sc(-c3ccc(C(F)(F)F)cc3)nc2CN2CCN(c3ccc(OC)cc3)CC2)ccc1OCC(=O)O,TOX27315,0,0,0,,,1,1,,,,1,,657.78,7.4778,1,8,75.13
CCCCN1C(=O)[C@@H]([C@H](O)C2CCCCC2)NC(=O)C12CCN(Cc1ccc(Oc3ccc(C(=O)O)cc3)cc1)CC2,TOX27316,0,,0,0,,0,,1,0,0,,1,577.722,4.58,3,6,119.41
Cc1oc(-c2ccccc2)nc1CCOc1ccc(C[C@H](Nc2ccccc2C(=O)c2ccccc2)C(=O)O)cc1,TOX27310,0,,0,,,0,1,,,,,,546.623,6.61032,2,6,101.66
CNS(=O)(=O)c1cc(C(=O)N2CCC(CCN3C4CCC3CC(n3c(C)nc5ccccc53)C4)(c3cccc(F)c3)CC2)c(Cl)cc1F,TOX27311,0,0,0,,,0,,1,0,0,,0,696.264,6.61662,1,6,87.54
N#Cc1ccc(N(CC(N)=O)CC(F)(F)F)cc1C(F)(F)F,TOX27312,1,1,0,,0,0,1,0,0,0,,0,325.212,2.43108,1,3,70.12
CCN(C(=O)c1cc(C)cc(OC[C@H](C)Nc2ccncc2)c1)C(C)C,TOX27313,0,0,0,0,0,0,0,0,0,,0,0,355.482,4.13992,1,4,54.46
O=C(NCCCN1CCOCC1)c1ccc(Cl)cc1,TOX26409,0,0,0,,0,0,0,0,0,0,0,0,282.771,1.7921,1,3,41.57
CSCC[C@H](NC(=O)[C@H](Cc1ccc(OS(=O)(=O)O)cc1)NC(=O)[C@@H](N)CC(=O)O)C(=O)NCC(=O)N[C@@H](Cc1c[nH]c2ccccc12)C(=O)N[C@@H](CCSC)C(=O)N[C@@H](CC(=O)O)C(=O)N[C@@H](Cc1ccccc1)C(N)=O,TOX28543,0,0,0,0,1,1,0,,0,,0,0,1143.29,-1.3294,13,16,426.8
C[C@]12CC[C@H]3[C@@H](CCC4=CC(=O)CC[C@@]43C)[C@@H]1CC[C@H]2O,TOX2329,1,1,0,,1,1,0,,0,,0,0,288.431,3.8792,1,2,37.3
O=[N+]([O-])c1ccc(C=NO)o1,TOX26402,,,,,,,,1,,0,,,156.097,0.9959,1,5,88.87
Cc1ccc(O)c2ncccc12,TOX26401,0,0,0,,,0,,1,0,1,0,1,159.188,2.24882,1,2,33.12
CC(O)C(=O)O.CCCCCCCCCCCCCCNCCO,TOX26400,0,0,,,1,0,0,,0,0,,0,347.54,3.7212,4,4,89.79
CNCCCC1c2ccccc2C=Cc2ccccc21,TOX26951,0,0,0,0,0,0,0,0,0,0,,0,263.384,4.3019,1,1,12.03
O=C(Nc1ccc(C(=O)O)c(O)c1)c1ccccc1,TOX26406,0,0,0,0,0,0,0,0,0,0,0,0,257.245,2.3427,3,3,86.63
COc1ccccc1OC(=O)Oc1ccccc1OC,TOX26405,0,0,0,0,0,0,0,0,0,0,0,0,274.272,3.2816,0,5,53.99
O=C(/C=C/c1ccccc1)NCCO,TOX26404,,,,,,,,0,,0,,,191.23,0.8083,2,2,49.33
CC(=O)CCC=C(C)CC/C=C(\C)CC/C=C(\C)CCC=C(C)C,TOX28546,0,0,0,0,0,0,0,,0,0,0,0,330.556,7.5013,0,1,17.07
O=C(Nc1ccc(O)cc1)c1ccccc1O,TOX22244,0,,1,,1,0,0,,1,,1,0,229.235,2.3501,3,3,69.56
CC(C)(C)C1(CCc2ccc(Cl)cc2)CO1,TOX22247,0,0,0,0,0,0,0,0,0,0,,0,238.758,4.0877,0,1,12.53
O=P([O-])(O)C(Sc1ccc(Cl)cc1)P(=O)([O-])O,TOX28547,0,0,0,0,0,0,0,,0,,0,0,316.595,0.8071,2,5,120.72
CCCCCCCC/C=C\CCCCCCCC(=O)N(C)CC(=O)O,TOX22243,0,0,0,0,0,,1,,0,,0,,353.547,5.5669,1,2,57.61
CCc1ccccc1N,TOX22242,0,0,0,0,0,0,0,0,0,0,,0,121.183,1.8312,1,1,26.02
CCCCCCCCCCCCCCCC(=O)OCCC1CCN(CCCN2c3ccccc3Sc3ccc(S(=O)(=O)N(C)C)cc32)CC1,TOX28896,0,0,0,0,0,0,0,,0,,0,0,714.095,10.0563,0,7,70.16
CS(=O)(=O)Nc1cc2occ(NC=O)c(=O)c2cc1Oc1ccccc1,TOX28897,0,0,0,0,0,0,0,,0,,0,0,374.374,2.5251,2,6,114.71
NNc1nncc2ccccc12,TOX24645,0,0,1,,1,,0,1,0,1,0,0,160.18,0.9154,2,4,63.83
CC(C)=CCC/C(C)=C/CC/C(C)=C/CC/C(C)=C/CC1=C(C)C(=O)c2ccccc2C1=O,TOX28895,0,0,1,0,0,0,0,,0,,0,0,444.659,8.9179,0,2,34.14
O=S(=O)(OC[C@H]1O[C@H](O[C@]2(COS(=O)(=O)O[AlH3](O)O)O[C@H](COS(=O)(=O)O[AlH3](O)O)[C@@H](OS(=O)(=O)O[AlH3](O)O)[C@@H]2OS(=O)(=O)O[AlH3](O)O)[C@H](OS(=O)(=O)O[AlH3](O)O)[C@@H](OS(=O)(=O)O[AlH3](O)O)[C@@H]1OS(=O)(=O)O[AlH3](O)O)O[AlH3](O)O.O[AlH3](O)[AlH3](O)O.O[AlH3](O)[AlH3](O)O.O[AlH3](O)[AlH3](O)O.O[AlH3](O)[AlH3](O)O,TOX28892,0,0,0,0,1,1,0,0,0,0,0,0,1999.065,-44.162,32,67,1095.85
CC(=O)OCCN(CCOC(C)=O)c1ccc(/N=N/c2ccc([N+](=O)[O-])cc2C#N)cc1,TOX24642,0,0,1,0,0,,,1,0,0,1,0,439.428,3.81448,0,10,147.49
CCCCCCCCCCCCCCN(CCO)CCO,TOX24865,0,,0,,0,0,,0,,,,,301.515,3.9741,2,3,43.7
CC(=O)[C@H]1CC[C@H]2[C@@H]3CC[C@H]4C[C@H](O)CC[C@]4(C)[C@H]3CC[C@]12C,TOX26342,0,1,0,0,1,1,0,,0,,0,0,318.501,4.5952,1,2,37.3
CCN(CC)CCC(=O)N1c2ccccc2Sc2ccc(C(F)(F)F)cc21,TOX26175,0,0,,0,,0,0,,0,,,0,394.462,5.5666,0,3,23.55
CCCOC(=O)c1cc(O)c(O)c(O)c1,TOX1201,0,0,1,0,1,1,0,1,0,0,1,0,212.201,1.3702,3,5,86.99
Oc1ccccc1C=NCc1ccccc1,TOX26174,,,,,,,,0,,0,,,211.264,3.0113,1,2,32.59
CC(O)CO,TOX1206,0,0,0,0,0,0,0,0,0,0,0,0,76.095,-0.6405,2,2,40.46
Brc1ccc(Oc2ccc(Br)cc2Br)c(Br)c1,TOX10056,0,0,,,1,0,0,0,0,0,1,0,485.795,6.5289,0,1,9.23
O=C1CCC(c2ccccc2)(C2CCN(Cc3ccccc3)CC2)C(=O)N1,TOX26173,0,0,0,0,0,0,0,,0,,0,0,362.473,3.2732,1,3,49.41
CCCc1cc(=O)[nH]c(=S)[nH]1,TOX1209,0,0,0,0,1,0,0,0,0,0,0,0,170.237,1.38499,2,2,48.65
CCc1cnc(C(=O)O)c(C(=O)O)c1,TOX9072,0,0,0,0,0,0,0,0,0,0,0,0,195.174,1.0404,2,3,87.49
C/C(Cl)=C/CCl,TOX7338,,0,0,,,0,0,,0,0,0,0,124.998,2.3678,0,0,0
CCO[Si](CCC#N)(OCC)OCC,TOX7334,0,0,0,0,0,0,0,0,0,0,0,0,217.341,1.94848,0,4,51.48
CCO[Si](CCCN)(OCC)OCC,TOX7333,0,0,0,0,0,0,0,0,0,0,0,0,221.373,1.3836,1,4,53.71
FC(F)(F)c1ccccc1,TOX4589,0,0,0,0,0,0,0,0,0,0,0,0,146.111,2.7054,0,0,0
c1ccc2scnc2c1,TOX4586,0,0,1,0,0,0,0,0,0,0,0,0,135.191,2.2963,0,2,12.89
c1ccc2c(c1)ccc1ncccc12,TOX4585,0,0,1,0,0,,0,,0,0,,1,179.222,3.388,0,1,12.89
CC(=O)OC(C(=O)c1ccccc1)c1ccccc1,TOX4580,0,0,0,0,,0,0,0,0,0,0,0,254.285,3.1737,0,3,43.37
CN(C)C/C=C(/c1ccc(Br)cc1)c1cccnc1,TOX25815,0,0,0,0,0,0,0,0,0,0,,0,317.23,3.8374,0,2,16.13
CI.CN1[C@H]2CC[C@@H]1CC(OC(=O)c1c[nH]c3ccccc13)C2,TOX25814,0,0,,0,0,0,0,,0,,0,0,426.298,4.0011,1,3,45.33
c1cc(CN2CCCCC2)cc(OCCCNc2nc3ccccc3s2)c1,TOX25811,,,,,,,,0,,0,,,381.545,5.1632,1,5,37.39
O=C(CCCN1CCC(O)(c2cccc(C(F)(F)F)c2)CC1)c1ccc(F)cc1,TOX25810,0,0,0,0,,0,,0,,0,,0,409.423,4.791,1,3,40.54
Cc1[nH]c(=O)c(C#N)cc1-c1ccc2nccn2c1,TOX25813,0,0,0,0,0,0,0,0,0,0,0,0,250.261,1.8697,1,4,73.95
O=C(O)c1cc(O)c(O)c(O)c1,TOX650,0,0,0,0,0,0,0,1,0,0,0,0,170.12,0.5016,4,4,97.99
Cc1ccc(C)c(OCCCC(C)(C)C(=O)O)c1,TOX652,0,0,0,0,0,0,0,0,0,0,0,0,250.338,3.57324,1,2,46.53
CN(C)c1ccc(C(=C2C=CC(=[N+](C)C)C=C2)c2ccc(N(C)C)cc2)cc1,TOX653,0,1,1,1,,1,1,1,0,1,1,,372.536,4.4596,0,2,9.49
CC(=O)OC/C=C(\C)CCC=C(C)C,TOX654,0,0,0,0,0,0,0,0,0,0,0,0,196.29,3.2422,0,2,26.3
C=C1C[C@]23C[C@@]1(O)CC[C@H]2[C@@]12C=C[C@H](O)[C@@](C)(C(=O)O1)[C@H]2[C@@H]3C(=O)O,TOX656,0,0,0,0,0,0,0,0,0,0,0,0,346.379,1.0271,3,5,104.06
BrCCCCBr,TOX24364,0,0,0,0,0,0,0,1,0,0,0,0,215.916,2.5564,0,0,0
OC[C@H]1O[C@H](O[C@H]2O[C@H](CO)[C@@H](O)[C@H](O)[C@H]2O)[C@H](O)[C@@H](O)[C@@H]1O,TOX27948,0,0,0,0,0,0,0,0,0,0,0,0,342.297,-5.3972,8,11,189.53
O=C(Cc1ccccc1)OCCc1ccccc1,TOX24494,0,0,0,0,0,0,0,0,0,0,0,0,240.302,3.015,0,2,26.3
CC(=O)CCc1ccc(O)cc1,TOX24495,0,0,0,0,0,0,0,0,0,0,0,0,164.204,1.9138,1,2,37.3
CC(C)CCCC(C)CCO,TOX24360,0,0,0,0,,0,0,0,0,0,0,0,158.285,2.8312,1,1,20.23
NNC(=O)CCCCC(=O)NN,TOX24361,0,0,1,0,0,0,0,0,0,0,,0,174.204,-1.4734,4,4,110.24
O=C1CCCC(=O)O1,TOX24362,0,0,0,0,0,0,0,,0,0,0,0,114.1,0.2401,0,3,43.37
CCCCCCCCCC(=O)OCC,TOX24363,0,0,0,0,,0,0,0,0,0,0,0,200.322,3.6902,0,2,26.3
CCn1cc[n+](C)c1.O=S(=O)([O-])C(F)(F)F,TOX27941,0,0,0,0,0,0,0,0,0,0,0,0,260.237,0.3839,0,4,66.01
CCn1cc[n+](C)c1.N#CN=C=[N-],TOX27940,0,0,0,0,0,0,0,0,0,0,0,0,177.211,0.54328,0,3,67.26
CCn1cc[n+](C)c1.O=S(=O)([N-]S(=O)(=O)C(F)(F)F)C(F)(F)F,TOX27943,0,0,0,0,0,0,0,0,0,0,,0,391.315,1.3918,0,5,91.19
O=C(O)c1ccccc1O.OCCN(CCO)CCO,TOX27945,0,0,0,0,0,0,0,0,0,0,0,0,287.312,-0.6443,5,6,121.46
CCCC[N+]1(C)CCCC1.O=S(=O)([N-]S(=O)(=O)C(F)(F)F)C(F)(F)F,TOX27944,0,0,0,0,0,0,0,0,0,0,,0,422.413,3.0862,0,4,82.38
COP(=O)([O-])OC.Cn1cc[n+](C)c1,TOX27946,0,0,0,0,0,0,0,0,0,0,0,0,222.181,-0.4028,0,5,67.4
O=S(=O)([O-])OOS(=O)(=O)[O-],TOX9698,0,0,0,0,1,0,0,0,0,0,0,0,192.126,-2.145,0,8,132.86
O=[N+]([O-])[O-].[K+],TOX9692,0,0,0,0,0,0,0,0,0,0,0,0,101.102,-3.2351,0,3,66.2
CCCNCCC,TOX5185,0,0,0,0,,,0,0,0,0,0,0,101.193,1.396,1,1,12.03
CCC(O)OC(O)CC,TOX5186,0,0,0,0,0,0,0,0,0,0,0,0,134.175,0.4598,2,3,49.69
Nc1nc(F)nc2c1ncn2[C@@H]1O[C@H](CO)[C@@H](O)[C@@H]1O,TOX19657,0,0,0,0,0,0,0,1,0,0,0,1,285.235,-1.8409,4,9,139.54
O=C(Nc1ccccc1)Nc1ccccc1,TOX5183,0,0,1,,1,0,0,,0,0,1,0,212.252,3.3306,2,1,41.13
OC1(c2ccc(Cl)c(C(F)(F)F)c2)CCN(CCCC(c2ccc(F)cc2)c2ccc(F)cc2)CC1,TOX28947,0,,,,,,,,,,1,,523.973,7.5327,1,2,23.47
OCCN1CCN(CC/C=C2/c3ccccc3Sc3ccc(C(F)(F)F)cc32)CC1,TOX26310,0,0,0,,0,0,,,0,0,,0,434.527,4.6017,1,4,26.71
CC(CC(C(N)=O)(c1ccccc1)c1ccccc1)N(C)C,TOX31393,,,,,,,,0,,0,,,296.414,2.7982,1,2,46.33
O=C(C1CCCCC1)N1CC(=O)N2CCCc3ccccc3C2C1,TOX31392,,,,,,,,,,0,,,326.44,2.925,0,2,40.62
CN1Cc2cc(C(=O)N3CCC(C4CCNCC4)CC3)ccc2N[C@@H](CC(=O)O)C1=O,TOX31391,,,,,,,,,,0,,,428.533,1.7656,3,5,101.98
COCCOc1cccc(S(=O)(=O)[N-]c2ncccn2)c1,TOX31390,,,,,,,,0,,0,,,308.339,1.8959,0,6,92.48
Oc1ccccc1-c1nnco1,TOX31397,,,,,,,,0,,0,,,162.148,1.4422,1,4,59.15
C1CN2CCC1CC2,TOX31396,,,,,,,,0,,0,,,111.188,1.1021,0,1,3.24
CCN(CC)CCN,TOX31395,,,,,,,,0,,0,,,116.208,0.2869,1,2,29.26
CCCCCCn1c(=O)c2c(ncn2C)n(C)c1=O,TOX31398,,,,,,,,0,,0,,,264.329,1.014,0,6,61.82
CS(=O)(=O)O,TOX6422,0,0,0,0,0,0,0,0,0,0,0,0,96.107,-0.496,1,2,54.37
C[Si](C)(C)C,TOX6423,0,0,0,0,0,0,0,0,0,0,0,0,88.226,1.9544,0,0,0
CC1(c2ccc(Oc3ccccc3)cc2)OC(=O)N(Nc2ccccc2)C1=O,TOX14588,0,0,0,,,,,1,0,,1,,374.396,4.7,1,5,67.87
Nc1nc(=O)c2nc(CNc3ccc(C(=O)N[C@@H](CCC(=O)O)C(=O)O)cc3)cnc2[nH]1,TOX2519,0,0,0,0,1,0,0,0,0,0,0,0,441.404,-0.0448,6,9,213.28
CCOC(=O)Cc1cccc2ccccc12,TOX14583,0,0,0,0,0,0,0,0,0,0,,0,214.264,2.9454,0,2,26.3
BrCC1CO1,TOX5237,0,0,0,0,0,0,0,0,0,0,,0,136.976,0.7801,0,1,12.53
O=C([O-])c1ccccc1-c1c2cc(Br)c(=O)c(Br)c-2oc2c(Br)c([O-])c(Br)cc12,TOX5234,0,,0,0,0,0,,,0,0,,0,645.879,5.0519,0,5,93.4
CCOC1Oc2ccc(OS(C)(=O)=O)cc2C1(C)C,TOX14580,0,0,,0,,,0,1,0,0,0,0,286.349,2.0576,0,5,61.83
CCOc1cc(C(C)(C)C)ccc1C1COC(c2c(F)cccc2F)=N1,TOX14586,0,0,1,,,0,,1,0,,,0,359.416,5.1791,0,3,30.82
Cc1cc(Cl)ccc1O,TOX2510,0,0,0,0,0,0,0,0,0,0,1,0,142.585,2.35402,1,1,20.23
Cc1cc(O)c2c(c1)C(=O)c1cc(O)cc(O)c1C2=O,TOX5231,0,,1,,1,1,0,1,0,0,1,1,270.24,1.88722,3,5,94.83
COC(=O)C1=C(C)NC(C)=C(C(=O)OC(C)C)C1c1cccc2nonc12,TOX3179,0,0,,0,0,0,0,0,0,0,0,0,371.393,2.5822,1,8,103.55
Cl[Zn]Cl,TOX15013,0,0,0,0,0,0,0,0,0,0,0,0,136.296,1.3765,0,0,0
Cc1cc(C(=O)NNCc2ccccc2)no1,TOX3171,0,0,,,1,0,0,,0,,0,0,231.255,1.41762,2,4,67.16
CC(C)COC(=O)c1ccc(N)cc1,TOX3170,0,0,,0,1,,0,0,,0,0,0,193.246,2.0816,1,3,52.32
O=[N+]([O-])O[C@@H]1CO[C@@H]2[C@@H](O)CO[C@H]12,TOX3176,0,0,0,0,0,0,0,,0,,0,0,191.139,-1.2782,1,6,91.06
CC(C)[N+](C)(CCC(C(N)=O)(c1ccccc1)c1ccccc1)C(C)C,TOX3174,0,0,0,0,0,0,0,0,0,0,0,0,353.53,4.1115,1,1,43.09
O=c1n(Cl)c(=O)n(Cl)c(=O)n1Cl,TOX6523,0,0,0,0,0,0,0,0,0,0,0,0,232.41,-0.8226,0,6,66
Nc1ccc2c(O)cc(S(=O)(=O)O)cc2c1,TOX6520,0,0,0,,,0,,,0,0,1,1,239.252,1.3743,3,4,100.62
Cc1cc(S(=O)(=O)O)c(N)cc1Cl,TOX6527,0,0,0,0,0,0,0,0,0,0,0,0,221.665,1.47732,2,3,80.39
Cc1ccc(N)c(S(=O)(=O)O)c1,TOX6526,0,0,0,0,0,0,0,0,0,0,0,0,187.22,0.82392,2,3,80.39
CC(C)(C)c1ccccc1O,TOX6525,0,0,0,0,0,0,0,0,0,0,1,0,150.221,2.6897,1,1,20.23
Cc1ccc(C(C)(C)C)c(O)c1,TOX6529,0,0,0,,0,0,0,0,0,0,1,0,164.248,2.99812,1,1,20.23
Cc1cc(N)c(S(=O)(=O)O)cc1Cl,TOX6528,0,0,,0,0,,0,0,0,0,0,0,221.665,1.47732,2,3,80.39
C[C@]12CC[C@H]3[C@@H](CC[C@H]4C[C@@H]5S[C@@H]5C[C@@]43C)[C@@H]1CC[C@@H]2O,TOX25367,1,1,0,,1,1,0,,0,,,0,306.515,4.4839,1,2,20.23
Cc1c(NC(=O)c2cccnc2)c(=O)n(-c2ccccc2)n1C,TOX25366,0,0,0,0,0,0,0,0,0,0,0,0,308.341,2.13172,1,5,68.92
C[C@@H]1C[C@H]2[C@@H]3C[C@H](F)C4=CC(=O)C=C[C@]4(C)[C@@]3(F)[C@@H](O)C[C@]2(C)[C@@]1(O)C(=O)CO,TOX25365,1,1,0,,0,0,0,0,,0,0,0,410.457,1.8437,3,5,94.83
O=C(CCCN1CCC(n2c(=O)[nH]c3ccccc32)CC1)c1ccc(F)cc1,TOX25364,0,0,1,0,0,0,0,,0,0,0,0,381.451,3.7687,1,4,58.1
O=C(CCCN1CCN(c2ccccn2)CC1)c1ccc(F)cc1,TOX25361,0,0,0,0,0,0,0,,0,0,0,0,327.403,3.0058,0,4,36.44
CCCCCCCCCCCCCCCCOS(=O)(=O)[O-],TOX22400,0,0,0,0,0,0,0,0,0,0,,0,321.503,4.9445,0,4,66.43
CCCCOc1ccc(CC(=O)NO)cc1,TOX25368,0,0,0,0,,0,0,0,0,0,0,0,223.272,1.9134,2,3,58.56
ClC/C=C/CCl,TOX434,,,0,,0,0,0,1,0,0,0,0,124.998,2.0202,0,0,0
CCCCc1c(C)nc(NCC)nc1OS(=O)(=O)N(C)C,TOX21688,0,,1,,,0,0,1,0,0,,0,316.427,1.74462,1,6,84.42
CC(Cl)Cl,TOX437,0,0,0,0,,0,0,,0,0,0,0,98.96,1.81,0,0,0
Clc1ccccc1Cl,TOX430,0,0,0,0,0,0,0,0,0,0,0,0,147.004,2.9934,0,0,0
Clc1ccc(Cl)cc1,TOX431,0,0,0,0,0,0,0,0,0,0,0,0,147.004,2.9934,0,0,0
Nc1ccc(-c2ccc(N)c(Cl)c2)cc1Cl,TOX433,1,0,1,1,1,1,0,1,1,,,1,253.132,3.8248,2,2,52.04
ClCCCl,TOX438,0,0,0,0,0,0,0,0,0,0,0,0,98.96,1.464,0,0,0
Oc1ccc(Cl)cc1Cl,TOX439,0,0,0,0,0,0,0,0,0,0,1,0,163.003,2.699,1,1,20.23
CCCCOC(=O)CCC(=O)OCCCC,TOX1998,0,0,0,0,1,0,0,0,0,0,0,0,230.304,2.4532,0,4,52.6
c1ccc2c(c1)oc1ccccc12,TOX1993,0,0,0,0,0,0,0,0,0,0,0,0,168.195,3.586,0,1,13.14
NCCN1CCNCC1,TOX1997,0,0,0,0,0,0,0,0,0,0,0,0,129.207,-1.1497,2,3,41.29
CCC(=O)[O-],TOX1996,0,0,0,0,0,0,0,0,0,0,0,0,73.071,-0.8537,0,2,40.13
CCN(CC)C(=O)c1cccc(C)c1,TOX1995,0,0,0,0,1,1,0,0,0,0,0,0,191.274,2.47702,0,1,20.31
Nc1ccc(C(=O)Oc2ccccc2)c(O)c1,TOX1994,0,0,,,1,1,0,0,1,0,,,229.235,2.1936,2,4,72.55
COCCCN,TOX7596,0,0,0,0,0,0,0,0,0,0,0,0,89.138,-0.0184,1,2,35.25
CC1(C)C(C=C(Cl)Cl)C1C(=O)OCc1cccc(Oc2ccccc2)c1,TOX2292,0,0,0,0,0,0,0,0,0,0,0,0,391.294,6.1133,0,3,35.53
COc1nc(C)nc(NC(=O)NS(=O)(=O)c2ccccc2OCCCl)n1,TOX4345,0,0,0,0,,0,0,0,0,0,0,0,401.832,1.31662,2,8,132.4
CC(C)N(C(=O)SCC(Cl)=C(Cl)Cl)C(C)C,TOX4344,0,0,0,0,0,0,0,0,0,0,0,0,304.67,4.8439,0,2,20.31
Brc1ccc(Br)c(Br)c1,TOX4346,0,0,0,0,0,0,0,0,0,0,,0,314.802,3.9741,0,0,0
CCCCN(CCCC)CCCCCCN(CCCC)CCCC,TOX7920,0,0,0,0,0,0,0,0,0,0,0,0,340.64,6.3512,0,2,6.48
CC(COCC(C)OC(=O)c1ccccc1)OC(=O)c1ccccc1,TOX7921,0,0,0,0,1,0,0,0,0,0,0,0,342.391,3.494,0,5,61.83
CCCCCCCCCC(CC)c1ccc(S(=O)(=O)O)cc1,TOX7923,0,0,0,0,0,0,,1,0,,,,326.502,5.5676,1,2,54.37
CC(C)CCCCCCCOC(=O)CCCCC(=O)OCCCCCCCC(C)C,TOX7924,0,0,0,0,,0,0,0,0,0,0,0,426.682,7.6264,0,4,52.6
CC(C)(C)CC(C)(C)c1ccccc1O,TOX7925,0,,0,,1,1,,0,0,,1,,206.329,4.106,1,1,20.23
CCCCCCCCCCCCc1ccccc1O,TOX7926,0,0,0,,1,1,1,,,,1,,262.437,5.8556,1,1,20.23
CCCCCCCC[Si](OCC)(OCC)OCC,TOX9246,,0,0,,,,0,0,0,0,0,0,276.493,4.3953,0,3,27.69
CCCCC(CC)CO[N+](=O)[O-],TOX7928,0,0,,0,0,0,0,0,0,0,0,0,175.228,2.4111,0,3,52.37
NC(=S)NC(N)=S,TOX14968,0,0,0,0,0,0,0,0,0,1,0,0,135.217,-0.9368,3,2,64.07
N#C/N=C1\SCCN1Cc1ccc(Cl)nc1,TOX14961,0,0,0,,0,0,0,0,0,0,0,0,252.73,2.12088,0,4,52.28
CN1COCN(Cc2cnc(Cl)s2)C1=N[N+](=O)[O-],TOX14962,0,0,0,0,0,0,0,0,0,0,,0,291.72,1.0232,0,5,84.1
CC1=CC(=O)CC(C)(C)C1(O)/C=C/C(C)=C\C(=O)O,TOX10604,0,0,0,0,0,0,0,0,0,0,0,0,264.321,2.2499,2,3,74.6
CC1=CC(=O)[N-]S(=O)(=O)O1,TOX10606,0,0,0,0,0,0,0,0,0,0,0,0,162.146,0.0655,0,4,74.54
CCOC(C)OCC,TOX10607,0,0,0,0,0,0,0,0,0,0,0,0,118.176,1.4054,0,2,18.46
CC1(C)C(C(=O)OC(C#N)c2cccc(Oc3ccccc3)c2)C1(C)C,TOX4002,0,0,0,1,,0,0,,0,0,,0,349.43,5.26898,0,4,59.32
COC(=O)c1c(Cl)c(Cl)c(C(=O)OC)c(Cl)c1Cl,TOX4000,0,0,1,0,0,0,0,0,0,0,0,0,331.966,3.8734,0,4,52.6
CC(Cl)(Cl)C(=O)[O-],TOX4001,0,0,0,0,0,0,0,0,0,0,0,0,141.961,-0.0699,0,2,40.13
C=CC(O)CCCCC,TOX15214,0,0,0,0,0,0,0,0,0,0,,0,128.215,2.1136,1,1,20.23
C[Sn](Cl)(Cl)Cl,TOX7346,0,0,0,0,0,0,0,0,0,0,0,0,240.105,2.2715,0,0,0
C=CCS(=O)(=O)[O-],TOX21451,0,0,0,0,0,0,0,0,0,0,0,0,121.137,-0.2824,0,3,57.2
CCCC(C)c1ccccc1O,TOX21452,0,0,0,,,0,0,0,0,0,1,0,164.248,3.2958,1,1,20.23
CC(C)CCOCc1ccccc1,TOX27439,0,0,0,0,0,0,0,0,0,0,0,0,178.275,3.2493,0,1,9.23
Cc1cc([N+](=O)[O-])cc([N+](=O)[O-])c1O,TOX2053,0,,0,,,0,,1,,0,1,1,198.134,1.51702,1,5,106.51
O=C1O[Pt]2(N[C@@H]3CCCC[C@H]3N2)OC1=O,TOX16760,0,0,0,0,0,0,0,,0,,0,1,395.272,-0.5957,2,6,76.66
C[C@]12CC[C@H]3C(=CCc4cc(O)ccc43)[C@@H]1CCC2=O,TOX27433,1,,,,1,1,,,0,0,1,0,268.356,3.7375,1,2,37.3
CC(=O)[C@@]1(O)CC[C@H]2[C@@H]3C[C@H](C)C4=CC(=O)C=C[C@]4(C)[C@@]3(F)[C@@H](O)C[C@@]21C,TOX27435,1,1,0,,0,0,0,0,0,0,,0,376.468,2.9233,2,4,74.6
CC1(C)O[C@@H]2C[C@H]3[C@@H]4C[C@H](F)C5=CC(=O)CC[C@]5(C)[C@H]4[C@@H](O)C[C@]3(C)[C@]2(C(=O)CO)O1,TOX27434,1,0,0,,0,,0,0,0,0,0,0,436.52,2.4987,2,6,93.06
CCCCCCC1CCOC1=O,TOX27437,0,0,0,0,0,0,0,0,0,0,0,0,170.252,2.5199,0,2,26.3
C[C@H](CCC(=O)NCC(=O)O)[C@H]1CC[C@H]2[C@H]3[C@H](C[C@H](O)[C@@]21C)[C@@]1(C)CC[C@@H](O)C[C@H]1C[C@H]3O,TOX27436,0,0,0,,1,0,0,0,0,0,0,0,465.631,2.5649,5,5,127.09
CCC(C)(C)C1CCC(=O)CC1,TOX27127,0,0,0,0,,0,0,0,0,0,0,0,168.28,3.1819,0,1,17.07
O=P([O-])(O)OP(=O)([O-])O,TOX8842,0,0,0,0,0,0,0,0,0,0,0,0,175.957,-2.0756,2,5,129.95
C=CCCCCCCCCOC(C)=O,TOX27125,0,0,0,0,0,0,0,0,0,0,0,0,198.306,3.4662,0,2,26.3
Cc1ccccc1C#N,TOX2050,0,0,0,0,0,0,0,0,0,0,,0,117.151,1.8667,0,1,23.79
CCCCCCCCCOC(C)=O,TOX27123,0,0,0,0,0,0,0,0,0,0,0,0,186.295,3.3001,0,2,26.3
Cc1c(N)cccc1C(F)(F)F,TOX31558,,,,,,,,0,,0,,,175.153,2.59602,1,1,26.02
O=Cc1cc2ccccc2o1,TOX27121,0,0,0,0,0,0,0,0,0,0,0,0,146.145,2.2453,0,2,30.21
CC(=O)c1c(C)cc(C(C)(C)C)cc1C,TOX27120,0,0,0,0,0,0,0,0,0,0,0,0,204.313,3.80354,0,1,17.07
CCOC(=O)N1CCC(n2c(=O)[nH]c3cc(Cl)ccc32)CC1,TOX31555,,,,,,,,1,,0,,,323.78,2.7764,1,4,67.33
CCOC(=O)N1CCC(Nc2ccc(Cl)cc2N)CC1,TOX31554,,,,,,,,1,,,,,297.786,2.955,2,4,67.59
CCCS(=O)c1ccc2[nH]c(NC(=O)OC)nc2c1,TOX31557,,,,,,,,0,,0,,,281.337,2.2588,2,4,84.08
N#Cc1cc(NC(=O)C(=O)O)c(Cl)c(NC(=O)C(=O)O)c1,TOX31556,,,,,,,,0,,0,,,311.637,0.25788,4,5,156.59
CC(C)(C)c1nnc(NS(=O)(=O)c2ccc(N)cc2)s1,TOX31551,,,,,,,,0,,0,,,312.42,2.2186,2,6,97.97
ClCCCN1CCN(c2cccc(Cl)c2)CC1,TOX31550,,,,,,,,1,,0,,,273.207,3.0909,0,2,6.48
COC(=O)C=C(C)CCC=C(C)C,TOX27129,0,0,0,0,0,0,0,0,0,0,0,0,182.263,2.8521,0,2,26.3
CC(=O)OCC=C(C)C,TOX27128,0,0,0,0,0,0,0,0,0,0,0,0,128.171,1.5157,0,2,26.3
CCN(CC#N)c1cccc(C)c1,TOX8114,0,0,0,0,0,0,0,0,0,0,0,0,174.247,2.3449,0,2,27.03
Oc1cccc2cccnc12.Oc1cccc2cccnc12,TOX5436,0,0,,,0,1,,1,0,1,,1,290.322,3.8808,2,4,66.24
N[C@@H](Cc1c[nH]c2ccc(O)cc12)C(=O)O,TOX5437,0,0,1,0,0,0,0,0,0,0,,0,220.228,0.8279,4,3,99.34
CC(=O)OC(C)(C)C,TOX2055,0,0,0,0,0,0,0,0,0,0,0,0,116.16,1.348,0,2,26.3
NC(=O)NO,TOX5438,0,0,0,0,0,0,0,0,0,0,0,0,76.055,-0.9561,3,2,75.35
COC(=O)OC,TOX9192,0,0,0,0,0,0,0,0,0,0,0,0,90.078,0.3992,0,3,35.53
CC1CCCNC1,TOX9195,0,0,0,0,0,0,0,0,0,,0,0,99.177,1.0059,1,1,12.03
CCc1ccc(C)cc1,TOX9194,0,0,0,0,0,0,0,0,0,0,,0,120.195,2.55742,0,0,0
O=C(O)CNC(=O)c1ccc([N+](=O)[O-])cc1,TOX5759,0,0,0,0,1,0,0,0,0,0,0,0,224.172,0.4092,2,4,109.54
CCCCCC[N+](=O)[O-],TOX5758,,,0,0,,0,0,0,0,0,0,0,131.175,1.8434,0,2,43.14
O=[N+]([O-])CCO,TOX5751,0,0,0,0,0,0,0,,0,0,0,0,91.066,-0.7446,1,3,63.37
CN(CCCl)CCCl,TOX5757,0,0,,,,0,,1,1,0,,1,156.056,1.3958,0,1,3.24
C=C(Cl)Cl,TOX1438,0,0,0,0,0,0,0,0,0,0,0,0,96.944,1.9352,0,0,0
N=C(N)S(=O)O,TOX9224,0,0,0,0,0,0,0,0,0,0,0,0,108.122,-0.89843,3,2,87.17
O=C(O)c1nc(Cl)ccc1Cl,TOX9221,0,0,1,0,0,0,0,0,0,0,0,0,192.001,2.0866,1,2,50.19
Cc1ccc(N)nc1,TOX9220,0,0,0,0,0,0,0,0,0,0,0,0,108.144,0.97222,1,2,38.91
Cc1ccc(C(C)c2ccc(C)c(C)c2)cc1C,TOX9223,0,0,0,,0,0,0,0,0,0,0,0,238.374,5.07208,0,0,0
C=COC(C)=O,TOX1431,0,0,0,0,0,0,0,0,0,0,,0,86.09,0.693,0,2,26.3
C=Cc1cccc(C)c1,TOX1436,0,0,0,0,0,0,0,0,0,0,0,0,118.179,2.63802,0,0,0
C=CC1CC=CCC1,TOX1437,0,0,0,0,0,0,0,0,0,0,,0,108.184,2.5287,0,0,0
COP(=O)(OC)OC,TOX1403,0,0,0,0,0,0,0,0,0,0,0,0,140.075,1.0337,0,4,44.76
CC(C)(C)c1ccc(CCOc2ncnc3ccccc23)cc1,TOX20476,0,0,0,0,0,0,0,0,0,0,0,0,306.409,4.5488,0,3,35.01
O=C(NC(=O)c1c(F)cccc1F)Nc1cc(Cl)c(OC(F)(F)C(F)C(F)(F)F)cc1Cl,TOX14357,0,0,0,0,0,0,0,0,0,0,1,0,511.152,6.1055,2,3,67.43
O=C(NC(=O)c1ccccc1Cl)Nc1ccc(OC(F)(F)F)cc1,TOX14355,0,0,1,,0,0,0,0,0,0,0,0,358.703,4.2005,2,3,67.43
O=C(O)c1ccc(-n2nc(-c3ccccc3O)nc2-c2ccccc2O)cc1,TOX28522,0,0,0,,,0,,,0,0,,0,373.368,3.7107,3,6,108.47
CO[C@@]12CC[C@@]3(C[C@@H]1[C@](C)(O)C(C)(C)C)[C@H]1Cc4ccc(O)c5c4[C@@]3(CCN1CC1CC1)[C@H]2O5,TOX28831,0,0,0,,,0,,,0,1,,,467.65,4.4138,2,5,62.16
COc1ccc2c3c1O[C@H]1[C@@H](O)C=C[C@H]4[C@@H](C2)NCC[C@]314,TOX26327,0,0,0,0,0,0,0,,0,,0,0,285.343,1.1589,2,4,50.72
Cc1ccc(C)c(C)c1,TOX1402,0,0,0,0,0,0,0,0,0,0,0,0,120.195,2.61186,0,0,0
CCC(C)(O)CCC=C(C)C,TOX24809,0,0,0,0,,0,0,0,0,0,0,0,156.269,2.8938,1,1,20.23
O=P(O)(O)OC(Cn1cncn1)(Cn1cncn1)c1ccc(F)cc1F,TOX28527,0,0,0,0,0,0,0,,0,,0,0,386.255,0.8528,2,8,128.18
C[C@H]1[C@@H]2Cc3ccc(O)cc3[C@@]1(C)CCN2C.C[C@H]1[C@@H]2Cc3ccc(O)cc3[C@@]1(C)CCN2C,TOX28836,0,0,,0,0,0,0,0,0,0,0,0,462.678,5.0924,2,4,46.94
C[C@@H]1[C@H]2Cc3ccc(O)cc3[C@]1(C)CCN2C,TOX28837,0,0,0,0,,0,,,0,,0,0,231.339,2.5462,1,2,23.47
CC(=O)OC(C)(C)Cc1ccccc1,TOX21877,0,0,0,0,0,0,0,0,0,0,0,0,192.258,2.5708,0,2,26.3
CC(=O)NCCO,TOX24804,0,0,0,0,1,0,0,0,0,0,0,0,103.121,-0.8852,2,2,49.33
CCCC(=O)O[C@]1(C(=O)COC(=O)CC)CC[C@H]2[C@@H]3CCC4=CC(=O)CC[C@]4(C)[C@H]3[C@@H](O)C[C@@]21C,TOX28529,1,1,0,,,0,0,0,0,0,0,0,488.621,4.0935,1,7,106.97
CCNc1nc(NC(C)C(C)C)nc(SC)n1,TOX21873,0,0,,0,0,0,0,0,0,0,1,0,255.391,2.4817,2,6,62.73
CON(C)C(=O)Nc1ccc(Cl)c(Cl)c1,TOX4163,0,0,1,,0,0,0,,0,0,1,0,249.097,3.0185,1,2,41.57
CCCCOCCOC(=O)CCCCCCCCC(=O)OCCOCCCC,TOX24802,0,0,0,0,0,0,0,0,0,,,0,402.572,4.827,0,6,71.06
O=C1c2c(O)ccc(O)c2C(=O)c2c(NCCNCCO)ccc(NCCNCCO)c21,TOX25173,0,,,,0,,0,,1,,0,1,444.488,-0.1392,8,10,163.18
COc1nc(C)nc(Cl)c1NC1=NCCN1,TOX25170,0,0,1,,0,0,0,0,0,0,0,0,241.682,0.81812,2,6,71.43
CCOC(=O)[N-]c1c[n+](N2CCOCC2)no1,TOX25171,0,0,0,0,0,0,0,0,0,0,0,0,242.235,0.092,0,6,82.78
COc1ccccc1N1CCN(CC(O)COc2cccc3ccccc23)CC1,TOX25176,0,0,1,0,0,0,,,0,0,,0,392.499,3.4103,1,5,45.17
CC12CC3CC(C)(C1)CC(N)(C3)C2,TOX25174,0,0,0,0,0,0,0,0,0,0,0,0,179.307,2.6941,1,1,26.02
CNCCC(Oc1ccccc1OC)c1ccccc1,TOX25175,0,0,0,0,0,0,0,0,0,0,0,0,271.36,3.4248,1,3,30.49
C[C@@H](Cc1ccc(O)c(O)c1)[C@H](C)Cc1ccc(O)c(O)c1,TOX25178,0,0,0,,0,0,,,0,,1,0,302.37,3.5664,4,4,80.92
Cc1ncc(CNC(=O)N(CCCl)N=O)c(N)n1,TOX25179,0,0,0,0,0,0,0,0,0,0,0,0,272.696,0.79902,2,6,113.57
Cc1c(N)c(=O)n(-c2ccccc2)n1C,TOX28786,0,0,0,0,0,0,0,0,0,0,0,0,203.245,1.06662,1,4,52.95
O=C(O)[C@H](O)[C@@H](O)[C@H](O[C@@H]1O[C@H](CO)[C@H](O)[C@H](O)[C@H]1O)[C@H](O)CO,TOX28787,,,,,,,,0,,0,,,358.296,-5.6689,9,11,217.6
CN1CCCN=C1/C=C/c1cccs1,TOX28784,,,,,,,,1,,0,,,206.314,2.4953,0,3,15.6
CN(C)CCN(Cc1ccc(Cl)cc1)c1ccccn1,TOX28785,0,0,0,0,0,0,0,0,0,0,0,0,289.81,3.3032,0,3,19.37
C[C@H](CN1CCCC1)C(=O)c1ccc(C(F)(F)F)cc1,TOX28782,0,0,0,,0,0,0,1,0,0,0,0,285.309,3.62,0,2,20.31
Cc1nccn1CC1CCc2c(c3ccccc3n2C)C1=O,TOX3393,0,0,0,0,0,0,0,0,0,0,0,0,293.37,3.12852,0,4,39.82
CCCCC1C(=O)NC(=O)N(C2CCCCC2)C1=O,TOX28780,0,0,0,0,0,0,0,0,0,0,0,0,266.341,2.2039,1,3,66.48
O=C1CC[C@H](C(=O)N2CCCCC2)N1,TOX28781,0,0,0,0,0,0,0,0,0,0,0,0,196.25,0.2775,1,2,49.41
C=CC[C@]1(O)CC[C@H]2[C@@H]3CCC4=CC(=O)CCC4=C3C=C[C@@]21C,TOX28789,1,1,,0,1,1,0,,0,0,0,0,310.437,4.2756,1,2,37.3
C=CCc1ccccc1O,TOX2164,0,0,0,0,0,0,0,0,0,0,,0,134.178,2.1207,1,1,20.23
N#Cc1cc(Br)c(O)c(Br)c1,TOX2162,1,,1,0,,0,,,,0,,1,276.915,2.78888,1,2,44.02
N#Cc1cc(I)c(O)c(I)c1,TOX2161,0,,0,1,,,,,,0,,1,370.915,2.47308,1,2,44.02
Oc1ccc(/N=N/c2ccccc2)cc1,TOX2160,0,0,1,,1,1,,1,1,0,1,,198.225,3.8076,1,3,44.95
C=C(C)C(=O)OCCCCCCCCCCCC,TOX7103,0,0,0,0,0,0,0,0,0,0,0,0,254.414,5.0266,0,2,26.3
CCCCCCCCCCCCCCCC(=O)OC(C)C,TOX7104,0,0,0,0,0,0,0,0,0,0,0,0,298.511,6.4193,0,2,26.3
NCCCCCCNCCCCCCN,TOX7109,0,0,0,0,0,0,0,0,0,0,0,0,215.385,1.6142,3,3,64.07
COc1c(C)c2c(c(O)c1C/C=C(\C)CCC(=O)OCCN1CCOCC1)C(=O)OC2,TOX3340,0,,,,1,,,1,0,0,0,1,433.501,2.52402,1,8,94.53
CC(C)(C)NCC(O)COc1cccc2c1C[C@H](O)[C@H](O)C2,TOX3342,0,0,0,0,0,0,0,0,0,0,0,0,309.406,0.6348,4,5,81.95
Oc1ccc2c3c1O[C@H]1[C@@H](O)CC[C@@]4(O)[C@@H](C2)N(CC2CCC2)CC[C@]314,TOX3345,,0,0,,0,0,0,,0,,0,0,357.45,1.7073,3,5,73.16
C=C1CC[C@@]2(O)[C@H]3Cc4ccc(O)c5c4[C@@]2(CCN3CC2CC2)[C@H]1O5,TOX3347,0,0,0,0,1,0,0,0,0,0,0,0,339.435,2.5125,2,4,52.93
C=C(C)C(=O)OCCOc1ccccc1,TOX24773,0,0,0,,1,0,0,0,0,1,0,0,206.241,2.1847,0,3,35.53
C=CCN1CC[C@]23c4c5ccc(O)c4O[C@H]2C(=O)CC[C@@]3(O)[C@H]1C5,TOX3349,0,0,0,0,0,0,0,0,0,0,0,0,327.38,1.3014,2,5,70
CC(CC(C)C)=NO,TOX24771,0,0,0,0,0,0,0,0,0,0,0,0,115.176,1.8826,1,2,32.59
COc1ccc(COC(C)=O)cc1,TOX24770,0,0,0,0,0,0,0,0,0,0,0,0,180.203,1.7583,0,3,35.53
CC(C)(O)C(=O)c1ccc(OCCO)cc1,TOX24777,0,0,0,0,0,0,0,0,0,0,0,0,224.256,1.0113,2,4,66.76
C=CC(=O)OCCC#N,TOX24776,0,0,0,,0,0,1,1,0,,0,0,125.127,0.62928,0,3,50.09
O=C1CCCCCCCCCCCC(=O)OCCO1,TOX24774,0,,0,,0,0,0,0,0,0,0,0,270.369,3.3775,0,4,52.6
OCCN1CCNCC1,TOX1853,0,0,0,0,0,0,0,0,0,,0,0,130.191,-1.1161,2,3,35.5
CC(C)(O)CCc1ccccc1,TOX1851,0,0,0,0,0,0,0,0,0,0,0,0,164.248,2.3901,1,1,20.23
CCCCc1ccc(N)cc1,TOX1856,0,0,0,,,0,0,0,0,0,0,0,149.237,2.6114,1,1,26.02
CCCCCCCCCc1ccc(O)cc1,TOX1857,0,0,0,,1,0,0,,0,0,,0,220.356,4.6853,1,1,20.23
CN(C)Cc1ccccc1,TOX1854,0,0,0,0,0,0,0,0,0,0,0,0,135.21,1.7482,0,1,3.24
CO[Si](CCCNCCC[Si](OC)(OC)OC)(OC)OC,TOX13825,0,0,0,0,0,0,0,0,0,0,0,0,341.553,1.1124,1,7,67.41
Cc1ccccc1OP(=O)(Oc1ccccc1C)Oc1ccccc1C,TOX12192,0,,1,1,1,0,0,1,0,,,0,368.369,6.25676,0,4,44.76
c1coc(CNc2[nH]cnc3ncnc2-3)c1,TOX15175,0,0,0,0,,0,0,0,0,0,,0,215.216,1.5096,2,5,79.63
Cc1c(C)c2c(c(C)c1OC(=O)CCC(=O)O)CC[C@@](C)(CCC[C@H](C)CCC[C@H](C)CCCC(C)C)O2,TOX6151,0,0,0,0,0,0,0,,0,,,0,530.79,8.90486,1,4,72.83
O=C(Oc1ccccc1)c1cccc(C(=O)Oc2ccccc2)c1,TOX17752,0,,1,,1,0,0,0,,0,0,0,318.328,4.125,0,4,52.6
Cc1c(N=C=O)cccc1N=C=O,TOX6157,0,0,0,0,0,0,0,0,0,0,0,0,174.159,1.92962,0,4,58.86
O=C1CCCCC1,TOX359,0,0,0,0,0,0,0,0,0,0,0,0,98.145,1.5196,0,1,17.07
OC[C@H]1O[C@@H]2O[C@@H]3[C@@H](CO)O[C@H](O[C@@H]4[C@@H](CO)O[C@H](O[C@@H]5[C@@H](CO)O[C@H](O[C@@H]6[C@@H](CO)O[C@H](O[C@@H]7[C@@H](CO)O[C@H](O[C@@H]8[C@@H](CO)O[C@H](O[C@H]1[C@H](O)[C@H]2O)[C@H](O)[C@H]8O)[C@H](O)[C@H]7O)[C@H](O)[C@H]6O)[C@H](O)[C@H]5O)[C@H](O)[C@H]4O)[C@H](O)[C@H]3O,TOX358,0,0,0,0,0,0,0,0,0,0,0,0,1134.987,-15.2306,21,35,554.05
O=C1c2ccccc2C(=O)c2c(O)ccc(O)c21,TOX24464,0,0,1,,0,0,0,1,0,0,1,0,240.214,1.8732,2,4,74.6
CCCCCCCCCCO[C@@H]1O[C@H](CO)[C@@H](O)[C@H](O)[C@H]1O,TOX21208,0,0,0,0,0,0,0,,0,0,0,0,320.426,0.9436,4,6,99.38
C=C(C)C1CCC(C)(O)CC1,TOX21209,0,0,0,0,0,0,0,0,0,0,0,0,154.253,2.5037,1,1,20.23
C=C[Si](OCC)(OCC)OCC,TOX24463,0,0,0,0,0,0,0,0,0,0,,0,190.315,1.76,0,3,27.69
c1csc(-c2ccc(-c3cccs3)s2)c1,TOX21206,1,1,1,,1,,1,1,1,1,,1,248.397,5.2051,0,3,0
O=NN([O-])c1ccccc1,TOX352,0,0,1,,1,0,0,,0,0,0,0,137.118,1.6722,0,3,55.73
O=S(=O)([O-])NC1CCCCC1,TOX355,0,0,0,0,0,0,0,0,0,0,,0,178.233,0.3689,1,3,69.23
N#CNC(=N)N,TOX354,0,0,0,0,0,0,0,0,0,0,0,0,84.082,-1.04945,3,2,85.69
N=c1ccn2c(n1)O[C@H]1[C@H](O)[C@@H](CO)O[C@H]12,TOX357,0,0,0,0,0,0,0,0,0,0,0,1,225.204,-1.62583,3,7,100.59
CC(CO)c1ccccc1,TOX17756,0,0,0,0,,0,0,0,0,0,0,0,136.194,1.7824,1,1,20.23
Nc1ccc2c(c1)Cc1ccccc1-2,TOX29079,1,,1,,1,,0,,1,0,,0,181.238,2.84,1,1,26.02
CCCCCCCCCCCC[N+](C)(C)CCCS(=O)(=O)[O-],TOX29078,0,0,0,0,0,0,0,0,0,0,0,0,335.554,3.919,0,3,57.2
OCc1c2ccccc2cc2ccccc12,TOX29077,0,0,,,1,0,,,0,0,1,0,208.26,3.4853,1,1,20.23
S=c1nccc[nH]1,TOX29076,0,0,0,0,1,,0,,0,0,0,0,112.157,1.13919,1,2,28.68
CCn1cc[n+](C)c1.F[B-](F)(F)F,TOX29074,0,0,0,0,,0,0,0,0,0,0,0,197.972,1.6325,0,1,8.81
CC(=O)C(=O)CC(C)C,TOX29071,0,0,0,0,1,0,0,0,0,0,0,0,128.171,1.1906,0,2,34.14
CCCC[n+]1ccccc1C,TOX29070,0,0,0,0,0,0,0,1,0,0,0,0,150.245,2.08262,0,0,3.88
CC(C)(C)NCC(O)COc1ccccc1OCC1CCCO1,TOX31552,,,,,,,,0,,0,,,323.433,2.3722,2,5,59.95
CCCCN(CC)C(=O)SCCC,TOX1199,0,0,0,0,0,0,0,0,0,0,0,0,203.351,3.3716,0,2,20.31
CC(C)NCC(O)COc1cccc2ccccc12,TOX1198,0,0,0,0,1,0,0,0,0,0,,0,259.349,2.5775,2,3,41.49
CC(CN1CC(=O)NC(=O)C1)N1CC(=O)NC(=O)C1,TOX733,,0,0,0,0,0,0,0,0,0,0,1,268.273,-2.7083,2,6,98.82
Cc1ncc([C@@H](CCCCCCc2ccc3c(n2)NCCC3)CC(=O)O)cn1,TOX27333,0,,0,0,0,0,0,,0,0,0,0,382.508,4.28962,2,5,88
CC(C)(O)c1cnn2c(-c3ccc(F)c(-c4c(F)cccc4C#N)c3)cnc2n1,TOX27330,0,,,1,0,0,,,0,0,1,0,391.381,3.83558,1,6,87.1
CCCCc1ccc2c(n1)[C@@H](c1ccc(OC)cc1C[C@H](C)C(=O)[O-])[C@H](C(=O)[O-])[C@H]2c1ccc2c(c1)OCO2,TOX27331,0,0,0,0,0,0,0,0,0,0,0,0,529.589,2.7335,0,8,120.84
CCOc1cccc(-n2cc(C(=O)N3CCN(c4cc(C(=O)[O-])c5ccccc5c4)CC3)nc2-c2ccc(C)cc2)c1,TOX27337,0,0,0,0,0,,,1,,0,1,,559.646,4.72552,0,7,90.73
Fc1ccccc1[C@@H](F)CO[C@H]1CC[C@H](Nc2[nH]cnc3nncc2-3)CC1,TOX27334,0,,,,,0,,,,0,1,0,373.407,3.8941,2,5,75.72
CO[C@@H]1COCC[C@@H]1[NH2+][C@@H]1CC[C@@](C(=O)N2CCc3ncc(C(F)(F)F)cc3C2)(C(C)C)C1.O=C([O-])CCC(=O)O,TOX27335,0,0,0,0,,0,0,0,0,0,0,0,587.636,1.1484,2,7,145.7
OC12N=C(c3ccccc3)SC1Cc1cc(Cl)ccc12,TOX27338,0,0,1,,1,0,0,1,0,0,1,0,301.798,3.6034,1,3,32.59
CN(C)C(=O)NC1(c2ccccc2)CCN(CC[C@@]2(c3ccc(F)c(F)c3)CN(C(=O)c3ccccc3)CCO2)CC1,TOX27339,0,0,0,0,0,0,,0,0,0,,0,576.688,4.9853,1,4,65.12
Cc1cccc(C)c1NC1=NCCCS1,TOX20643,0,0,0,0,0,0,0,0,0,0,0,0,220.341,3.20824,1,3,24.39
CN1[C@H]2CC[C@@H]1C[C@H](OC(=O)C(CO)c1ccccc1)C2,TOX113,1,0,0,0,0,0,0,0,0,0,0,0,289.375,1.9309,1,4,49.77
Cl[Ni]Cl,TOX20316,0,0,0,,0,0,0,0,0,,0,0,129.599,1.3765,0,0,0
C[C@@H](CN1CC(=O)NC(=O)C1)N1CC(=O)NC(=O)C1,TOX20647,,,,,,,,0,,0,,,268.273,-2.7083,2,6,98.82
CCNc1nc(Cl)nc(NC(C)C)n1,TOX112,0,0,0,0,0,0,0,0,0,0,0,0,215.688,1.7771,2,5,62.73
O=S(=O)(O)c1ccc(O)cc1,TOX26421,0,0,,0,,,0,0,0,0,1,0,174.177,0.6389,2,3,74.6
CCCCNC(=N)NC(=N)N,TOX26420,,,,,,,,1,,0,,,157.221,-0.20606,5,2,97.78
O=C(CCN1CCN2CCCC2C1)N1c2ccccc2Sc2ccc(Cl)cc21,TOX26423,0,0,0,0,0,0,0,,0,0,,0,413.974,4.6394,0,4,26.79
COc1ccc(CCN2CCC(Nc3nc4ccccc4n3Cc3ccc(F)cc3)CC2)cc1,TOX110,0,0,,,,0,,,,0,,,458.581,5.3513,1,5,42.32
NC(=O)NS(=O)(=O)c1ccc(N)cc1,TOX26425,1,1,0,,,0,0,0,0,0,,0,215.234,-0.3742,3,4,115.28
CCN(CC)CCNC(=O)COc1ccc(Cl)cc1,TOX26424,0,0,0,0,0,0,0,0,0,0,0,0,284.787,2.1768,1,3,41.57
COc1ccc(CN2CCN(C(c3ccc(F)cc3)c3ccc(F)cc3)CC2)c(OC)c1OC,TOX26427,1,0,0,0,0,0,,0,,0,,,468.544,4.8978,0,5,34.17
CC(C)(C)NCC(O)COc1ccc(NC(=O)NC2CCCCC2)cc1,TOX26426,0,0,,,,0,0,0,0,0,,0,363.502,3.2686,4,4,82.62
CCOC(=O)C1=C(C)NC(C)=C(C(=O)OCC)C1c1ccccc1/C=C/C(=O)OC(C)(C)C,TOX26429,0,,1,1,,1,1,1,,1,,1,455.551,4.4025,1,7,90.93
N#C/C(=C1\SCC(c2ccccc2Cl)S1)n1ccnc1,TOX26428,,0,1,1,0,0,0,0,0,0,0,0,319.842,4.40748,0,5,41.61
Nc1ncn([C@@H]2O[C@H](CO)[C@@H](O)[C@H]2O)c(=O)n1,TOX116,0,0,0,,0,0,,1,0,0,0,1,244.207,-3.168,4,9,143.72
CCP(CC)(CC)=[Au]S[C@H]1O[C@@H](COC(C)=O)[C@H](OC(C)=O)[C@@H](OC(C)=O)[C@@H]1OC(C)=O,TOX115,0,,,,,1,,,1,,,,678.491,2.7925,0,10,114.43
CN(C)c1ccc(C(=N)c2ccc(N(C)C)cc2)cc1,TOX114,0,0,1,,,0,0,0,0,0,1,1,267.376,3.23477,1,3,30.33
CCOP(=S)(Cl)OCC,TOX7487,0,0,0,,0,0,0,0,0,,,0,188.616,2.5227,0,3,18.46
COP(=S)(Cl)OC,TOX7486,0,0,0,0,0,0,0,0,0,0,0,0,160.562,1.7425,0,3,18.46
CO[Si](CCCOCC1CO1)(OC)OC,TOX7489,0,0,0,0,0,0,0,0,0,0,0,0,236.34,0.67,0,5,49.45
C=CCc1cc(S(=O)(=O)c2ccc(O)c(CC=C)c2)ccc1O,TOX27598,0,,1,1,,0,,,0,0,1,0,330.405,3.3876,2,4,74.6
CCCCCCOC(=O)C(C)CC,TOX27599,0,0,0,0,0,0,0,0,0,0,0,0,186.295,3.156,0,2,26.3
Cc1ccc(S(=O)(=O)Oc2ccc(N=Nc3ccc(-c4ccc(N=Nc5c(O)ccc6cc(S(=O)(=O)[O-])cc(S(=O)(=O)[O-])c56)c(C)c4)cc3C)cc2)cc1,TOX1224,0,0,0,,,0,0,,0,0,,0,784.85,8.54436,1,14,227.44
[Cr+2].c1cc[cH-]c1.c1cc[cH-]c1,TOX4615,0,0,0,0,0,0,0,0,0,0,0,0,182.186,2.8085,0,0,0
CCOC(=O)[C@H](CCc1ccccc1)N[C@@H](C)C(=O)N1Cc2ccccc2C[C@H]1C(=O)O,TOX1221,0,0,1,0,0,0,0,0,0,0,0,0,438.524,2.5671,2,5,95.94
CC1=CCC(C(C)C)C=C1,TOX27593,0,0,0,0,0,0,0,,0,0,0,0,136.238,3.1648,0,0,0
Cn1cc(C(=O)[C@@H]2CCc3[nH]cnc3C2)c2ccccc21,TOX1223,0,0,0,0,0,0,0,0,0,,0,0,279.343,2.8892,1,3,50.68
ON=C1C=CC(=NO)C=C1,TOX1222,0,0,1,,0,0,0,1,0,0,1,0,138.126,0.7728,2,4,65.18
C[C@@H]1[C@@H]2Cc3ccc(O)cc3[C@@]1(C)CCN2CCc1ccccc1,TOX28851,0,0,1,0,,0,,,0,,0,0,321.464,4.1591,1,2,23.47
CC(C)CCCCCCc1ccc(O)cc1,TOX9055,0,0,0,,1,1,0,0,0,,1,,220.356,4.5412,1,1,20.23
c1coc(-c2nc3ccccc3[nH]2)c1,TOX21995,0,0,1,,1,,0,0,1,0,,0,184.198,2.8229,1,2,41.82
O=C1OCCN1/N=C/c1ccc([N+](=O)[O-])o1,TOX21997,0,,,,1,1,0,1,0,0,0,0,225.16,0.9739,0,6,98.18
Cl[Sb](Cl)Cl,TOX24161,0,,0,0,0,0,,1,0,1,1,1,228.119,1.6877,0,0,0
CCn1cc(C(=O)O)c(=O)c2cc3c(cc21)OCO3,TOX1089,0,0,0,0,0,0,0,0,0,0,0,0,261.233,1.4483,1,5,77.76
CC(C)NNC(=O)c1ccncc1,TOX25852,0,0,,0,1,1,0,0,0,0,0,0,179.223,0.7244,2,3,54.02
O=[N+]([O-])c1ccc(Nc2ccc(Nc3ccccc3)c(S(=O)(=O)[O-])c2)c([N+](=O)[O-])c1,TOX1081,0,0,0,0,0,0,0,0,0,0,,0,429.39,3.8943,2,9,167.54
COc1ccc2[nH]c(S(=O)Cc3ncc(C)c(OC)c3C)nc2c1,TOX1080,0,0,1,0,,0,0,1,0,0,0,0,345.424,2.89974,1,5,77.1
COCC(C)N,TOX9359,0,0,0,0,0,0,0,0,0,0,0,0,89.138,-0.02,1,2,35.25
O=S(=O)([O-])c1cc(S(=O)(=O)[O-])c2c(/N=N/c3ccccc3)c(O)ccc2c1,TOX1082,0,0,0,0,0,0,0,0,0,0,,0,406.397,2.769,1,9,159.35
COc1cc(/C=C/C(=O)O[C@H]2CC[C@]34C[C@]35CC[C@]3(C)[C@@H]([C@H](C)CCC=C(C)C)CC[C@@]3(C)[C@@H]5CC[C@H]4C2(C)C)ccc1O,TOX1084,0,1,0,0,0,1,1,0,1,0,0,1,602.9,10.1474,1,4,55.76
O=C1Nc2ccc(Cl)cc2C(c2ccccc2)=NC1O,TOX1087,1,0,0,0,1,0,0,0,0,0,0,0,286.718,2.4479,2,3,61.69
CNC(=O)ON=C(SC)C(=O)N(C)C,TOX1086,0,0,0,0,1,0,0,0,0,0,0,0,219.266,0.1071,1,5,71
COc1ccc(CO)cc1,TOX24357,0,0,0,0,0,0,0,0,0,0,0,0,138.166,1.1875,1,2,29.46
Cc1ccc2c(c1)[C@]13CCCC[C@@H]1[C@H](C2)N(C)CC3,TOX28649,0,0,,0,0,0,0,,0,,0,0,255.405,3.68322,0,1,3.24
O=c1[nH]c(=O)n([C@H]2C[C@H](O)[C@@H](CO)O2)cc1Br,TOX13105,0,0,0,,,0,0,0,0,0,0,0,307.1,-1.0602,3,6,104.55
CN(C)Cc1ccccc1O,TOX21199,0,0,0,0,0,0,0,0,0,0,0,0,151.209,1.4538,1,2,23.47
CC(=O)N(CC(O)CO)c1c(I)c(C(=O)NCCO)c(I)c(C(=O)NCC(O)CO)c1I,TOX28643,0,0,0,0,1,0,0,1,0,0,0,0,791.115,-0.9884,7,8,179.66
CC(C)(C(=O)O)c1ccc(C(O)CCCN2CCC(C(O)(c3ccccc3)c3ccccc3)CC2)cc1,TOX28642,0,0,0,0,0,0,0,,0,0,0,0,501.667,5.5105,3,4,81
COc1ncc(F)c2nc(S(=O)(=O)Nc3c(F)cccc3F)nn12,TOX24340,0,0,0,0,0,0,0,0,0,0,0,0,359.289,1.351,1,7,98.48
CCOC(=O)Nc1ccc2c(c1)N(C(=O)CN(C)C)c1ccccc1CC2,TOX28640,0,0,0,0,0,0,,,0,,,0,367.449,3.5799,1,4,61.88
CCN(CCO)CCn1c(Cc2ccccc2)nc2c1c(=O)n(C)c(=O)n2C,TOX28647,0,0,0,0,0,0,0,0,0,0,0,0,385.468,0.3387,1,8,85.29
C=CC1(C)CC(OC(=O)CO)C2(C)C(C)CCC3(CCC(=O)C32)C(C)C1O,TOX28646,0,0,0,0,0,0,0,,0,,0,0,378.509,2.8852,2,5,83.83
C=C1CC2C3CCC4=CC(=O)C=C[C@]4(C)[C@@]3(F)[C@@H](O)C[C@]2(C)[C@@]1(O)C(=O)COC(C)=O,TOX28645,1,1,0,,,0,0,,0,,0,0,432.488,2.3866,2,6,100.9
CCCCCCCCCCCCCC[P+](CCCCCC)(CCCCCC)CCCCCC,TOX27920,0,,,,,,,,,,1,,483.87,12.446,0,0,0
CCCCCCn1cc[n+](C)c1,TOX27927,0,0,0,0,,0,0,1,0,0,,,167.276,1.8929,0,1,8.81
CCCn1cc[n+](C)c1.O=S(=O)([N-]S(=O)(=O)C(F)(F)F)C(F)(F)F,TOX27923,0,0,0,0,0,0,0,0,0,0,,0,405.342,1.7819,0,5,91.19
CCCCCCCCn1cc[n+](C)c1.O=S(=O)([O-])C(F)(F)F,TOX27922,0,,,1,,,0,1,,0,1,,344.399,2.7245,0,4,66.01
Clc1cc(Cl)cc(Cl)c1,TOX6195,0,0,0,0,0,0,0,0,0,0,0,0,181.449,3.6468,0,0,0
Clc1cccc(Cl)c1Cl,TOX6193,0,0,0,0,0,0,0,0,0,0,0,0,181.449,3.6468,0,0,0
O=C(CCl)c1ccc(Cl)cc1Cl,TOX6190,0,0,0,,0,0,,1,1,1,1,1,223.486,3.4149,0,1,17.07
C=CC1=C(C(=O)O)N2C(=O)[C@@H](NC(=O)/C(=N/OCC(=O)O)c3csc(N)n3)[C@H]2SC1,TOX2754,0,0,0,0,0,0,0,,0,,0,0,453.458,-0.5448,4,10,184.51
N[C@@H](C(=O)N[C@@H]1C(=O)N2C(C(=O)O)=C(CSc3c[nH]nn3)CS[C@H]12)c1ccc(O)cc1,TOX2752,0,0,0,0,0,0,0,,0,,0,0,462.513,0.041,5,9,174.53
Cc1nnc(SCC2=C(C(=O)O)N3C(=O)[C@@H](NC(=O)Cn4cnnn4)[C@H]3SC2)s1,TOX2753,0,0,0,0,0,0,0,1,0,0,0,0,454.519,-0.63608,2,12,156.09
NS(=O)(=O)c1cc(C(=O)O)cc(N2CCCC2)c1Oc1ccccc1,TOX3488,1,0,0,,0,0,0,0,0,0,0,0,362.407,2.4247,2,5,109.93
O=c1[nH]sc2cc(Cl)ccc12,TOX31598,,,,,,,,,,1,,,185.635,2.243,1,2,32.86
CC(=O)c1ccc2c(c1)N(CCCN1CCC(CCO)CC1)c1ccccc1S2,TOX3481,0,0,0,0,0,0,0,0,0,0,0,0,410.583,4.9764,1,5,43.78
CC[N+]1(C)CCCC(OC(=O)C(O)(c2ccccc2)c2ccccc2)C1,TOX3480,,,,,,,,0,,0,,,354.47,3.0946,1,3,46.53
CN1CCN(CC(=O)N2c3ccccc3C(=O)Nc3cccnc32)CC1,TOX3487,0,0,0,0,0,0,0,0,0,0,0,0,351.41,1.5594,1,5,68.78
O=C(CCBr)N1CCN(C(=O)CCBr)CC1,TOX3485,,,,,,,,1,,0,,,356.058,1.2272,0,2,40.62
CCCc1ccc(O)cc1,TOX2100,0,0,0,0,,0,0,0,0,0,1,0,136.194,2.3447,1,1,20.23
CCC(CO)(CO)CO,TOX6448,0,0,0,0,0,0,0,0,0,0,0,0,134.175,-0.6403,3,3,60.69
CCC(C)N,TOX2284,0,0,0,0,0,0,0,0,0,0,0,0,73.139,0.7436,1,1,26.02
Cc1cccc(Nc2ncccc2C(=O)O)c1C,TOX25694,0,0,1,,,0,0,,0,,0,0,242.278,3.14024,2,3,62.22
Cc1cccc(C)c1Nc1ncccc1C(=O)O,TOX25693,0,,1,,,0,0,,1,,1,,242.278,3.14024,2,3,62.22
O=C(NCCO[N+](=O)[O-])c1cccnc1,TOX25692,0,0,0,0,0,0,0,0,0,0,0,0,211.177,0.0197,1,5,94.36
Cc1cccc(C(C)c2c[nH]cn2)c1C,TOX25691,0,0,1,1,0,0,0,,0,,0,0,200.285,3.17834,1,1,28.68
CCOc1ccccc1O[C@H](c1ccccc1)[C@H]1CNCCO1,TOX25690,0,0,0,0,0,0,0,0,0,0,,0,313.397,3.1938,1,4,39.72
COC(C)(C)OC,TOX6441,0,0,0,0,0,0,0,0,0,0,0,0,104.149,1.0153,0,2,18.46
CC(CO)(CO)CO,TOX6444,0,0,0,0,,0,0,0,0,0,0,0,120.148,-1.0304,3,3,60.69
CCCCCCOc1ccc(N)cc1,TOX2288,0,0,1,,1,0,,0,1,0,,,193.29,3.2279,1,2,35.25
O=C(NCCc1c[nH]c2ccccc12)c1cccnc1,TOX25698,0,0,1,1,0,0,0,0,0,0,0,0,265.316,2.5354,2,2,57.78
CC[n+]1c(-c2ccccc2)c2cc(N)ccc2c2ccc(N)cc21,TOX5258,0,1,1,1,0,,0,1,,0,1,1,314.412,4.1318,2,2,55.92
CN(C)c1nc(N(C)C)nc(N(C)C)n1,TOX2579,0,0,0,0,0,0,0,0,0,0,0,0,210.285,0.0696,0,6,48.39
Nc1ccc(-c2ccc(F)cc2)cc1,TOX631,0,0,1,,1,0,0,,,0,,0,187.217,3.0749,1,1,26.02
CCC[N+](=O)[O-],TOX980,0,0,0,0,0,0,0,0,0,0,0,0,89.094,0.6731,0,2,43.14
CC(C)[N+](=O)[O-],TOX981,0,0,0,0,0,0,0,0,0,0,0,0,89.094,0.6715,0,2,43.14
O=C(O)CC[N+](=O)[O-],TOX982,0,0,0,0,0,0,0,0,0,0,0,0,119.076,-0.2622,1,3,80.44
O=[N+]([O-])c1ccc2ccc3cccc4ccc1c2c34,TOX983,0,0,,0,0,1,,1,,,1,,247.253,4.4922,0,2,43.14
C=CCN(C1=NCCN1)c1c(Cl)cccc1Cl,TOX2571,0,0,0,0,1,0,0,,0,,0,0,270.163,2.945,1,3,27.63
Oc1ncnc2[nH]ncc12,TOX2573,0,0,0,0,0,0,0,0,0,0,0,0,136.114,0.0585,2,4,74.69
C=CC[C@]1(O)CC[C@H]2[C@@H]3CCC4=CCCC[C@@H]4[C@H]3CC[C@@]21C,TOX2574,1,0,0,0,1,1,0,,0,,1,0,300.486,5.2564,1,1,20.23
CC(=O)[C@H]1CC[C@H]2[C@@H]3CC[C@H]4C[C@H](O)CC[C@]4(C)[C@H]3C(=O)C[C@]12C,TOX2576,0,0,,0,0,0,0,0,0,0,0,0,332.484,3.7742,1,3,54.37
C=C(CC)C(=O)c1ccc(OCC(=O)O)c(Cl)c1Cl,TOX5257,0,0,0,,0,1,,1,0,1,0,1,303.141,3.6057,1,3,63.6
CN(C)CCCOC1(Cc2ccccc2)CCCCCC1,TOX2646,,,,,,,,0,,0,,,289.463,4.2904,0,2,12.47
Clc1cc(Cl)c(Cl)c(Cl)c1,TOX6089,1,,0,0,,0,0,0,0,0,0,0,215.894,4.3002,0,0,0
CCCOC/C(=N\c1ccc(Cl)cc1C(F)(F)F)n1ccnc1,TOX12500,0,,0,1,,,1,1,0,,,,345.752,4.5602,0,4,39.41
CC1CS(=O)(=O)CCN1N=Cc1ccc([N+](=O)[O-])o1,TOX25439,0,0,0,0,0,0,0,,0,,0,0,287.297,0.6406,0,7,106.02
C[C@H](NCCc1ccc(O)cc1)[C@H](O)c1ccc(O)cc1,TOX25438,0,0,0,0,0,0,0,,0,,0,0,287.359,2.352,4,4,72.72
Cc1cccc(CN2CCN(C(c3ccccc3)c3ccc(Cl)cc3)CC2)c1,TOX25348,0,0,0,0,0,0,0,1,0,0,0,0,390.958,5.55562,0,2,6.48
CC[C@@H](CO)NCCN[C@@H](CC)CO,TOX25345,0,0,0,0,0,0,0,0,0,0,0,0,204.314,-0.2926,4,4,64.52
N=C(N)NCC1COC2(CCCCC2)O1.N=C(N)NCC1COC2(CCCCC2)O1,TOX25432,0,0,0,0,0,0,0,,0,,0,0,426.562,1.09054,6,6,160.72
CCN(CC)C(C)CN1c2ccccc2Sc2ccccc21,TOX25347,0,0,0,0,0,0,0,0,0,0,0,0,312.482,5.0196,0,3,6.48
Cc1cc2c(cc1S(N)(=O)=O)S(=O)(=O)CCC2,TOX25346,0,0,0,0,0,0,0,0,0,0,0,0,275.351,0.36232,1,4,94.3
CC(C)(C)NCC(O)c1cc(O)cc(O)c1.CC(C)(C)NCC(O)c1cc(O)cc(O)c1,TOX25437,0,0,0,0,0,0,0,0,0,0,0,0,450.576,3.0386,8,8,145.44
CC(C=O)Cc1ccc(C(C)(C)C)cc1,TOX6500,0,0,0,,0,0,0,0,0,0,,0,204.313,3.3616,0,1,17.07
CC(C)c1c(CN(C)C(C)Cc2ccccc2)n(C)n(-c2ccccc2)c1=O,TOX25435,0,0,0,0,0,0,0,,0,0,0,0,377.532,4.3624,0,4,30.17
O=C(Cn1ccnc1[N+](=O)[O-])NCCO,TOX25434,0,0,0,0,0,0,0,0,0,0,,0,214.181,-1.1002,2,6,110.29
NCC(CC(=O)O)c1ccc(Cl)cc1,TOX2641,0,0,0,0,0,0,0,0,0,0,0,0,213.664,1.857,2,2,63.32
CCCCN(CC)c1c([N+](=O)[O-])cc(C(F)(F)F)cc1[N+](=O)[O-],TOX3899,0,0,0,0,0,0,0,0,0,0,1,0,335.282,4.1482,0,5,89.52
CCCCC(O)(Cn1cncn1)c1ccc(Cl)cc1Cl,TOX14653,0,0,0,,,0,,,0,,1,,314.216,3.6629,1,4,50.94
Nc1ccc(/N=N/c2ccc(-c3ccc(/N=N/c4c(S(=O)(=O)[O-])cc5cc(S(=O)(=O)[O-])c(/N=N/c6ccccc6)c(O)c5c4N)cc3)cc2)c(N)c1,TOX184,0,0,1,,0,0,,0,0,0,1,0,735.764,8.0134,4,16,286.85
O=[Bi]Cl,TOX181,0,0,,,,0,0,0,0,0,0,0,260.432,0.1899,0,1,17.07
CC(C)(c1ccc(O)cc1)c1ccc(O)cc1,TOX182,0,0,,0,1,1,,1,0,0,1,0,228.291,3.4237,2,2,40.46
CCCCCCCC/C=C\CCCCCCCC(=O)OCCOC(=O)CCCCCCC/C=C\CCCCCCCC,TOX7716,0,0,,0,1,0,0,0,0,0,,0,590.974,12.1478,0,4,52.6
CCCCCCCC/C=C\CCCCCCCCOCCO,TOX7714,0,,0,,,,,1,0,,1,,312.538,6.0328,1,2,29.46
CCCCCCCC/C=C\CCCCCCCC(=O)OCCO,TOX7713,0,0,0,,0,0,0,,0,1,0,0,326.521,5.5594,1,3,46.53
O=C1C=CC(=O)N1c1ccc(Cc2ccc(N3C(=O)C=CC3=O)cc2)cc1,TOX24381,0,,0,,,,,,,1,,1,358.353,2.1362,0,4,74.76
Oc1c(I)cc(I)c2cccnc12,TOX3155,0,0,1,0,0,0,0,0,0,0,0,1,396.953,3.1496,1,2,33.12
NS(=O)(=O)c1ccc(N2CCCCS2(=O)=O)cc1,TOX3626,,,,,,,,0,,0,,,290.366,0.264,1,4,97.54
CC(=O)N(CC(O)CO)c1c(I)c(C(=O)NCC(O)CO)c(I)c(C(=O)NCC(O)CO)c1I,TOX3157,0,0,0,0,0,0,0,0,0,0,,0,821.141,-1.6275,8,9,199.89
CC1=C(CC(=O)O)c2cc(F)ccc2/C1=C\c1ccc(S(C)=O)cc1,TOX3624,0,0,1,0,0,0,0,1,0,0,0,0,356.418,4.3655,1,2,54.37
O=S([O-])CNc1ccc(S(=O)(=O)c2ccc(NCS(=O)[O-])cc2)cc1,TOX3623,0,0,0,0,0,0,0,,0,,0,0,402.475,1.0164,2,8,138.46
Nc1ccc(S(N)(=O)=O)cc1,TOX3622,0,0,0,1,0,0,0,0,0,0,0,0,172.209,-0.0838,2,3,86.18
O=C1OC(c2ccc(O)c(S(=O)(=O)[O-])c2)(c2ccc(O)c(S(=O)(=O)[O-])c2)c2c(Br)c(Br)c(Br)c(Br)c21,TOX3621,0,0,0,0,0,0,0,1,0,0,0,0,792.024,4.4183,2,10,181.16
CC(=O)N(c1onc(C)c1C)S(=O)(=O)c1ccc(N)cc1,TOX3620,,,,,,,,0,,0,,,309.347,1.61544,1,6,106.5
CCC(Cc1c(I)cc(I)c(N)c1I)C(=O)O,TOX3159,0,0,0,0,0,1,0,,0,0,0,0,570.934,3.7359,2,2,63.32
C[C@H](O)C(=O)Nc1c(I)c(C(=O)NC(CO)CO)c(I)c(C(=O)NC(CO)CO)c1I,TOX3158,1,0,0,,0,0,0,0,0,0,0,0,777.088,-1.0143,8,8,188.45
CCOC(=O)Oc1c(OC)cc(C(=O)O[C@@H]2C[C@@H]3CN4CCc5c([nH]c6cc(OC)ccc56)[C@H]4C[C@@H]3[C@H](C(=O)OC)[C@H]2OC)cc1OC,TOX3629,0,,,0,0,0,,,,,,0,666.724,4.6978,1,12,144.08
CNS(=O)(=O)Cc1ccc2[nH]cc(CCN(C)C)c2c1,TOX3628,0,0,0,0,0,0,0,0,0,0,,0,295.408,1.3212,2,3,65.2
O=C([O-])CCC(=O)OC[C@@H](NC(=O)C(Cl)Cl)[C@H](O)c1ccc([N+](=O)[O-])cc1,TOX4747,0,0,0,0,0,0,0,0,0,0,0,0,422.197,-0.01,2,8,158.9
CC1=CC2C3CC(C=C3C)C2C1,TOX7902,0,0,0,0,0,0,0,1,0,0,0,0,160.26,3.1648,0,0,0
Nc1ccc2cc3ccc(N)cc3nc2c1.Nc1ccc2cc3ccc(N)cc3nc2c1,TOX23777,0,,1,1,1,,,,,0,1,1,418.504,5.1048,4,6,129.86
C/C(=C\C(C)CC(C)CC(C)C)C1CC(=O)OC1=O,TOX7905,0,0,,0,0,0,0,1,0,0,0,0,266.381,3.7308,0,3,43.37
O=C(O)C(F)(F)C(F)(F)C(F)(F)C(F)(F)C(F)(F)C(F)(F)F,TOX17303,0,0,0,0,0,0,0,1,0,0,,0,364.057,3.8098,1,1,37.3
[Br-].[Na+],TOX14903,0,0,0,0,0,0,0,0,0,0,0,0,102.894,-5.992,0,0,0
COc1cc2c(c(OC)c1OC)-c1ccc(OC)c(=O)cc1[C@@H](NC(C)=O)CC2,TOX4845,0,,0,0,0,0,,1,1,0,1,0,399.443,2.8716,1,6,83.09
CC(CO)(CO)[N+](=O)[O-],TOX21437,0,0,0,0,,0,0,0,0,0,0,0,135.119,-0.9936,2,4,83.6
CCC(C)(C)O,TOX21436,0,0,0,0,0,0,0,0,0,0,,0,88.15,1.1673,1,1,20.23
[Co+2].c1cc[cH-]c1.c1cc[cH-]c1,TOX4840,0,0,0,0,0,0,0,1,0,0,,0,189.123,2.8085,0,0,0
CC(C)Oc1ccccc1O,TOX21431,0,0,0,0,0,0,0,0,0,0,0,0,152.193,2.1794,1,2,29.46
Cc1ccc2c(c1)C(=O)c1ccccc1C2=O,TOX21439,1,0,1,,1,0,0,1,1,0,1,0,222.243,2.77042,0,2,34.14
CC12CCC(CC1=O)C2(C)C,TOX10955,0,0,0,0,0,0,0,0,0,0,0,0,152.237,2.4017,0,1,17.07
COC(OC)C(C)c1ccccc1,TOX27109,0,0,0,0,0,0,0,0,0,0,0,0,180.247,2.409,0,2,18.46
SC1CCCC1,TOX27108,0,0,0,0,,0,0,0,0,0,0,0,102.202,1.8588,1,1,0
O=C1[N-]S(=O)(=O)c2ccccc21.O=C1[N-]S(=O)(=O)c2ccccc21,TOX27459,0,0,0,0,0,0,0,0,0,0,0,0,364.36,1.8056,0,6,130.62
COc1cc(C)ccc1O,TOX27105,0,0,0,0,0,,0,0,0,0,0,0,138.166,1.70922,1,2,29.46
O=C1OC(=O)C2C3C=CC(C3)C12,TOX27456,0,0,0,0,0,0,0,0,0,0,0,0,164.16,0.5081,0,3,43.37
CC(CC=O)CC(C)(C)C,TOX27107,0,0,0,,0,0,0,0,0,0,0,0,142.242,2.6477,0,1,17.07
CC1(C)OC[C@@H]2O[C@@]3(C(=O)O)OC(C)(C)O[C@H]3[C@@H]2O1,TOX27454,0,0,0,0,0,0,0,0,0,0,0,0,274.269,0.4691,1,6,83.45
C1CCN(CN2CCCCC2)CC1,TOX27453,0,0,0,0,0,0,0,0,0,0,0,0,182.311,1.9157,0,2,6.48
CCCCCCCCCCCCCCCCCCOS(=O)(=O)[O-],TOX27103,0,0,0,,0,0,0,,0,,0,,349.557,5.7247,0,4,66.43
Clc1ccc2[nH]nnc2c1,TOX27450,0,0,0,0,0,,,0,0,,0,0,153.572,1.6113,1,2,41.57
NC(=O)c1ccccc1[N+](=O)[O-],TOX5733,0,0,0,0,0,0,0,,0,0,,0,166.136,0.6937,1,3,86.23
NC(=O)c1cccc([N+](=O)[O-])c1,TOX5732,0,0,0,,0,0,0,0,0,0,0,0,166.136,0.6937,1,3,86.23
O=C(O)c1cccc([N+](=O)[O-])c1,TOX5737,0,0,0,0,0,0,0,0,0,0,0,0,167.12,1.293,1,3,80.44
O=C(O)c1ccccc1[N+](=O)[O-],TOX5738,0,0,0,0,0,0,0,0,0,0,0,0,167.12,1.293,1,3,80.44
CN(C)c1ccc(C(c2ccccc2)c2ccc(N(C)C)cc2)cc1,TOX11531,0,0,0,,0,0,0,0,0,0,1,0,330.475,4.9988,0,2,6.48
COc1cc(C=CC(=O)N2CCN(CC(=O)N3CCCC3)CC2)cc(OC)c1OC,TOX26859,0,0,0,0,0,0,0,,0,,0,0,417.506,1.4922,0,6,71.55
Nc1cccc(S(=O)(=O)O)c1,TOX4462,0,0,0,0,0,0,0,0,0,0,,0,173.193,0.5155,2,3,80.39
CCN(CC)C(=O)Nc1ccc(OCC(O)CNC(C)(C)C)c(C(C)=O)c1,TOX26850,0,0,0,0,0,0,0,0,0,0,0,0,379.501,2.8907,3,5,90.9
CCCCCCCCCCOc1cc2c(O)c(C(=O)OCC)cnc2cc1OCC,TOX26851,0,0,0,0,0,0,0,0,0,0,0,0,417.546,6.0353,1,6,77.88
CC(C)OC(=O)Nc1ccc2[nH]c(-c3cscn3)nc2c1,TOX26852,0,,1,,1,0,0,,1,,,1,302.359,3.6433,2,5,79.9
CC1(C)CCC(C)(C)c2cc(NC(=O)c3ccc(C(=O)O)cc3)ccc21,TOX26853,0,0,,1,,,,0,0,0,1,,351.446,4.9861,2,2,66.4
CO[C@@H]1[C@@H](O[C@@H]2O[C@H](C)[C@@H](O[C@H]3C[C@@](C)(O)[C@@H](OC(=O)CC(C)C)[C@H](C)O3)[C@H](N(C)C)[C@H]2O)[C@@H](CC=O)C[C@@H](C)C(=O)C=CC2OC2C[C@@H](C)OC(=O)C[C@H]1OC(C)=O,TOX26855,0,,0,0,,0,,,,,0,,841.989,2.4328,2,17,215.42
CC[C@H]1NC(=O)[C@@H](NC(=O)c2ncccc2O)C(C)OC(=O)[C@H](c2ccccc2)NC(=O)C2CC(=O)CCN2C(=O)[C@H](Cc2ccccc2)N(C)C(=O)[C@@H]2CCCN2C1=O,TOX26856,0,0,0,0,0,0,0,,0,,0,0,823.904,1.204,4,11,224.72
Cc1nc(NS(=O)(=O)c2ccc(N)cc2)nc(C)c1Br,TOX26857,0,0,0,0,0,0,0,,0,,0,0,357.233,2.23894,2,5,97.97
CCCCCCCCCCCCCOP(=O)(O)O,TOX22169,0,0,0,,0,0,,,0,,,,280.345,4.4067,2,2,66.76
COc1ccc2cccc(CCNC(C)=O)c2c1,TOX31431,,,,,,,,0,,0,,,243.306,2.527,1,2,38.33
O=C([O-])c1ccccc1C(=O)O,TOX22167,0,0,0,0,0,0,0,0,0,0,0,0,165.124,-0.2517,1,3,77.43
N#C/C=C/C#N,TOX5342,0,1,0,,0,1,,1,1,,,0,78.074,0.58976,0,2,47.58
C=C1CC[C@H](O)C/C1=C/C=C1\CCC[C@@]2(C)[C@H]1CC[C@@H]2[C@H](C)CCCC(C)C,TOX6294,0,0,0,,0,0,,1,0,1,0,,384.648,7.619,1,1,20.23
Cc1ccc(Nc2ccc(O)c3c2C(=O)c2ccccc2C3=O)cc1,TOX6293,0,0,1,0,0,0,0,1,0,0,0,0,329.355,4.21962,2,4,66.4
COc1ccc(C(O)(c2cncnc2)C2CC2)cc1,TOX14338,0,0,0,0,0,0,0,0,0,0,,0,256.305,2.1311,1,4,55.24
CCCC(=O)Nc1ncnc2c1ncn2[C@@H]1O[C@@H]2COP(=O)(O)O[C@H]2[C@H]1OC(=O)CCC,TOX20459,0,0,0,0,0,0,0,,0,,0,0,469.391,1.69,2,11,163.99
CC(C)NC(C)C,TOX5085,0,0,0,,0,0,0,0,0,0,0,0,101.193,1.3928,1,1,12.03
CC(C)N=C=NC(C)C,TOX5086,0,0,0,0,,,0,0,0,0,0,0,126.203,1.9771,0,2,24.72
CC(C)CC(=O)CC(C)C,TOX5080,0,0,0,0,1,0,0,0,0,0,0,0,142.242,2.6477,0,1,17.07
CC(C)(C)CCCCCCOC(=O)c1ccccc1C(=O)OCCCCCCC(C)(C)C,TOX5082,,0,0,0,0,0,0,,0,0,0,0,446.672,7.9934,0,4,52.6
CC(=O)C=Cc1ccco1,TOX5345,0,0,0,0,0,0,0,0,0,0,0,0,136.15,1.8818,0,2,30.21
COc1cc(CC(C)N)cc2c1OCO2,TOX28816,0,0,0,0,0,0,0,0,0,0,0,0,209.245,1.3136,1,4,53.71
CC(Cc1ccc2c(c1)OCO2)NO,TOX28817,0,0,0,0,0,0,0,0,0,0,0,0,195.218,1.3251,2,4,50.72
CCc1cc(OC)c(C[C@H](C)N)cc1OC,TOX28814,0,0,0,0,0,0,0,,0,0,0,0,223.316,2.1559,1,3,44.48
CCc1cc(OC)c(C[C@@H](C)N)cc1OC,TOX28815,0,0,0,0,0,0,,,0,,,0,223.316,2.1559,1,3,44.48
COc1ccc(OC)c(CC(C)N)c1,TOX28812,0,0,0,0,0,0,0,0,0,0,0,0,195.262,1.5935,1,3,44.48
CC1(C)C2CC[C@]3(C)[C@H](C(=O)C=C4[C@@H]5C[C@@](C)(C(=O)O)CC[C@]5(C)CC[C@]43C)[C@@]2(C)CC[C@@H]1O[C@H]1O[C@H](C(=O)[O-])[C@@H](O)[C@H](O)[C@H]1O[C@@H]1O[C@H](C(=O)O)[C@@H](O)[C@H](O)[C@H]1O,TOX28951,0,0,0,0,1,0,0,,0,,0,0,821.934,0.9109,7,14,269.87
COc1cc(C[C@@H](C)N)c(OC)cc1C,TOX28810,0,0,0,0,,,0,,0,0,0,0,209.289,1.90192,1,3,44.48
O=C(NC(O)C(Cl)(Cl)Cl)NC(O)C(Cl)(Cl)Cl,TOX21852,0,0,0,0,0,0,0,0,0,0,0,0,354.832,1.6628,4,3,81.59
CCNC(C)Cc1ccc2c(c1)OCO2,TOX28818,0,0,,0,0,0,,0,0,0,0,0,207.273,1.9558,1,3,30.49
CNC(C)Cc1ccc2c(c1)OCO2,TOX28819,0,0,0,0,0,0,0,0,0,1,0,0,193.246,1.5657,1,3,30.49
CC=Cc1ccc(OC)cc1,TOX86,0,0,0,0,0,0,0,0,0,0,0,0,148.205,2.7283,0,1,9.23
C/C=C/c1ccc(OC)cc1,TOX87,0,0,0,0,0,0,0,0,0,0,0,0,148.205,2.7283,0,1,9.23
CCC1(CCC(C)C)C(=O)NC(=O)NC1=O,TOX81,0,0,0,0,0,0,0,0,0,0,0,0,226.276,1.185,2,3,75.27
CC[C@@H](N)CO,TOX9275,0,0,0,0,0,0,0,0,0,0,,0,89.138,-0.284,2,2,46.25
OC[C@@H](O)[C@H]1O[C@@H]2O[C@H](C(Cl)(Cl)Cl)O[C@@H]2[C@H]1O,TOX88,0,0,0,0,0,0,0,0,0,0,0,0,309.529,-0.4629,3,6,88.38
CC=C(CC)C(=O)NC(N)=O,TOX28950,0,0,0,0,1,0,0,,0,,0,0,156.185,0.5376,2,2,72.19
C[C@H]1C[C@H](O)c2ccsc2S1(=O)=O,TOX31435,,,,,,,,0,,0,,,218.299,1.3474,1,4,54.37
NNCCc1ccccc1,TOX1144,1,0,1,,1,0,0,1,0,0,0,0,136.198,0.6924,2,2,38.05
c1ccc(OCC2CO2)cc1,TOX1145,0,0,0,0,0,0,0,0,0,0,,0,150.177,1.4642,0,2,21.76
NNc1ccccc1,TOX1148,0,0,1,0,0,0,,1,0,0,1,0,108.144,0.9722,2,2,38.05
CNC[C@H](O)c1cccc(O)c1,TOX1142,0,0,0,0,0,0,0,0,0,0,0,0,167.208,0.645,3,3,52.49
CC(O)CN(CC(C)O)CC(C)O,TOX1415,0,0,0,0,1,0,0,0,0,0,0,0,191.271,-0.5692,3,4,63.93
NC(Cc1c[nH]c2ccccc12)C(=O)O,TOX1418,0,,1,0,0,0,0,0,0,0,0,0,204.229,1.1223,3,2,79.11
N[C@@H](Cc1c[nH]c2ccccc12)C(=O)O,TOX1419,0,0,1,0,0,0,0,0,0,0,0,0,204.229,1.1223,3,2,79.11
C=CC(=O)OCC(C)O,TOX2143,0,0,0,,0,,1,1,0,0,0,0,130.143,0.0964,1,3,46.53
COC1=CC(=O)O[C@@H](/C=C/c2ccccc2)C1,TOX13595,0,0,0,,1,0,0,,0,0,0,0,230.263,2.5456,0,3,35.53
Nc1cc(S(=O)(=O)O)ccc1S(=O)(=O)O,TOX24751,0,0,0,0,0,0,0,0,0,0,0,0,253.257,-0.2378,3,5,134.76
COc1ccc(N)c([N+](=O)[O-])c1,TOX24750,0,0,,0,0,0,0,0,0,0,0,0,168.152,1.1856,1,4,78.39
CC(C)=CCCC(C)C=O,TOX24753,0,0,0,0,0,0,0,0,0,0,,0,140.226,2.5678,0,1,17.07
CN1C(=O)CN=C(c2ccccc2)c2cc([N+](=O)[O-])ccc21,TOX3369,1,0,,,,0,0,0,1,0,,0,295.298,2.4086,0,4,75.81
C=CCOC(=O)CCC1CCCCC1,TOX24755,0,0,0,0,0,0,0,0,0,0,0,0,196.29,3.0761,0,2,26.3
Cc1cn([C@H]2C=C[C@@H](CO)O2)c(=O)[nH]c1=O,TOX3819,0,0,0,0,0,0,0,0,0,0,0,0,224.216,-0.70908,2,5,84.32
CC(C)CCOC(=O)CC(C)C,TOX24757,0,0,0,0,0,0,0,0,0,0,0,0,172.268,2.6218,0,2,26.3
CC1=CC[C@H](CC=O)C1(C)C,TOX24756,0,0,0,0,0,0,0,0,0,0,0,0,152.237,2.5678,0,1,17.07
O=C(CCNNC(=O)c1ccncc1)NCc1ccccc1,TOX3362,0,0,,0,0,0,0,0,0,0,0,0,298.346,1.0225,3,4,83.12
COC(=O)C1=C(C)NC(C)=C(C(=O)OCCN(C)Cc2ccccc2)C1c1cccc([N+](=O)[O-])c1,TOX3363,0,0,,,,0,,,,1,1,0,479.533,3.6778,1,8,111.01
C(=NC1CCCCC1)=NC1CCCCC1,TOX3817,0,0,0,1,1,0,,,0,0,1,,206.333,3.8257,0,2,24.72
CC(C)(C)CC(C)(C)c1ccc(OCCOCC[N+](C)(C)Cc2ccccc2)cc1,TOX3810,0,,0,,,0,0,1,,,1,,412.638,6.0724,0,2,18.46
OCc1cccnc1,TOX3367,0,0,0,0,0,0,0,0,0,0,0,0,109.128,0.5739,1,2,33.12
O=C(OCC(COC(=O)c1cccnc1)(COC(=O)c1cccnc1)COC(=O)c1cccnc1)c1cccnc1,TOX3364,0,0,0,0,0,0,0,0,0,0,0,0,556.531,2.9808,0,12,156.76
CCOC(=O)C1=C(COCCN)NC(C)=C(C(=O)OC)C1c1ccccc1Cl.O=S(=O)(O)c1ccccc1,TOX23909,0,1,0,1,0,,1,,0,,,1,567.06,3.1996,3,9,154.25
CC(C=O)Cc1ccc2c(c1)OCO2,TOX23908,0,0,,0,0,0,0,0,0,0,0,0,192.214,1.7928,0,3,35.53
CCCCN(CCCC)C(=O)N(CCCC)CCCC,TOX23902,0,0,0,,1,0,0,0,0,0,,0,284.488,4.9108,0,1,23.55
OC1OCCOC1O,TOX18824,0,0,0,0,0,0,0,0,0,0,0,0,120.104,-1.33,2,4,58.92
CC(C)(COC(=O)c1ccccc1)COC(=O)c1ccccc1,TOX18822,0,0,0,0,1,0,0,0,0,0,0,0,312.365,3.7266,0,4,52.6
C[C@H](N)C(=O)N[C@@H](C)C(=O)N[C@@]1(C)[C@@H]2CN(c3nc4c(cc3F)c(=O)c(C(=O)O)cn4-c3ccc(F)cc3F)C[C@@H]21,TOX31444,,,,,,,,1,,0,,,572.544,1.294,4,8,159.65
Clc1ccc(C(c2ccc(Cl)cc2)C(Cl)Cl)cc1,TOX373,0,0,0,,,0,0,,0,,1,,320.046,5.929,0,0,0
Clc1ccc(C(c2ccccc2Cl)C(Cl)Cl)cc1,TOX372,0,0,0,0,1,1,0,0,0,0,1,,320.046,5.929,0,0,0
Nc1ccc(S(=O)(=O)c2ccc(N)cc2)cc1,TOX371,0,0,0,0,0,0,0,0,0,0,0,0,248.307,1.6838,2,4,86.18
CN(C)NC(=O)CCC(=O)O,TOX370,0,0,0,0,1,0,0,0,0,0,0,0,160.173,-0.556,2,3,69.64
Clc1ccc(C(c2ccc(Cl)cc2)C(Cl)(Cl)Cl)cc1,TOX375,0,0,0,0,1,1,0,0,0,0,1,,354.491,6.4955,0,0,0
ClC(Cl)=C(c1ccc(Cl)cc1)c1ccc(Cl)cc1,TOX374,0,0,0,0,,0,0,1,0,0,1,,318.03,6.1879,0,0,0
C[C@]12CC[C@H]3[C@@H](CC=C4C[C@@H](O)CC[C@@]43C)[C@@H]1CCC2=O,TOX379,0,0,0,,1,1,0,,0,0,0,0,288.431,3.8792,1,2,37.3
CC(=O)OCC(=O)[C@@]12N=C(C)O[C@@H]1C[C@H]1[C@@H]3CCC4=CC(=O)C=C[C@]4(C)[C@H]3[C@@H](O)C[C@@]12C,TOX378,1,0,,,1,0,0,,,0,0,0,441.524,2.5632,1,7,102.26
O=C1NC(=O)[C@@H]2CC=CC[C@H]12,TOX21220,0,0,0,0,0,0,0,0,0,0,0,0,151.165,0.2252,1,2,46.17
OCCCCC(O)CO,TOX21224,0,0,0,,0,0,0,0,0,0,0,0,134.175,-0.4978,3,3,60.69
Nc1ccc(O)c(C(=O)O)c1,TOX4506,0,0,0,0,1,0,0,0,0,0,0,0,153.137,0.6726,3,3,83.55
CCCCCCCCOS(=O)(=O)[O-],TOX16226,0,0,0,0,0,0,0,0,0,0,0,0,209.287,1.8237,0,4,66.43
CN[C@H]1C[C@@H](N)[C@H](O)[C@@H](O[C@@H]2O[C@H](CO)[C@H](O)[C@@H]3OC4(O[C@H]23)O[C@H](C(N)CO)[C@H](O)[C@H](O)[C@H]4O)[C@@H]1O,TOX21045,0,0,0,0,0,0,0,,0,,,0,527.524,-7.2706,11,16,272.06
CCCCCCCCCCOS(=O)(=O)[O-],TOX16229,0,0,0,0,0,0,0,,0,0,0,0,237.341,2.6039,0,4,66.43
Cc1cccn2c(=O)c(-c3nnn[n-]3)cnc12,TOX26623,0,0,0,0,0,0,0,0,0,0,,0,227.207,-0.18788,0,6,87.14
Nc1ncnc(Nc2ccccc2)n1,TOX26190,0,0,0,,,0,0,,0,0,0,0,187.206,1.1974,2,5,76.72
CCC(=O)OC(OP(=O)(CCCCc1ccccc1)CC(=O)N1C[C@H](C2CCCCC2)C[C@H]1C(=O)[O-])C(C)C,TOX26621,0,0,0,0,0,0,,,0,,0,0,562.664,4.7866,0,7,113.04
C[C@]12CC[C@H]3[C@@H](CCC4=C(Cl)C(=O)CC[C@@]43C)[C@@H]1CC[C@@H]2O,TOX26192,1,1,0,,1,1,,,0,,,0,322.876,4.4457,1,2,37.3
COc1cc(C(=S)N2CCOCC2)cc(OC)c1OC,TOX26195,0,0,0,0,0,0,0,0,0,0,0,0,297.376,1.7201,0,5,40.16
CC(=O)O[C@H]1CC[C@H]2[C@@H]3CCC4=CC(=O)CCC4=C3C=C[C@]12C,TOX26626,1,1,0,0,1,1,0,,0,,0,0,312.409,3.9001,0,3,43.37
CCOc1ccc(NC(=S)Nc2ccc(OCC)cc2)cc1,TOX26197,0,0,0,0,0,0,0,,0,,1,0,316.426,4.2929,2,3,42.52
COC(=O)C1=C(C#N)NC(C)=C(C(=O)OC(C)C)C1c1cccc([N+](=O)[O-])c1,TOX26624,0,0,0,,0,0,,,0,,,0,385.376,2.45788,1,8,131.56
O=C1CC[C@@H](C(=O)N2CSC[C@H]2C(=O)O)N1,TOX26199,,0,0,0,0,0,0,,0,,0,0,244.272,-0.7489,2,4,86.71
CCCCCCCCCC(=O)O[C@H]1CC[C@H]2[C@@H]3CCC4=CC(=O)CC[C@]4(C)[C@H]3CC[C@]12C,TOX26198,1,1,0,,1,1,0,,0,,0,0,442.684,7.5708,0,3,43.37
CCOc1ccccc1OCCN[C@H](C)Cc1ccc(OC)c(S(N)(=O)=O)c1,TOX26628,1,1,0,0,0,0,0,,0,0,1,0,408.52,2.3409,2,6,99.88
COc1cccc(OC)c1C(=O)O,TOX26999,0,0,0,0,0,0,0,0,0,0,0,0,182.175,1.402,1,3,55.76
CCCCP(CCCC)CCCC,TOX26998,0,0,0,0,0,0,0,0,0,0,,0,202.322,4.8686,0,0,0
COc1ccc2cc(S(=O)(=O)N[C@H](CC(=O)N[C@H](Cc3ccc(CN4[C@@H](C)CCC[C@H]4C)cc3)C(=O)N(C)C(C)C)c3ccc4c(c3)OCO4)ccc2c1,TOX27351,0,0,0,,,,,,,0,1,,756.966,6.344,2,8,126.51
CO/N=C(/C(=O)N[C@@H]1C(=O)N2C(C(=O)[O-])=C(COC(C)=O)CS[C@H]12)c1csc(N)n1,TOX26991,0,0,0,0,0,0,0,,0,,0,0,454.466,-1.9572,2,12,176.34
CCOC(=N)CC(=O)OCC,TOX26994,0,0,0,0,0,0,0,0,0,0,0,0,159.185,0.95337,1,4,59.38
C=C1[C@@H](n2cnc3c(=O)[nH]c(N)nc32)C[C@H](O)[C@H]1CO,TOX26446,0,0,0,0,0,0,0,,0,,0,0,277.284,-0.8278,4,7,130.05
C[C@@H]1CC(=O)NN=C1c1ccc(NN=C(C#N)C#N)cc1,TOX26445,0,,,,,0,,0,0,0,,1,280.291,1.36176,2,6,113.43
Nc1nc(NC2CC2)c2ncn([C@@H]3C=C[C@@H](CO)C3)c2n1,TOX26444,0,0,1,,1,0,0,,1,,0,0,286.339,1.0923,3,7,101.88
CNCC[C@H](Oc1cccc2ccccc12)c1cccs1,TOX26443,0,0,,,,0,,,,,,,297.423,4.6309,1,3,21.26
C#CCOC(C(=O)OCCN(C)C)(c1ccccc1)c1ccccc1,TOX26442,0,0,0,0,0,0,0,0,0,0,0,0,337.419,2.6848,0,4,38.77
N[C@@H](CSCCCO)C(=O)O,TOX26440,,,,,,,,0,,0,,,179.241,-0.4861,3,4,83.55
O=C(O)C(=O)Cc1ccccc1,TOX22281,0,,0,0,0,0,0,1,0,,0,0,164.16,0.8828,1,2,54.37
CCOC(=O)C(SP(=S)(OC)OC)c1ccccc1,TOX22280,0,0,1,0,,0,0,0,0,0,,0,320.372,3.5413,0,6,44.76
CCOP(=O)(N=C1SCCS1)OCC,TOX22285,0,0,0,0,0,0,0,0,0,0,0,0,255.301,3.0035,0,5,47.89
O=C1[C@H]2CCCC[C@H]2C(=O)N1CCCCN1CCN(c2nsc3ccccc23)CC1,TOX26449,0,0,,,0,0,0,1,0,0,,0,426.586,3.3737,0,6,56.75
O=C([O-])C[C@H](O)CC(O)/C=C/c1c(C2CC2)nc2ccccc2c1-c1ccc(F)cc1.O=C([O-])C[C@H](O)C[C@H](O)/C=C/c1c(C2CC2)nc2ccccc2c1-c1ccc(F)cc1,TOX26448,0,,0,1,0,,0,,0,,,0,840.92,6.3668,4,10,186.96
CC(=O)S[C@H](C(=O)N[C@H]1Cc2ccccc2[C@H]2CCC[C@@H](C(=O)O)N2C1=O)C(C)C,TOX27356,0,0,0,0,0,0,0,0,0,0,0,0,432.542,2.5386,2,5,103.78
CCc1c(C(=O)NN2CCCCC2)nn(-c2ccc(Cl)cc2Cl)c1-c1ccc(Br)cc1,TOX27357,0,,0,1,1,0,,1,0,0,1,,522.274,6.3017,1,4,50.16
Brc1cccc(-c2ccccc2)c1,TOX4639,,0,0,,,0,0,0,0,0,,0,233.108,4.1161,0,0,0
Brc1ccccc1-c1ccccc1,TOX4638,0,0,0,0,0,0,0,0,0,0,0,0,233.108,4.1161,0,0,0
CCCC(=O)OCOC(=O)C1=C(C)NC(C)=C(C(=O)OC)C1c1cccc(Cl)c1Cl,TOX31450,,,,,,,,0,,0,,,456.322,4.2452,1,7,90.93
Cc1onc(-c2ccccc2)c1C(=O)Cl,TOX31452,,,,,,,,0,,0,,,221.643,3.02902,0,3,43.1
COc1cc(OC)nc(O[C@H](C(=O)O)C(OC)(c2ccccc2)c2ccccc2)n1,TOX31453,,,,,,,,0,,,,,410.426,2.916,1,7,100
CC(Cc1ccccc1)NCCCCl,TOX31454,,,,,,,,0,,0,,,211.736,2.8361,1,1,12.03
COC[C@@H](NC(C)=O)C(=O)NCc1ccccc1,TOX31455,,,,,,,,,,0,,,250.298,0.4539,2,3,67.43
Brc1ccccc1,TOX4637,0,0,0,0,0,0,0,0,0,0,0,0,157.01,2.4491,0,0,0
CNC(=O)c1c(I)c(NC(C)=O)c(I)c(C(=O)[O-])c1I,TOX31457,,,,,,,,0,,0,,,612.907,1.1819,2,4,98.33
OCCN(CCO)c1nc(N2CCCCC2)c2nc(N(CCO)CCO)nc(N3CCCCC3)c2n1,TOX20668,0,,0,,,,0,,,,,1,504.636,-0.0176,4,12,145.44
CC(C)(Oc1ccc(Cl)cc1)C(=O)O,TOX20661,0,0,0,0,0,0,0,0,0,0,0,0,214.648,2.582,1,2,46.53
Cc1cc(C(C#N)c2ccc(Cl)cc2)c(Cl)cc1NC(=O)c1cc(I)cc(I)c1O,TOX20662,0,0,0,,,0,0,,,,1,1,663.08,7.1244,2,3,73.12
CC=CC(=O)N(CC)c1ccccc1C,TOX20664,0,0,0,0,0,0,0,0,0,0,0,0,203.285,2.92402,0,1,20.31
Cc1c(O)c(=O)ccn1C,TOX20666,0,0,,0,0,0,0,,0,,0,0,139.154,0.39932,1,3,42.23
COc1cc(C(=O)NC2CCN(C)CC2)ccc1Nc1ncc2c(n1)N(C1CCCC1)CC(F)(F)C(=O)N2C,TOX28485,0,,0,,,0,0,,1,0,,,543.619,3.4135,2,8,102.93
O=C(O)c1cccc(N(Cc2cccnc2)c2ccc(OC(F)F)c(OC(F)F)c2)c1,TOX28484,0,,0,0,0,0,,,0,0,,0,436.361,5.3209,1,5,71.89
Cc1cc(F)ccc1-c1cc(N2CC[C@@H](O)[C@H]2CO)ncc1N(C)C(=O)C(C)(C)c1cc(C(F)(F)F)cc(C(F)(F)F)c1,TOX28487,0,0,0,,,,,1,,,,,613.574,6.10622,2,5,76.9
O=C(CCCCCCCCc1cccnc1)N1CCC(C=C(c2ccccc2)c2ccccc2)CC1,TOX28486,0,0,0,,,,,,0,1,,,480.696,7.7253,0,2,33.2
Cn1c(=O)cc(Oc2ccc(F)cc2F)c2cnc(NCC(C)(C)O)nc21,TOX28481,0,0,0,0,,0,,1,0,0,,0,376.363,2.5818,2,7,89.27
CS(=O)(=O)c1ccc([C@@H](CC2CCCC2)C(=O)Nc2cnccn2)cc1Cl,TOX28480,0,0,0,,,0,,1,0,0,,0,407.923,3.8361,1,5,89.02
CCCN(C1CCN(C(=O)C2CCNCC2)CC1)[C@@H]1CCc2ccc(OC)cc2C1,TOX28483,0,0,0,,1,0,0,,0,0,0,,413.606,3.2551,1,4,44.81
CC(C)CC(O)Cc1ccccc1,TOX27710,0,0,0,0,,0,0,0,0,0,0,0,178.275,2.6361,1,1,20.23
CC1(C)SC(C)(C)SC(C)(C)S1,TOX27712,0,0,0,0,0,0,0,0,0,0,0,0,222.444,4.4079,0,3,0
CC(=O)OC(c1ccccc1)C(Cl)(Cl)Cl,TOX27714,0,0,0,0,,0,0,0,0,0,1,0,267.539,3.661,0,2,26.3
C/C=C\c1ccc(OCC)c(O)c1,TOX27715,0,0,,0,0,0,0,0,0,0,,0,178.231,2.824,1,2,29.46
CO[C@H]1C[C@@H]2CC[C@@H](C)[C@@](O)(O2)C(=O)C(=O)N2CCCC[C@H]2C(=O)O[C@H]([C@H](C)C[C@@H]2CC[C@@H](OCCO)[C@H](OC)C2)CC(=O)[C@H](C)C=C(C)[C@@H](O)[C@@H](OC)C(=O)[C@H](C)C[C@H](C)C=CC=CC=C1C,TOX20599,0,,0,1,0,,,,,,1,,958.24,6.1972,3,14,204.66
O=C(O)CSCC(=O)NC1CCSC1=O,TOX28661,0,0,0,0,0,0,0,0,0,0,0,0,249.313,-0.0475,2,5,83.47
CCCCCCCCCCCCCCCC(=O)O[C@@H]1[C@@H](O)[C@@H](O)[C@@H]([C@H](NC(=O)[C@@H]2C[C@@H](CCC)CN2C)[C@H](C)Cl)O[C@@H]1SC,TOX28660,0,0,0,0,0,0,0,,0,,0,0,663.406,6.4217,3,8,108.33
CC(C)=CCOc1c2occc2cc2ccc(=O)oc12,TOX28663,0,0,1,,0,0,0,,0,0,0,0,270.284,3.8842,0,4,52.58
CCOC(=O)COc1ccc2c(=O)cc(-c3ccccc3)oc2c1,TOX28662,0,0,0,0,0,0,0,,0,,,0,324.332,3.4019,0,5,65.74
NC[C@H]1O[C@H](O[C@@H]2[C@@H](N)C[C@@H](N)[C@H](O[C@H]3O[C@H](CO)[C@@H](O)[C@H](N)[C@H]3O)[C@H]2O)[C@H](N)[C@@H](O)[C@@H]1O,TOX28665,,,,,,,,0,,0,,,483.519,-7.325,11,15,288.4
N=C(N)NCCCCNC(=N)N,TOX28664,0,0,0,0,1,1,0,,0,,0,0,172.236,-1.26726,6,2,123.8
CCN(CC)N(O)N=O.CCNCC,TOX28667,0,0,0,0,,0,0,,0,,0,0,206.29,1.2316,2,5,68.17
O=C(O)[C@@H](O)[C@H](O)[C@H](O)[C@@H](O)C(=O)O,TOX28666,0,0,0,0,0,0,0,0,0,0,0,0,210.138,-3.4008,6,6,155.52
COc1cc([C@@H]2c3cc4c(cc3[C@@H](O)[C@H]3COC(=O)[C@H]23)OCO4)cc(OC)c1O,TOX28668,0,,1,0,0,,,,1,,1,1,400.383,2.1062,2,8,103.68
C[n+]1ccn(Cc2ccccc2)c1,TOX27905,0,0,0,0,,0,0,,0,0,0,0,173.239,1.3609,0,1,8.81
C=CCn1cc[n+](C)c1,TOX27904,0,0,0,0,0,0,0,0,0,0,0,0,123.179,0.4986,0,1,8.81
CCCCCCCC[N+](C)(CCCCCCCC)CCCCCCCC.O=S(=O)([N-]S(=O)(=O)C(F)(F)F)C(F)(F)F,TOX27902,0,0,,,,,,0,,,,,648.861,9.5738,0,4,82.38
Cc1ccc(-c2cc(C(F)(F)F)nn2-c2ccc(S(N)(=O)=O)cc2)cc1,TOX2777,0,0,0,,1,1,0,1,0,0,,0,381.379,3.51392,1,4,77.98
CON=C(C(=O)N[C@@H]1C(=O)N2C(C(=O)O)=C(COC(N)=O)CS[C@H]12)c1ccco1,TOX2774,0,0,0,0,1,1,0,,0,,0,0,424.391,-0.536,3,9,173.76
CCCCCC(=O)O,TOX1607,0,0,0,0,0,0,0,0,0,0,0,0,116.16,1.6513,1,1,37.3
O=C(O)CCCCC(=O)O,TOX1605,0,0,0,0,0,0,0,0,0,0,0,0,146.142,0.716,2,2,74.6
CCCCCC=O,TOX1604,0,0,0,0,0,0,0,0,0,0,0,0,100.161,1.7656,0,1,17.07
CCCCCC/C=C/CCCCCCCC(=O)O,TOX1603,0,0,0,0,1,0,0,0,0,0,0,0,254.414,5.3283,1,1,37.3
CCCCCCCCCCCCCCCC(=O)O,TOX1602,0,0,0,0,1,1,0,0,0,0,0,0,256.43,5.5523,1,1,37.3
O=C(C(Cl)(Cl)Cl)C(Cl)(Cl)Cl,TOX1601,0,0,0,0,0,0,0,0,0,0,0,0,264.75,3.2959,0,1,17.07
CCCCCCC(=O)O,TOX1600,0,0,0,0,0,0,0,0,0,0,0,0,130.187,2.0414,1,1,37.3
CCCC(=O)CC,TOX1608,0,0,0,0,1,0,0,0,0,0,0,0,100.161,1.7656,0,1,17.07
CC(C)C#N,TOX6461,0,0,0,0,0,0,0,1,0,0,0,0,69.107,1.16598,0,1,23.79
CCOC(=O)c1ccccc1N,TOX5272,0,0,0,0,0,0,0,0,0,0,0,0,165.192,1.4455,1,3,52.32
CCNc1ccccc1,TOX5271,0,0,0,0,0,0,0,0,0,0,0,0,121.183,2.1184,1,1,12.03
Nc1nc2c(ncn2COCCO)c(=O)[nH]1,TOX2556,0,0,0,0,0,0,0,0,0,0,0,0,225.208,-1.3318,3,7,119.05
Nc1ncnc2[nH]cnc12,TOX2557,0,0,0,,0,0,0,0,0,1,0,0,135.13,-0.0649,2,4,80.48
Cc1ccc(/C(=C\CN2CCCC2)c2cccc(/C=C/C(=O)O)n2)cc1,TOX2555,0,0,0,0,0,0,0,,0,,,0,348.446,4.01532,1,3,53.43
Nc1ncnc2c1ncn2[C@@H]1O[C@H](CO)[C@@H](O)[C@H]1O,TOX2558,0,0,0,0,0,0,0,0,0,0,0,0,267.245,-1.98,4,9,139.54
Nc1ncnc2c1ncn2[C@@H]1O[C@H](COP(=O)(O)OP(=O)(O)OP(=O)(O)O)[C@@H](O)[C@H]1O,TOX2559,0,0,,,0,0,0,,0,,,,507.182,-1.629,7,14,279.13
N#Cc1ccc(C2CCCc3cncn32)cc1,TOX618,0,0,0,1,0,0,0,0,0,0,,0,223.279,2.68048,0,3,41.61
CN(C)c1ccc(N=NS(=O)(=O)[O-])cc1,TOX619,0,,1,0,0,0,0,1,0,0,1,0,228.253,1.2965,0,5,85.16
CC[N+](=O)[O-],TOX969,0,0,0,0,0,0,0,0,0,0,0,0,75.067,0.283,0,2,43.14
O=C(O)c1ccc([N+](=O)[O-])cc1,TOX966,0,0,0,0,0,0,0,0,0,0,0,0,167.12,1.293,1,3,80.44
CCCC[N+](=O)[O-],TOX967,0,0,0,0,0,0,0,0,0,0,0,0,103.121,1.0632,0,2,43.14
O=[N+]([O-])c1ccccc1,TOX964,0,0,0,0,0,0,0,0,0,0,0,0,123.111,1.5948,0,2,43.14
O=[N+]([O-])c1ccc2[nH]cnc2c1,TOX965,0,0,0,0,0,0,0,0,0,0,1,0,163.136,1.4711,1,3,71.82
COc1ccccc1[N+](=O)[O-],TOX962,0,0,0,0,0,0,0,0,0,0,0,0,153.137,1.6034,0,3,52.37
CNC(=O)O/N=C/C(C)(C)S(C)=O,TOX13161,0,0,0,0,0,0,0,0,0,0,0,0,206.267,0.4853,1,4,67.76
O=[N+]([O-])c1ccc2c3c(cccc13)CC2,TOX960,0,0,1,0,0,0,0,,0,0,1,0,199.209,2.8466,0,2,43.14
Nc1ccc([N+](=O)[O-])cc1,TOX961,0,0,0,,0,0,,0,0,0,0,0,138.126,1.177,1,3,69.16
Cc1nc(N(C)C)nc(OC(=O)N(C)C)c1C,TOX12569,0,0,0,0,0,0,0,0,0,0,0,0,238.291,1.21984,0,5,58.56
CCCCc1ccc2[nH]c(NC(=O)OC)nc2c1,TOX25410,1,,1,,1,,0,,1,,1,1,247.298,3.0838,2,3,67.01
Clc1ccc(C(OCCN2CCCCC2)c2ccccc2)cc1,TOX25413,0,0,0,0,0,0,0,,0,0,,0,329.871,4.9319,0,2,12.47
NC(CO)C(=O)NNCc1ccc(O)c(O)c1O,TOX25412,,,,,,,,0,,0,,,257.246,-1.7562,7,7,148.07
C=CC[N@@+]12CC[C@@]34c5ccccc5N5C=C6[C@H]7C[C@H]8[C@@]9(CC[N@@+]8(CC=C)C/C7=C/CO)c7ccccc7N(C=C([C@@H](C[C@@H]31)/C(=C\CO)C2)[C@H]54)[C@@H]69,TOX25414,0,0,0,0,0,0,0,,0,,0,0,666.91,5.4756,2,4,46.94
CCc1c(C)[nH]c2c1C(=O)C(CN1CCOCC1)CC2,TOX25417,0,0,,0,0,0,0,0,0,0,0,0,276.38,1.96282,1,3,45.33
CCN(CC)c1cc(C)nc2ncnn12,TOX25416,0,0,0,0,0,0,0,0,0,0,0,0,205.265,1.27892,0,5,46.32
CC(Cc1ccc(O)cc1)NCC(O)c1cc(O)cc(O)c1,TOX25419,0,0,0,0,,0,0,0,0,0,0,0,303.358,2.0576,5,5,92.95
CC(C)C1CCC(Cc2ccc(Cl)cc2)C1(O)Cn1cncn1,TOX14674,0,0,,1,,0,,,0,,,,333.863,3.5875,1,4,50.94
CCOP(=S)(OCC)Oc1nc(Cl)n(C(C)C)n1,TOX14676,0,0,1,0,0,0,0,0,0,0,0,0,313.747,3.1887,0,7,58.4
COC(=O)c1ccc(I)cc1S(=O)(=O)[N-]C(=O)Nc1nc(C)nc(OC)n1,TOX14673,0,0,,0,0,0,0,0,0,0,0,0,506.258,1.87432,1,9,151.54
II,TOX14672,0,0,,,0,0,0,,0,,,0,253.808,1.7714,0,0,0
Oc1c(Br)cc(Br)cc1Br,TOX1959,0,0,0,0,0,0,0,1,0,0,1,1,330.801,3.6797,1,1,20.23
CCOC(=O)c1ccccc1O,TOX1958,0,0,0,0,0,0,0,0,0,0,0,0,166.176,1.5689,1,3,46.53
O=C(Oc1ccccc1)c1ccccc1O,TOX1957,1,0,0,0,0,0,0,0,0,1,0,0,214.22,2.6114,1,3,46.53
CCCCCCCCOC(=O)c1ccccc1C(=O)OCCCCCCCC,TOX1956,0,0,0,0,0,0,0,0,0,0,0,0,390.564,6.7212,0,4,52.6
CCOP(=S)(OCC)Oc1ccc(S(C)=O)cc1,TOX1953,0,0,1,0,0,0,0,0,0,0,0,0,308.361,3.1003,0,5,44.76
O=P(Oc1ccccc1)(Oc1ccccc1)Oc1ccccc1,TOX1952,0,0,,0,1,0,0,1,0,0,1,0,326.288,5.3315,0,4,44.76
Cc1ccc(S(=O)(=O)[O-])cc1.[Na+],TOX7736,0,0,0,0,0,0,0,0,0,0,0,0,194.187,-2.09688,0,3,57.2
CC1C=[C-]C=C1.[C-]#[O+].[C-]#[O+].[C-]#[O+].[Mn+],TOX7738,0,0,0,0,0,0,0,,0,0,0,0,218.09,1.43666,0,0,59.7
O=C1C[C@@H]2OCC=C3CN4CC[C@]56c7ccccc7N1[C@H]5[C@H]2[C@H]3C[C@H]46,TOX3600,0,0,0,0,0,0,0,,0,,0,0,334.419,2.0925,0,3,32.78
C[N+](C)(C)CCOC(=O)CCC(=O)OCC[N+](C)(C)C,TOX3603,0,0,0,0,0,0,0,0,0,0,0,0,290.404,0.2654,0,4,52.6
O=C(O)CCC(=O)O,TOX3602,0,0,0,0,0,0,0,0,0,0,0,0,118.088,-0.0642,2,2,74.6
CC1(C)[C@H](C(=O)O)N2C(=O)C[C@H]2S1(=O)=O,TOX3605,0,0,0,0,0,0,,,0,0,0,,233.245,-0.795,1,4,91.75
COc1cc(NS(=O)(=O)c2ccc(N)cc2)nc(OC)n1,TOX3607,0,0,0,0,0,0,0,0,0,0,0,0,310.335,0.8768,2,7,116.43
CCn1ccc(NS(=O)(=O)c2ccc(N)cc2)nc1=O,TOX3606,,,,,,,,,,0,,,294.336,0.6462,2,6,107.08
N=C(N)NS(=O)(=O)c1ccc(N)cc1,TOX3609,0,0,0,0,0,0,0,0,0,0,0,0,214.25,-0.55943,4,4,122.06
COc1ncnc(NS(=O)(=O)c2ccc(N)cc2)c1OC,TOX3608,0,0,0,0,0,0,0,0,0,0,0,0,310.335,0.8768,2,7,116.43
CCCCC(CC)COC(=O)CS,TOX7656,0,0,0,0,0,0,0,0,0,0,0,0,204.335,2.6758,1,3,26.3
C=CC(=O)[O-],TOX7652,0,0,0,0,0,0,0,,0,0,,0,71.055,-1.0777,0,2,40.13
C=C(C)C(=O)O[C@@H]1C[C@H]2CC[C@]1(C)C2(C)C,TOX7653,0,0,0,0,0,0,0,0,0,0,0,0,222.328,3.3205,0,2,26.3
C=CC[N+](C)(C)CC=C,TOX7650,0,0,0,0,0,0,0,0,0,0,0,0,126.223,1.4348,0,0,0
CCOC(=O)/C=C(C)/C=C/C[C@@H](C)CCCC(C)C,TOX15784,0,0,0,0,0,0,0,,0,1,,,266.425,4.9045,0,2,26.3
COC(C)(C)CCC[C@H](C)C/C=C/C(C)=C/C(=O)OC(C)C,TOX15783,0,0,0,0,,0,0,,0,1,,0,310.478,5.062,0,3,35.53
CCCCCCCCS(=O)(=O)Cl,TOX7658,0,0,0,0,0,0,0,1,0,0,0,0,212.742,2.9155,0,2,34.14
Cn1nnc2c(C(N)=O)ncn2c1=O,TOX23714,0,0,,0,0,0,0,0,0,0,0,0,194.154,-2.0781,1,7,108.17
O=C([O-])C(Cl)(Cl)Cl,TOX14924,0,0,0,0,0,0,0,0,0,0,0,0,162.379,0.1065,0,2,40.13
Cc1cc(C)c(C2=C(OC(=O)CC(C)(C)C)C3(CCCC3)OC2=O)c(C)c1,TOX14929,0,0,0,0,0,0,,,0,0,,,370.489,5.17196,0,4,52.6
CCC(C)(C)C(=O)OC1=C(c2cc(Cl)cc(Cl)c2)C(=O)OC12CCCCC2,TOX14928,0,,,,1,0,1,1,0,0,1,1,411.325,5.9436,0,4,52.6
CCCCCCCCCCC1CO1,TOX5243,0,0,0,0,0,0,0,0,0,0,0,0,184.323,3.916,0,1,12.53
CCC(CC)C(=O)O,TOX21418,0,0,0,0,0,0,0,0,0,0,0,0,116.16,1.5072,1,1,37.3
CCC(CO)(CO)[N+](=O)[O-],TOX21417,0,0,0,0,0,0,0,0,0,0,0,0,149.146,-0.6035,2,4,83.6
CCC(CC)CO,TOX21416,0,,0,0,0,0,0,0,0,0,0,0,102.177,1.4149,1,1,20.23
Cc1cc(Br)ccc1NC(=O)CCl,TOX21411,0,,1,,,0,,1,,1,,1,262.534,2.93482,1,1,29.1
C=C(C)[C@@H]1CC=C(C)C(=O)C1,TOX21413,0,0,0,0,0,0,0,0,0,0,0,0,150.221,2.4879,0,1,17.07
O=C(CCl)NCO,TOX21412,0,0,0,0,0,0,0,1,0,0,0,0,123.539,-0.7088,2,2,49.33
O=C(O)COc1ccccc1/C=N/NC(=O)c1ccncc1,TOX26292,0,0,,0,0,0,0,,0,,0,0,299.286,1.3089,2,5,100.88
NCCC[C@H](N)CC(=O)N[C@H]1CNC(=O)[C@H]([C@H]2C[C@H](O)N=C(N)N2)NC(=O)/C(=C/NC(N)=O)NC(=O)[C@H](CO)NC(=O)[C@H](CO)NC1=O,TOX26290,0,0,0,0,0,0,0,,0,,0,0,685.7,-8.8828,15,15,392.86
O=C(CN1CCN(Cc2ccc3c(c2)OCO3)CC1)N1c2ccccc2Sc2ccccc21,TOX26296,0,0,1,0,0,0,,,0,0,0,0,459.571,4.3624,0,6,45.25
O=[N+]([O-])c1cccc(S(=O)(=O)NCCNS(=O)(=O)c2cccc([N+](=O)[O-])c2)c1,TOX26297,0,0,0,0,0,0,0,1,0,0,,0,430.42,0.7598,2,8,178.62
CCN(CC)CCOC(=O)C(C)(c1ccccc1)c1ccccc1,TOX26294,0,0,0,0,0,0,0,0,0,0,,0,325.452,3.8776,0,3,29.54
OC(C#CCN1CCCC1)(c1ccccc1)c1ccccc1,TOX26295,0,0,,0,0,0,0,0,0,0,,0,291.394,3.0217,1,2,23.47
O=C1NC(=O)[C@H]2[C@@H]1[C@@H]1C=C[C@H]2C1,TOX26298,0,0,0,0,0,0,0,,0,,0,0,163.176,0.0811,1,2,46.17
CCCOC(=O)c1ccc(N)cc1,TOX26299,0,0,,0,,0,0,0,0,0,0,0,179.219,1.8356,1,3,52.32
CCCOC(=O)c1cncn1C(C)c1ccccc1,TOX31599,,,,,,,,0,,0,,,258.321,3.0592,0,4,44.12
SCCCCCCCCS,TOX27474,0,0,0,0,0,0,0,,0,0,0,0,178.366,3.1866,2,2,0
C#CC1(O)CC[C@H]2[C@@H]3CCC4=CC(=O)CC[C@@H]4[C@H]3CC[C@@]21CC,TOX27477,1,1,0,1,1,1,,1,0,0,,0,312.453,3.8826,1,2,37.3
c1csc(SSc2cccs2)c1,TOX27476,0,0,0,,1,0,,0,0,1,0,0,230.404,4.609,0,4,0
Nc1ccc2c(c1)CN1C(=O)c3ccccc3C1=N2,TOX31591,,,,,,,,0,,0,,,249.273,2.3165,1,3,58.69
COc1cc(S(N)(=O)=O)cc(C(=O)O)c1OC,TOX31590,,,,,,,,0,,0,,,261.255,0.0494,2,5,115.92
CC(=O)N1CCN(c2ccc(O)cc2)CC1,TOX31593,,,,,,,,1,,0,,,220.272,1.0607,1,3,43.78
CCc1ccc(C2CCNCC2)cc1,TOX31592,,,,,,,,0,,0,,,189.302,2.716,1,1,12.03
COc1ccccc1N1CCN(CC(O)COc2cc(OC)c(OC)c(OC)c2)CC1,TOX31595,,,,,,,,0,,0,,,432.517,2.2829,1,8,72.86
CCN(CC)c1ccc(C(=C2C=CC(=[N+](CC)CC)C=C2)c2cc(S(=O)(=O)[O-])ccc2S(=O)(=O)[O-])cc1,TOX31594,,,,,,,,0,,0,,,543.687,3.7622,0,7,120.65
CN1CCN(N)CC1,TOX31597,,,,,,,,0,,0,,,115.18,-0.8925,1,3,32.5
Nc1nc(=O)n([C@@H]2O[C@H](CO)[C@@H](O)[C@@H]2F)cc1I,TOX31596,,,,,,,,0,,0,,,371.106,-0.9812,3,7,110.6
CC(=O)OC(C)C,TOX5478,0,0,0,,,0,0,0,0,0,0,0,102.133,0.9579,0,2,26.3
C=CC(C)(O)CCCC(C)CCCC(C)CCCC(C)C,TOX5474,0,0,0,0,0,0,0,0,0,0,0,0,296.539,6.3625,1,1,20.23
CCCCCCCCCCCCCCN(C)C,TOX6927,0,0,0,0,0,0,0,0,0,0,0,0,241.463,5.2491,0,1,3.24
CCCCCCCCCCCCCCO,TOX6926,0,0,0,0,0,0,0,0,0,0,0,0,214.393,4.6798,1,1,20.23
CCCCCCCCCCCCCCCCN(C)C,TOX6924,0,0,0,0,0,0,0,0,0,0,0,0,269.517,6.0293,0,1,3.24
OCCOCCOCCOCCO,TOX6922,0,0,0,0,0,0,1,0,0,0,0,0,194.227,-0.9792,2,5,68.15
CCCCCCOCCOCCO,TOX6921,0,0,0,0,0,0,0,0,0,0,0,0,190.283,1.5922,1,3,38.69
CC(C)CC(C)CC(O)CC(C)C,TOX9159,0,0,0,0,0,0,0,0,0,0,0,0,186.339,3.4657,1,1,20.23
OCCN1CCN(CCO)CC1,TOX9158,0,0,0,0,0,0,0,0,0,0,0,0,174.244,-1.4114,2,4,46.94
CCCCCC(C=O)=Cc1ccccc1,TOX9157,0,0,0,0,1,0,0,0,0,0,0,0,202.297,3.8492,0,1,17.07
O=C1CCCC1,TOX9154,0,0,0,0,0,0,0,0,0,0,0,0,84.118,1.1295,0,1,17.07
O=C(OCc1ccccc1)c1ccccc1,TOX9153,0,0,0,0,0,0,0,0,0,0,0,0,212.248,3.0436,0,2,26.3
COc1ccc(C)cc1[N+](=O)[O-],TOX9152,0,0,0,0,0,0,0,0,0,0,0,0,167.164,1.91182,0,3,52.37
CCC(N)(CO)CO,TOX9150,0,0,0,0,0,0,0,0,0,0,0,0,119.164,-0.9215,3,3,66.48
COC(=O)C1=C(C)NC(C)=C(C(=O)OC)C1c1ccccc1[N+](=O)[O-],TOX5715,0,0,1,1,0,0,0,0,0,0,0,0,346.339,2.1756,1,7,107.77
O=C1c2ccccc2C(=O)C1(O)O,TOX5716,0,0,1,,0,0,,,0,0,1,1,178.143,-0.2535,2,4,74.6
O=C(Cl)C(Cl)(Cl)Cl,TOX14070,0,0,0,0,0,0,0,0,0,0,0,0,181.833,2.122,0,1,17.07
CCC/C=C/C=C/C(=O)O[C@H]1/C(=C/C(=O)OC)C[C@H]2C[C@H]([C@@H](C)O)OC(=O)C[C@H](O)C[C@@H]3C[C@H](OC(C)=O)C(C)(C)[C@](O)(C[C@@H]4C/C(=C/C(=O)OC)C[C@H](C=CC(C)(C)[C@]1(O)O2)O4)O3,TOX26876,0,,0,0,,,0,,,,1,,905.044,4.2799,4,17,240.11
Oc1ccc([Hg]Cl)cc1,TOX26872,0,,0,,,1,1,,1,,,1,329.148,1.2538,1,1,20.23
COC(COC(N)=O)C1=C(N2CC2)C(=O)C(C)=C(N2CC2)C1=O,TOX26870,0,,,,,0,,,0,,0,1,321.333,-0.5922,1,7,101.71
CC1C(=O)CC2C3(C)CCC2(C(C)C(=O)O)C(=O)C13,TOX26871,0,0,0,0,0,0,0,,0,,0,0,264.321,1.9176,1,3,71.44
COC(=O)CC(=O)C(C)(C)C,TOX22149,0,0,0,0,0,0,0,0,0,0,0,0,158.197,1.1647,0,3,43.37
COC(=O)c1cc(Cl)cc(Cl)c1,TOX22146,0,0,0,0,0,0,0,0,0,0,0,0,205.04,2.78,0,2,26.3
COC(=O)C(Br)CBr,TOX22145,0,0,0,,0,0,,,,0,0,0,245.898,1.3178,0,2,26.3
COC(=O)Cc1cccc2ccccc12,TOX22143,0,0,0,0,0,0,0,0,0,0,0,0,200.237,2.5553,0,2,26.3
Cc1cccc(NC(=S)N(C)C)c1,TOX22140,0,0,,0,0,0,0,,0,,,0,194.303,2.25342,1,1,15.27
Nc1cccc(N)n1,TOX20127,0,0,1,0,0,0,0,0,0,0,1,0,109.132,0.246,2,3,64.93
Nc1ncnc2c1ncn2[C@@H]1O[C@@H]2COP(=O)(O)O[C@H]2[C@H]1O,TOX20436,0,0,0,0,0,0,0,0,0,0,0,0,329.209,-0.8174,3,10,154.84
CCCCCCCCCCCC[N+](C)(C)Cc1ccccc1,TOX28624,0,,0,1,,0,,,,,1,,304.542,6.1839,0,0,0
CC(C)(CO)[C@@H](O)C(=O)NCCC(=O)[O-].CC(C)(CO)[C@@H](O)C(=O)NCCC(=O)[O-],TOX20438,1,1,0,,0,0,0,,0,,0,0,436.458,-4.756,6,10,219.38
Nc1nc(=O)n([C@@H]2CS[C@H](CO)O2)cc1F,TOX20129,0,0,0,0,0,0,0,,0,,0,0,247.251,-0.455,2,7,90.37
NCCCC[C@H](NC(=O)[C@@H]1CCCN1C(=O)[C@@H]1CSSC[C@H](NC(=O)CNC(=O)CNC(=O)CN)C(=O)N[C@@H](Cc2ccc(O)cc2)C(=O)N[C@@H](Cc2ccccc2)C(=O)N[C@@H](CCC(N)=O)C(=O)N[C@@H](CC(N)=O)C(=O)N1)C(=O)NCC(N)=O,TOX28878,0,0,0,0,0,0,0,,0,,0,0,1227.395,-6.9805,16,19,512.85
C[C@]12CC[C@@H]3c4ccc(OC(=O)N(CCCl)CCCl)cc4CC[C@H]3[C@@H]1CC[C@@H]2OP(=O)([O-])[O-],TOX28879,1,,0,0,1,1,0,,0,,0,1,518.374,4.035,0,6,101.96
NC1(c2ccc(-c3nc4ccn5c(=O)[nH]nc5c4cc3-c3ccccc3)cc2)CCC1,TOX28874,0,,0,0,0,,0,0,0,0,1,,407.477,4.2427,2,5,89.07
Cc1nnc(C(C)C)n1C1C[C@H]2CC[C@H](C1)N2CC[C@H](NC(=O)C1CCC(F)(F)CC1)c1ccccc1,TOX28875,0,0,0,0,0,0,0,,0,,0,0,513.677,5.95092,1,5,63.05
COc1cc2c(c(OC)c1OC)-c1c(cc3c(c1OC)OCO3)C[C@@H](C)[C@](C)(O)C2,TOX28876,0,0,1,0,0,0,0,,0,,0,0,416.47,3.6024,1,7,75.61
Cn1cnc2c(F)c(Nc3ccc(Br)cc3Cl)c(C(=O)NOCCO)cc21,TOX28870,0,0,,,1,1,0,,0,0,0,0,457.687,3.5256,3,6,88.41
O=C(NOCC1CC1)c1ccc(F)c(F)c1Nc1ccc(I)cc1Cl,TOX28871,0,0,0,,,0,0,,,,1,1,478.664,5.0378,2,3,50.36
CCCCCCCCCCCCCCCCCCOP(=O)([O-])OC1CC[N+](C)(C)CC1,TOX28872,0,0,0,0,0,0,0,,0,,0,0,461.668,6.9883,0,4,58.59
COc1cc2c(N3CCN(C(=O)Nc4ccc(OC(C)C)cc4)CC3)ncnc2cc1OCCCN1CCCCC1,TOX28873,0,,,,0,,0,1,,0,,1,562.715,5.0345,1,8,92.29
ClC=C(Cl)Cl,TOX1382,0,0,0,0,0,0,0,0,0,0,,0,131.389,2.5017,0,0,0
ClCC(Cl)Cl,TOX1380,0,0,0,0,,0,0,,0,0,0,0,133.405,2.0289,0,0,0
CC(Cl)(Cl)Cl,TOX1381,0,0,0,0,0,0,0,0,0,0,0,0,133.405,2.3765,0,0,0
Oc1c(Cl)cc(Cl)cc1Cl,TOX1386,0,0,,0,0,0,0,1,0,0,1,0,197.448,3.3524,1,1,20.23
CC(Oc1cc(Cl)c(Cl)cc1Cl)C(=O)O,TOX1387,0,0,0,0,0,0,1,0,0,0,,0,269.511,3.4987,1,2,46.53
FC(Cl)(Cl)Cl,TOX1384,1,1,0,0,0,0,0,0,0,0,,0,137.368,2.2836,0,0,0
O=C1c2ccccc2C(=O)N1SC(Cl)(Cl)Cl,TOX1385,0,0,0,,,0,0,1,0,,1,1,296.562,3.2585,0,3,37.38
O=C(O)COc1cc(Cl)c(Cl)cc1Cl,TOX1388,0,0,0,0,0,0,0,1,0,0,,0,255.484,3.1102,1,2,46.53
COP(=O)(OC)C(O)C(Cl)(Cl)Cl,TOX1389,0,,0,0,0,0,0,1,0,0,0,0,257.437,2.1609,1,4,55.76
CC(=O)OCC(=O)[C@@]1(OC(C)=O)[C@@H](C)C[C@H]2[C@@H]3C[C@H](F)C4=CC(=O)C=C[C@]4(C)[C@@]3(F)[C@@H](O)C[C@@]21C,TOX25646,1,1,,,,0,0,0,0,0,1,0,494.531,2.9853,1,7,106.97
CN(C)C1CCCCC1,TOX6633,0,0,0,0,,0,0,0,0,0,,0,127.231,1.8807,0,1,3.24
O=C(Cl)c1ccccc1,TOX6631,0,0,0,0,0,0,0,0,0,0,0,0,140.569,2.0656,0,1,17.07
C[C@@H](N)C(=O)O,TOX25649,,,,,,,,0,,,,,89.094,-0.5818,2,2,63.32
CCOP(=S)(OCC)SC(CCl)N1C(=O)c2ccccc2C1=O,TOX17522,0,0,1,0,1,1,0,1,0,0,,,393.854,3.8782,0,6,55.84
CCOP(=O)(OCC)Oc1cc(C)nc(C(C)C)n1,TOX17523,0,0,0,0,0,0,0,,0,0,0,0,288.284,3.46832,0,6,70.54
CCOc1ccc(NC(=O)OC(C)C)cc1OCC,TOX17527,0,0,,0,0,0,0,0,0,0,0,0,267.325,3.4409,1,4,56.79
CCCCCCCCS(=O)C(C)Cc1ccc2c(c1)OCO2,TOX1168,0,0,1,,,0,,1,0,,0,,324.486,4.4555,0,3,35.53
CC(=O)c1ccccn1,TOX4409,0,0,0,0,0,0,0,0,0,0,0,0,121.139,1.2842,0,2,29.96
CCCCOCCOCCOCc1cc2c(cc1CCC)OCO2,TOX1166,0,0,1,0,0,0,0,0,0,0,,0,338.444,3.7177,0,5,46.15
C1CCNCC1,TOX1165,0,0,0,0,,,0,0,0,0,0,0,85.15,0.7599,1,1,12.03
CC[C@@H]1C(=O)OC[C@@H]1Cc1cncn1C,TOX1162,0,0,0,0,0,0,0,0,0,0,0,0,208.261,1.1618,0,4,44.12
C[C@@H]1CC=CC=CC=CC=C[C@H](O[C@@H]2O[C@H](C)[C@@H](O)[C@H](N)[C@@H]2O)C[C@@H]2O[C@](O)(C[C@@H](O)C[C@H]3O[C@@H]3C=CC(=O)O1)C[C@H](O)[C@H]2C(=O)O,TOX1163,0,0,0,0,0,0,0,,0,,0,0,665.733,0.1197,7,13,230.99
Nc1c(Cl)c(Cl)nc(C(=O)O)c1Cl,TOX1160,0,0,1,0,0,0,0,0,0,0,0,0,241.461,2.3222,2,3,76.21
C=C(C)C(=O)OCCO,TOX2128,0,0,0,0,0,0,0,0,0,0,0,0,130.143,0.098,1,3,46.53
C=CC(=O)OCCO,TOX2123,0,0,0,0,1,0,0,1,0,0,0,0,116.116,-0.2921,1,3,46.53
O=P(c1ccccc1)(c1ccccc1)c1ccccc1,TOX2121,0,0,0,0,0,0,0,0,0,0,0,0,278.291,3.326,0,1,17.07
CCOP(=S)(OCC)SCSc1ccc(Cl)cc1,TOX2120,0,0,1,0,1,0,0,0,0,,0,0,342.875,5.4203,0,5,18.46
Oc1ccc(Oc2ccccc2)cc1,TOX2127,0,0,0,,1,1,,1,0,0,1,,186.21,3.1845,1,2,29.46
C#CC(O)CCCCC,TOX2124,0,0,0,0,0,0,0,0,0,0,,0,126.199,1.5608,1,1,20.23
CC(C)(C)NC(=O)[C@@H]1C[C@@H]2CCCC[C@@H]2CN1C[C@@H](O)[C@H](Cc1ccccc1)NC(=O)[C@H](CC(N)=O)NC(=O)c1ccc2ccccc2n1,TOX3835,0,0,0,,,0,,,,,1,,670.855,3.0924,5,7,166.75
C[Si](C)=O,TOX3833,0,0,0,0,0,0,0,0,0,0,,0,74.155,0.668,0,1,17.07
CCOc1cc([N+](=O)[O-])c(OCC)cc1N1CCOCC1,TOX24737,0,0,,1,0,0,0,0,0,0,,0,296.323,2.2288,0,6,74.07
O=S(=O)([O-])c1cccc(S(=O)(=O)[O-])c1,TOX24735,0,0,0,0,0,0,0,,0,,0,0,236.226,-0.5052,0,6,114.4
CN(C)CCOCCN(C)CCO,TOX24734,0,0,0,0,0,0,0,0,0,0,0,0,190.287,-0.5113,1,4,35.94
O=C([O-])c1cccc([N+](=O)[O-])c1,TOX24733,0,0,0,0,0,0,0,0,0,0,0,0,166.112,-0.0417,0,4,83.27
O=C1NC(=O)c2cccc3cccc1c23,TOX24731,0,0,1,0,0,0,0,1,0,0,1,,197.193,1.7234,1,2,46.17
CCOC(=O)C1=NN(c2ccccc2)C(=O)C1,TOX24738,0,,0,0,0,0,1,0,0,0,,0,232.239,1.3424,0,4,58.97
C=C[Si]1(C)O[Si](C)(C=C)O[Si](C)(C=C)O[Si](C)(C=C)O1,TOX18808,0,0,0,0,0,0,0,0,0,1,0,0,344.664,3.2552,0,4,36.92
CCCCOC(=O)CCC(C)=O,TOX18800,0,0,0,0,0,0,0,0,0,0,0,0,172.224,1.6989,0,3,43.37
c1ccc(CNc2ncnc3c2ncn3C2CCCCO2)cc1,TOX18801,0,0,1,,1,0,0,0,1,0,0,0,309.373,3.1375,1,6,64.86
Cc1ccc(N)c([N+](=O)[O-])c1,TOX5632,0,0,0,0,1,0,0,0,0,0,0,0,152.153,1.48542,1,3,69.16
ClCC=CCCl,TOX28123,0,0,0,,0,0,0,,0,0,0,0,124.998,2.0202,0,0,0
Cc1ccc([N+](=O)[O-])c(N)c1,TOX5634,0,0,0,0,0,0,0,0,0,,0,0,152.153,1.48542,1,3,69.16
CNc1ccc([N+](=O)[O-])cc1,TOX5635,,,,,1,0,0,0,0,,0,0,152.153,1.6365,1,3,55.17
Nc1ccc(/N=N/c2ccc(N)cc2)cc1,TOX399,,0,,,0,0,,1,1,0,1,0,212.256,3.2664,2,4,76.76
CC1=CCC2CC1C2(C)C,TOX6501,0,0,0,0,0,0,0,0,0,0,0,0,136.238,2.9987,0,0,0
CC(=O)NNC(C)=O,TOX390,0,0,0,0,0,0,0,0,0,0,,0,116.12,-0.8264,2,2,58.2
C=CCOC(=O)c1ccccc1C(=O)OCC=C,TOX392,0,0,0,1,0,0,0,0,0,0,0,0,246.262,2.3722,0,4,52.6
Oc1cccc(O)c1O,TOX5983,0,0,1,0,1,1,0,0,0,0,1,1,126.111,0.8034,3,3,60.69
S=C1NCCN1,TOX601,0,0,0,0,0,0,0,1,0,0,0,0,102.162,-0.5359,2,1,24.06
O=[N+]([O-])c1ccc2c(c1)Cc1ccccc1-2,TOX971,0,0,1,,1,0,0,1,0,0,1,0,211.22,3.166,0,2,43.14
COC(=O)c1cc(Cl)ccc1OC,TOX31509,,,,,,,,0,,0,,,200.621,2.1352,0,3,35.53
CCCCC(CC)COC(=O)CCCCC(=O)OCC(CC)CCCC,TOX606,0,0,0,0,0,0,0,0,0,0,,0,370.574,6.066,0,4,52.6
O=c1c(-c2ccccc2)c1-c1ccccc1,TOX26545,0,,0,,0,0,1,,,,1,1,206.244,3.2564,0,1,17.07
O=C(OCc1ccccc1)c1cccnc1,TOX26542,0,0,0,0,0,0,0,,0,,,0,213.236,2.4386,0,3,39.19
O=C1CN(N=Cc2ccc([N+](=O)[O-])o2)C(=O)N1,TOX972,0,,0,,0,0,,1,0,0,1,0,238.159,0.0735,1,6,118.05
O=C(O)c1ccc[n+]([O-])c1,TOX26543,,,,,,,,0,,0,,,139.11,0.0182,1,2,64.24
OC1OC[C@@H](O)[C@H](O)[C@@H]1O,TOX26540,0,0,0,0,0,0,0,,0,,0,0,150.13,-2.5823,4,5,90.15
NC(=O)CCCCC1CCSS1,TOX26541,0,0,0,0,1,1,0,0,0,0,0,0,205.348,2.1858,1,3,43.09
CCOC(=O)CC#N,TOX6718,0,0,0,0,0,0,0,0,0,0,0,0,113.116,0.46318,0,3,50.09
CCCC(C)CO,TOX6714,,0,,0,0,0,0,0,0,0,0,0,102.177,1.4149,1,1,20.23
CCOC(=O)CCl,TOX6715,0,0,0,0,0,0,0,,0,0,0,0,122.551,0.7883,0,2,26.3
COC(=O)CC(C)=O,TOX6716,0,0,0,0,0,0,0,0,0,0,0,0,116.116,0.1385,0,3,43.37
COc1ccc(C)cc1,TOX6710,0,0,0,0,0,0,0,0,0,0,,0,122.167,2.00362,0,1,9.23
CCc1ccc(CC)cc1,TOX6711,0,0,0,0,0,0,0,0,0,0,0,0,134.222,2.8114,0,0,0
OCC1CCC(CO)CC1,TOX6712,0,0,0,0,0,0,0,0,0,0,0,0,144.214,0.7774,2,2,40.46
C=C(C)C(=O)OCCN(CC)CC,TOX6713,0,0,0,0,0,0,0,0,0,0,0,0,185.267,1.4475,0,3,29.54
CCN(CC)CCOCCOC(=O)C(CC)(CC)c1ccccc1.O=C(O)CC(O)(CC(=O)O)C(=O)O,TOX26608,0,0,0,0,1,1,0,,0,,,0,527.611,2.3975,4,8,170.9
O=P([O-])([O-])OC[C@@]1(O)O[C@H](COP(=O)([O-])O)[C@@H](O)[C@@H]1O,TOX26601,0,0,0,0,1,,0,,0,,0,0,337.09,-4.8818,4,11,211.93
CN1CCN(c2c(F)cc3c(=O)c(C(=O)O)cn4c3c2OCN4C)CC1,TOX26600,0,0,0,0,1,0,0,0,0,0,,0,362.361,0.5083,1,7,78.25
NC1CCCCC1.NC1CCCCC1.O=P(O)(O)OC[C@H](O)CO,TOX26603,0,0,0,0,0,0,0,,0,,0,0,370.427,1.0045,6,6,159.26
O=c1[nH]c(=O)n([C@H]2C[C@H](O)[C@@H](CO)O2)cc1C(F)(F)F,TOX26602,0,0,0,0,,0,,,0,,0,1,296.201,-0.8039,3,6,104.55
CCC(=O)O.CCC(=O)O.O=C(Nc1cccc(C2=NCCN2)c1)Nc1cccc(C2=NCCN2)c1,TOX26604,0,0,0,0,,0,0,0,0,0,0,0,496.568,2.9922,6,7,164.51
O=S(=O)([O-])CC(S)CS,TOX26607,0,0,0,0,0,0,0,,0,,0,0,187.287,-0.2402,2,5,57.2
CCCCCCCCCCCCCC[N+](C)(C)Cc1ccccc1,TOX26606,0,,0,,,0,0,,,0,1,,332.596,6.9641,0,0,0
CCC(CC)Nc1c([N+](=O)[O-])cc(C)c(C)c1[N+](=O)[O-],TOX4245,0,0,0,1,1,0,0,0,0,0,1,0,281.312,3.72034,1,5,98.31
Brc1ccc(Oc2cc(Br)c(Br)cc2Br)c(Br)c1,TOX4246,0,0,1,0,1,0,0,0,0,0,1,0,564.691,7.2914,0,1,9.23
Clc1cc(Cl)c(Cl)c(Cl)c1Cl,TOX4247,0,0,0,0,0,0,0,0,0,0,0,0,250.339,4.9536,0,0,0
CCOc1cc(Oc2ccc(C(F)(F)F)cc2Cl)ccc1[N+](=O)[O-],TOX4241,0,0,0,0,,0,0,1,0,0,,0,361.703,5.458,0,4,61.6
CC(C)(C)C(O)C(Cc1ccc(Cl)cc1)n1cncn1,TOX4242,0,0,0,0,,0,0,0,0,0,0,0,293.798,3.1223,1,4,50.94
O=C(O)c1ccccc1OP(=O)(O)O,TOX25394,0,0,0,0,0,0,0,0,0,0,0,0,218.101,0.8563,3,3,104.06
COc1c2c(cc3c1OCO3)CCN(C)C2,TOX25392,0,0,0,0,0,0,0,0,0,0,,0,221.256,1.4118,0,4,30.93
CCCCOc1cc(C(=O)OCCN(CC)CC)ccc1N,TOX25393,0,0,1,0,0,0,0,,0,0,0,0,308.422,2.9463,1,5,64.79
CN(C)CCOC(=O)C(c1ccccc1)C1(O)CCCC1,TOX25390,0,0,0,0,0,0,0,0,0,0,0,0,291.391,2.1801,1,4,49.77
CC(C)CC(NC(=O)CNC(=O)[C@H](Cc1ccc(O)cc1)NC(=O)[C@@H](CO)NC(=O)[C@@H](Cc1c[nH]c2ccccc12)NC(=O)[C@@H](Cc1c[nH]cn1)NC(=O)[C@H]1CCC(=O)N1)C(=O)N[C@H](CCCNC(=N)N)C(=O)N1CCC[C@@H]1C(=O)NCC(N)=O,TOX28880,0,0,0,0,0,0,0,0,0,0,0,0,1182.311,-4.17773,17,15,472.13
C[C@]12CC[C@H]3[C@H]([C@@H]1[C@@H]1C[C@@H]1[C@@]21CCC(=O)O1)[C@H]1C[C@H]1C1=CC(=O)CC[C@@]13C,TOX26465,1,1,0,0,,0,,,0,0,,0,366.501,4.3059,0,3,43.37
NC(=O)OCCCc1ccccc1,TOX26464,0,0,0,0,0,0,0,0,0,0,0,0,179.219,1.7145,1,2,52.32
C[C@H]1CNc2c(cccc2S(=O)(=O)N[C@@H](CCCNC(=N)N)C(=O)N2CC[C@@H](C)C[C@@H]2C(=O)O)C1,TOX26467,0,0,0,0,0,0,0,0,0,0,,0,508.645,0.91257,6,6,177.71
CC(C)NCC(O)c1cc(O)cc(O)c1.CC(C)NCC(O)c1cc(O)cc(O)c1,TOX25391,,,,,,,,0,,0,,,422.522,2.2584,8,8,145.44
COC(=O)c1ccccc1C(=O)c1ccc(OCCN2CCCCC2)cc1,TOX26461,1,0,0,0,0,0,0,0,0,0,0,0,367.445,3.5689,0,5,55.84
C[C@@H]1C[C@H]2[C@@H]3C[C@H](F)C4=CC(=O)C(Cl)=C[C@]4(C)[C@@]3(F)[C@@H](O)C[C@]2(C)[C@@]1(O)C(=O)CO,TOX26460,1,1,0,,0,0,0,0,0,0,,0,444.902,2.4102,3,5,94.83
CC(C)OC(=O)C(C(=O)OC(C)C)=C1SC=CS1,TOX26463,0,0,,0,0,0,0,,0,0,1,0,288.39,3.0524,0,6,52.6
CN[C@@H]1[C@@H](O)[C@@H](O[C@@H]2[C@@H](O)[C@H](O[C@H]3O[C@H](CN)[C@@H](O)[C@H](O)[C@H]3O)[C@@H](N)C[C@H]2NC(=O)C(O)CN)OC[C@]1(C)O,TOX26462,1,0,0,,0,0,0,,0,,0,0,569.609,-7.5244,12,16,297.72
Cc1ccnc2c1NC(=O)c1cccnc1N2C1CC1,TOX10787,0,0,0,0,0,0,0,0,0,0,0,0,266.304,2.65122,1,4,58.12
Cc1cc(-n2c(=O)[nH]c(=O)n(C)c2=O)ccc1Oc1ccc(S(=O)(=O)C(F)(F)F)cc1,TOX28884,0,,0,0,,0,,,0,,0,0,457.386,1.61872,1,8,120.23
CCOC(=O)[C@H](CCc1ccccc1)N[C@H]1CCCN2CCC[C@@H](C(=O)O)N2C1=O,TOX28555,0,0,0,0,0,0,0,,0,,0,0,417.506,1.5955,2,6,99.18
CC(=O)Nc1c(I)c(NC(C)=O)c(I)c(C(=O)O)c1I,TOX28886,0,0,0,0,0,0,0,0,0,0,0,0,613.915,3.1154,3,3,95.5
CCOC(=O)NCCC[Si](OCC)(OCC)OCC,TOX24856,0,0,0,0,0,0,0,0,0,0,0,0,293.436,2.171,1,5,66.02
CCO[Si](CC(C)C)(OCC)OCC,TOX24857,0,0,0,0,0,0,,0,0,0,1,0,220.385,2.6908,0,3,27.69
Cc1ccccc1C(OCCN(C)C)c1ccccc1.O=C(O)CC(O)(CC(=O)O)C(=O)O,TOX24678,0,0,0,0,0,0,0,0,0,0,,0,461.511,2.41412,4,6,144.6
COc1cccc(C(=O)CCN[C@@H](C)[C@H](O)c2ccccc2)c1,TOX28558,0,0,0,,0,0,0,1,0,,0,,313.397,2.9797,2,4,58.56
O=[N+]([O-])C(Br)(CO)CO,TOX4652,0,0,0,0,0,0,0,1,0,,0,0,199.988,-0.6611,2,4,83.6
OCCCBr,TOX4657,0,0,0,0,0,0,0,0,0,0,0,0,138.992,0.7637,1,1,20.23
Cc1cccc(Br)c1,TOX4659,0,0,0,0,0,0,0,0,0,,0,0,171.037,2.75752,0,0,0
BrCc1ccccc1,TOX4658,0,0,0,0,,0,0,0,0,0,0,0,171.037,2.5815,0,0,0
CCC(=O)Oc1ccc2c(c1)CC[C@@H]1[C@@H]2CC[C@@]2(C)[C@H]1C[C@@H](OC(=O)CC)[C@@H]2OC(=O)CC,TOX31478,,,,,,,,0,,0,,,456.579,5.1116,0,6,78.9
C[C@@H]1C[C@H]2[C@@H]3CCC4=CC(=O)C=C[C@]4(C)[C@@]3(F)[C@@H](O)C[C@]2(C)[C@@]1(O)C(=O)COC(=O)c1ccncc1,TOX31479,,,,,,,,0,,0,,,497.563,3.1554,2,7,113.79
CC1=C(C(=O)O)N2C(=O)[C@@H](N)[C@H]2SC1,TOX31476,,,,,,,,0,,0,,,214.246,-0.4126,2,4,83.63
CC(=O)/C=C/C=C1/C2CCC(C2)C1(C)C,TOX31477,,,,,,,,0,,0,,,204.313,3.5141,0,1,17.07
CC1(C)OC(=O)Nc2ccc(Br)cc21,TOX31474,,,,,,,,0,,0,,,256.099,3.2463,1,2,38.33
O=C(O)Cn1cnnn1,TOX31475,,,,,,,,0,,0,,,128.091,-1.2423,1,5,80.9
NS(=O)(=O)c1cc2c(cc1Cl)CN(C1CCCCC1)C2=O,TOX31472,,,,,,,,0,,0,,,328.821,2.2759,1,3,80.47
O=Cc1ccc(O)c(O)c1O,TOX31473,,,,,,,,1,,1,,,154.121,0.6159,3,4,77.76
CCCCCCOC(=O)/N=C(/N)c1ccc(NCc2nc3cc(C(=O)N(CCC(=O)OCC)c4ccccn4)ccc3n2C)cc1,TOX31470,,,,,,,,,,0,,,627.746,5.6026,2,9,154.03
Cc1ccc(CCn2c3c(c4cc(Cl)ccc42)CN(C)CC3)cn1,TOX31471,,,,,,,,,,0,,,339.87,4.22872,0,3,21.06
C[N+]1(C)[C@H]2C[C@H](OC(=O)[C@H](CO)c3ccccc3)C[C@@H]1[C@H]1O[C@@H]21,TOX20608,0,0,0,0,0,0,0,0,0,0,0,0,318.393,1.0627,1,4,59.06
COP(=S)(NC(C)C)Oc1ccc(C)cc1[N+](=O)[O-],TOX21600,0,0,1,,1,1,0,0,0,0,,0,304.308,3.15092,1,5,73.63
CCCCCOC(=O)CCC,TOX21604,0,0,0,0,0,0,0,0,0,0,,0,158.241,2.5199,0,2,26.3
c1cncc([C@@H]2CCCCN2)c1,TOX21607,0,0,0,0,0,0,0,0,0,0,0,0,162.236,1.8962,1,2,24.92
CCOC(=O)C(Br)c1ccccc1,TOX21951,0,0,0,0,0,0,0,,0,0,0,0,243.1,2.6857,0,2,26.3
CCCCCC(=O)CC,TOX21954,0,0,0,0,0,0,0,0,0,0,0,0,128.215,2.5458,0,1,17.07
CCN(CCO)CCO,TOX21955,0,0,0,0,0,0,0,1,0,0,,0,133.191,-0.7071,2,3,43.7
COc1ccc(C2CNC(=O)C2)cc1OC1CCCC1,TOX24124,0,0,0,0,0,0,0,0,0,0,0,0,275.348,2.6201,1,3,47.56
CCOC(OCC)OCC,TOX21957,0,0,0,0,0,0,0,0,0,0,0,0,148.202,1.3795,0,3,27.69
CCOC(=O)C(F)(F)F,TOX21959,0,0,0,0,0,0,0,0,0,0,0,0,142.076,1.1118,0,2,26.3
C=C[C@@H](C)CCC=C(C)C,TOX27236,0,0,0,0,0,0,0,0,0,0,0,0,138.254,3.5549,0,0,0
NC1=NC(=O)N2CC12,TOX26895,0,0,0,0,0,0,0,,0,,0,0,111.104,-0.8386,1,2,58.46
SCCSCCS,TOX24660,0,0,0,0,0,0,0,0,0,0,0,0,154.325,1.5792,2,3,0
Cc1cccc(C)c1NC(=O)c1ccc(N)cc1,TOX31271,,,,,,,,0,,0,,,240.306,3.13794,2,2,55.12
CCCCNC(C)(C)[PH](=O)O,TOX28607,0,0,0,0,0,0,0,,0,,0,0,179.2,1.5792,2,2,49.33
N[C@@H](Cc1cc(I)c(O)c(I)c1)C(=O)O,TOX28606,0,0,0,0,0,0,0,0,0,0,0,0,432.983,1.5558,3,3,83.55
CN(C(=O)Cc1ccc(Cl)c(Cl)c1)[C@H]1CC[C@@]2(CCCO2)C[C@@H]1N1CCCC1,TOX28605,0,0,0,,,0,0,0,0,0,0,0,425.4,4.5604,0,3,32.78
CCC[C@@H]1C[C@@H](C(=O)N[C@H]([C@H](C)Cl)[C@H]2O[C@H](SC)[C@H](OP(=O)(O)O)[C@@H](O)[C@H]2O)N(C)C1,TOX28603,0,0,0,0,0,0,0,,0,,0,0,504.97,0.5065,5,8,148.79
O=C1CC2(CCCC2)CC(=O)N1CCNCC1COc2ccccc2O1,TOX28602,0,0,0,,,0,,0,0,0,0,0,358.438,2.1254,1,5,67.87
O=C(C(=O)c1ccccc1)c1ccccc1,TOX24380,0,0,0,0,0,0,0,0,0,0,,0,210.232,2.7522,0,2,34.14
N=C(N)c1ccc(OCCCOc2ccc(C(=N)N)cc2)cc1,TOX28600,0,0,0,,0,0,0,1,0,0,0,0,312.373,2.10264,4,4,118.2
CC(=C(CCO)SSC(CCO)=C(C)N(C=O)Cc1cnc(C)nc1N)N(C=O)Cc1cnc(C)nc1N,TOX26890,,0,0,0,0,0,0,0,0,0,0,0,562.722,2.27404,4,12,184.68
CCCCCCC#N,TOX1599,0,0,0,0,0,0,0,0,0,0,0,0,111.188,2.48038,0,1,23.79
O=C(O)CCCCCC(=O)O,TOX1598,0,0,0,0,0,0,0,,0,0,0,0,160.169,1.1061,2,2,74.6
COc1ccc(Nc2ccccc2)c(C)c1,TOX9364,0,0,1,0,0,0,0,0,0,0,1,0,213.28,3.74722,1,2,21.26
CCCC(=O)OC[C@@H](OC(=O)CCC)[C@@H](OC(=O)CCC)[C@H](Cn1c2nc(=O)[nH]c(=O)c-2nc2cc(C)c(C)cc21)OC(=O)CCC,TOX26892,1,,0,0,,0,0,,,0,1,,656.733,3.68044,1,13,185.84
CCO[Si](CCCSSSSCCC[Si](OCC)(OCC)OCC)(OCC)OCC,TOX9362,0,0,0,,0,0,,,0,0,,0,538.968,6.5412,0,10,55.38
C=COC(=O)C(C)(CC)CCC(C)C,TOX9369,0,0,0,0,0,0,0,0,0,0,0,0,198.306,3.5256,0,2,26.3
CC(CC1c2ccccc2CCc2ccccc21)CN(C)C,TOX2715,,,,,,,,,,0,,,293.454,4.5049,0,1,3.24
CCCC[N+]1(C)[C@H]2C[C@H](OC(=O)[C@H](CO)c3ccccc3)C[C@@H]1[C@H]1O[C@@H]21,TOX2718,0,0,0,0,0,0,0,0,0,0,0,0,360.474,2.233,1,4,59.06
C=CCN1C[C@H](C(=O)N(CCCN(C)C)C(=O)NCC)C[C@@H]2c3cccc4[nH]cc(c34)C[C@H]21,TOX2719,,,,,,,,0,,0,,,451.615,3.1939,2,4,71.68
CCCCCCCCSCC,TOX24662,0,0,0,0,0,0,0,0,0,0,0,0,174.353,4.1,0,1,0
O=S(O)CO[Na],TOX28956,0,0,0,0,1,0,0,,0,,0,0,118.089,-0.7343,1,2,46.53
C=COCCOCCOCCOC=C,TOX24986,0,0,0,0,0,0,0,0,0,0,0,0,202.25,1.3398,0,4,36.92
CCC(C)C(=O)O,TOX1621,0,0,0,0,0,0,0,0,0,0,0,0,102.133,1.1171,1,1,37.3
CC(C)CC#N,TOX1620,0,0,0,0,0,0,0,0,0,0,0,0,83.134,1.55608,0,1,23.79
Cc1ccc(C(=O)O)o1,TOX1627,0,0,0,0,0,0,0,0,0,0,0,0,126.111,1.28622,1,2,50.44
CC(C)c1ccc(CO)cc1,TOX1626,0,0,0,0,1,1,0,0,0,0,0,0,150.221,2.3023,1,1,20.23
CC(=O)CCC=C(C)C,TOX1629,0,0,0,0,0,0,0,0,0,0,0,0,126.199,2.3218,0,1,17.07
CCC(C)C(C(=O)OCC[N+](C)(CC)CC)c1ccccc1,TOX28953,0,0,0,0,0,0,0,,0,,0,0,306.47,3.8459,0,2,26.3
Nc1ncnc(Nc2ccc(Cl)cc2)n1,TOX28952,0,0,1,,1,0,0,,1,,0,0,221.651,1.8508,2,5,76.72
CN(C)CCCSc1ccccc1NC(=O)/C=C/c1ccccc1,TOX25653,0,0,0,,0,0,0,0,0,0,0,0,340.492,4.3823,1,3,32.34
CC(C)NCC(O)c1ccc(N)c(C#N)c1,TOX25652,0,0,0,0,0,0,0,0,0,0,0,0,219.288,1.17188,3,4,82.07
CN1C(=O)COc2c(C(=O)NC3CN4CCC3CC4)cc(Cl)cc21,TOX25651,0,0,0,,0,0,0,0,0,0,0,0,349.818,1.5192,1,4,61.88
C=C1C2CCC(C2)C1(C)C,TOX6488,0,0,0,0,0,0,0,0,0,0,0,0,136.238,2.9987,0,0,0
CC(C(O)c1ccc(O)cc1)N1CCC(Cc2ccccc2)CC1,TOX25656,0,0,0,0,0,0,0,0,0,0,,0,325.452,3.7688,2,3,43.7
O=C(O)CN1C(=O)c2cccc3cccc(c23)C1=O,TOX25655,0,0,0,0,0,0,0,0,0,0,0,0,255.229,1.5204,1,3,74.68
NP(N)(=O)NC(=O)c1ccc(F)cc1,TOX25654,0,0,0,0,,0,0,0,0,0,0,0,217.14,0.581,3,2,98.21
Clc1cccc(SC2CCNCC2)n1,TOX25659,0,0,0,0,0,0,0,0,0,0,0,,228.748,2.5791,1,3,24.92
CC(=O)OC1CN2CCC1CC2,TOX25658,0,0,0,0,0,0,0,,0,,,0,169.224,0.6437,0,3,29.54
CCCCC(CC)COC(=O)C(C#N)=C(c1ccccc1)c1ccccc1,TOX5299,0,0,0,1,0,0,0,1,0,0,,0,361.485,5.77168,0,3,50.09
CCCC=C(C=O)CC,TOX5295,0,0,0,0,0,0,0,0,0,0,0,0,126.199,2.3218,0,1,17.07
C=CC(=O)OCC(CC)CCCC,TOX5297,0,0,0,0,0,0,0,0,0,0,0,0,184.279,2.932,0,2,26.3
CCCCC(C=O)CC,TOX5291,0,0,0,0,0,0,0,0,0,0,0,0,128.215,2.4017,0,1,17.07
CCCC(O)C(CC)CO,TOX5292,0,0,0,0,0,0,0,0,0,0,0,0,146.23,1.1659,2,2,40.46
CCCCC(CC)C(=O)O,TOX5293,0,0,0,0,0,0,0,0,0,0,0,0,144.214,2.2874,1,1,37.3
O=[N+]([O-])c1ccc(-c2nnc(O)o2)o1,TOX948,0,0,0,0,0,0,0,1,0,0,,0,197.106,0.9434,1,7,115.43
O=C(O)c1cccc(Oc2ccccc2)c1,TOX18321,0,0,1,0,0,0,0,0,0,0,0,0,214.22,3.1771,1,2,46.53
COc1ccc([N+](=O)[O-])cc1N,TOX943,0,0,1,0,0,0,0,0,0,0,0,0,168.152,1.1856,1,4,78.39
NC(=O)N/N=C/c1ccc([N+](=O)[O-])o1,TOX944,0,0,0,0,0,0,0,1,0,0,1,0,198.138,0.19,2,5,123.76
CC(=O)OC(OC(C)=O)c1ccc([N+](=O)[O-])o1,TOX946,0,,0,,,,,1,1,1,,,243.171,1.3126,0,7,108.88
O=C(O)Cc1ccc(-c2ccccc2)cc1,TOX25389,0,0,0,0,0,0,1,0,0,0,0,0,212.248,2.9807,1,1,37.3
NC(=O)c1cc[n+](CC2=C(C(=O)[O-])N3C(=O)[C@@H](NC(=O)Cc4cccs4)[C@H]3SC2)cc1,TOX25388,0,0,0,0,0,0,0,1,0,0,0,0,458.521,-1.2189,2,7,136.51
CCOc1nc(C(Cl)(Cl)Cl)ns1,TOX12547,0,0,0,0,0,0,0,0,0,0,0,0,247.534,2.7635,0,4,35.01
O=C1OC(CN2CCOCC2)CN1N=Cc1ccc([N+](=O)[O-])o1,TOX25380,0,0,0,0,0,0,0,,0,0,0,0,324.293,0.6747,0,8,110.65
CCN(CC)CCNC(=O)c1cc(Br)c(N)cc1OC,TOX25383,0,0,,0,0,0,0,0,0,0,0,0,344.253,2.1115,2,4,67.59
C=C1c2cccc(O)c2C(=O)C2=C(O)[C@]3(O)C(=O)C(C(N)=O)=C(O)[C@@H](N(C)C)[C@@H]3[C@@H](O)[C@H]12,TOX25382,0,0,0,0,0,0,0,0,0,0,0,0,442.424,-0.4379,6,9,181.62
CC(=O)N[C@@H](CC(=O)N[C@@H](CCC(=O)O)C(=O)O)C(=O)O,TOX25385,0,0,0,0,0,0,0,,0,,0,0,304.255,-1.6,5,5,170.1
C[N+]1([O-])[C@H]2CC[C@@H]1C[C@H](OC(=O)C(CO)c1ccccc1)C2,TOX25384,0,0,0,0,0,0,0,,0,,0,0,305.374,1.9435,1,4,69.59
C[C@H]1CCC[C@@H](C)N1,TOX25386,0,0,0,0,0,0,0,0,0,0,0,0,113.204,1.5369,1,1,12.03
CCCCCCCCN1CCCC1=O,TOX16435,0,0,0,0,0,0,0,,0,0,0,0,197.322,2.9693,0,1,20.31
COC(=O)[C@@]1(C)[C@H](C)C[C@H]2[C@@H]3CCC4=CC(=O)C=C[C@]4(C)[C@H]3[C@@H](O)C[C@@]21C,TOX25474,1,0,,,,,0,1,0,0,0,,372.505,3.6904,1,4,63.6
COc1ccc2cc(CCC(C)=O)ccc2c1,TOX25472,0,0,,,1,0,0,1,1,0,0,0,228.291,3.37,0,2,26.3
Cc1cc(-n2nc3ccc(Cl)cc3n2)c(O)c(C(C)(C)C)c1,TOX16438,0,0,0,0,1,0,0,0,0,0,0,0,315.804,4.38542,1,4,50.94
CN[C@@H]1[C@@H](O)[C@@H](O[C@@H]2[C@@H](O)[C@H](OC3OC(CN)=CCC3N)[C@@H](N)C[C@H]2N)OC[C@]1(C)O.CN[C@@H]1[C@@H](O)[C@@H](O[C@@H]2[C@@H](O)[C@H](OC3OC(CN)=CCC3N)[C@@H](N)C[C@H]2N)OC[C@]1(C)O,TOX25479,1,0,0,0,0,0,0,,0,,0,0,895.066,-7.703,16,24,427.44
CC(C)(C)NCC(O)COc1cccc2c1CCC(=O)N2,TOX25478,0,0,0,0,0,0,0,0,0,0,0,0,292.379,1.6991,3,4,70.59
O=C(O)c1cc2ccccc2nc1C(=O)O,TOX7281,0,0,0,0,,0,0,0,0,0,,0,217.18,1.6312,2,3,87.49
CCCCCCCCCCCCCCCCCC#N,TOX7280,0,0,0,0,0,0,0,0,0,0,0,0,265.485,6.77148,0,1,23.79
CN(C)c1ccc(N=Nc2ccccc2)cc1,TOX491,1,0,1,,1,0,0,1,1,0,,0,225.295,4.168,0,3,27.96
Cc1ncc([N+](=O)[O-])n1C,TOX497,0,0,0,0,0,0,0,0,0,0,0,0,141.13,0.63672,0,4,60.96
COP(C)(=O)OC,TOX494,0,0,0,0,0,0,0,0,0,0,0,0,124.076,1.1021,0,3,35.53
C/C=C(C)/C=C/C=C(C)C,TOX7288,0,0,0,0,0,0,0,1,0,0,0,0,136.238,3.475,0,0,0
COC(=O)c1ccc(C(=O)OC)cc1,TOX498,0,0,0,0,0,0,0,0,0,0,0,0,194.186,1.2598,0,4,52.6
CC(=O)N(C)C,TOX499,0,0,0,0,0,0,0,0,0,0,0,0,87.122,0.0945,0,1,20.31
CCNc1nc(Cl)nc(NC(C)(C)C#N)n1,TOX3990,0,0,,0,0,0,0,0,0,0,0,0,240.698,1.67088,2,6,86.52
CC1(C)[C@H](/C=C(\Cl)C(F)(F)F)[C@@H]1C(=O)O[C@H](C#N)c1cccc(Oc2ccccc2)c1,TOX3997,,0,,0,0,0,0,0,0,,1,0,449.856,6.54398,0,4,59.32
Nc1nc(N)nc(NC2CC2)n1,TOX3999,0,0,1,0,0,0,0,0,0,0,0,0,166.188,-0.3897,3,6,102.74
CC1(C)C(C=C(Cl)Cl)C1C(=O)OC(C#N)c1cccc(Oc2ccccc2)c1,TOX3998,0,0,0,0,0,0,0,0,0,0,0,0,416.304,6.17798,0,4,59.32
NC(=O)NC(=O)Cc1ccccc1,TOX3442,0,0,0,0,1,0,0,0,0,0,0,0,178.191,0.424,2,2,72.19
OCCN1CCN(CCCN2c3ccccc3Sc3ccc(Cl)cc32)CC1,TOX3441,0,0,,,0,0,0,,0,0,,0,403.979,3.9427,1,5,29.95
CCC[C@H](N[C@@H](C)C(=O)N1[C@H](C(=O)O)C[C@@H]2CCCC[C@@H]21)C(=O)OCC,TOX3440,0,0,0,0,0,0,0,0,0,0,0,0,368.474,1.9406,2,5,95.94
CNC(=O)O/N=C(\C)C(C)S(C)(=O)=O,TOX21698,0,0,0,0,0,0,0,0,0,0,,0,222.266,0.1514,1,5,84.83
CC(=O)CC(C)=O,TOX1979,0,0,0,0,0,0,0,0,0,0,0,0,100.117,0.5545,0,2,34.14
CN(C)C(=S)[S-].CN(C)C(=S)[S-].[Zn+2],TOX1464,0,,,1,,1,,,1,1,1,1,305.834,0.7571,0,4,6.48
O=[N+]([O-])c1cccc(Cl)c1,TOX1971,0,0,0,0,0,0,0,0,0,0,0,0,157.556,2.2482,0,2,43.14
c1ccc(Nc2ccccc2)cc1,TOX1975,0,0,0,,0,0,0,0,0,0,1,0,169.227,3.4302,1,1,12.03
CC(C)c1ccc(C=O)cc1,TOX1974,0,0,0,0,0,0,0,0,0,0,0,0,148.205,2.6225,0,1,17.07
CCc1ccc(O)cc1,TOX1977,0,0,0,0,0,0,0,0,0,0,0,0,122.167,1.9546,1,1,20.23
CCCCN(CCCC)C(=S)[S-].CCCCN(CCCC)C(=S)[S-].[Zn+2],TOX1462,0,0,0,0,,1,1,,1,1,1,1,474.158,5.4383,0,4,6.48
CC(C)C(C)(N)C#N,TOX7759,0,0,0,0,0,0,0,0,0,0,,0,112.176,0.88338,1,2,49.81
C[C@H]1CCCC(=O)CCCC=Cc2cc(O)cc(O)c2C(=O)O1,TOX1460,0,0,,,1,1,0,,0,1,1,1,318.369,3.5796,2,5,83.83
OCc1cccc(Oc2ccccc2)c1,TOX7756,0,0,0,0,1,1,0,0,0,0,1,0,200.237,2.9712,1,2,29.46
CC(=O)O[C@H]1C[C@H](O[C@H]2[C@@H](O)C[C@H](O[C@H]3[C@@H](O)C[C@H](O[C@H]4CC[C@]5(C)[C@H]6C[C@@H](O)[C@]7(C)[C@@H](C8=CC(=O)OC8)CC[C@]7(O)[C@@H]6CC[C@@H]5C4)O[C@@H]3C)O[C@@H]2C)O[C@H](C)[C@H]1O[C@@H]1O[C@H](CO)[C@@H](O)[C@H](O)[C@H]1O,TOX3198,,,0,,,,,,,,1,1,985.127,0.6131,8,20,288.28
Clc1ccccc1CN1CCc2sccc2C1,TOX3669,0,0,0,0,1,1,0,0,0,0,,0,263.793,3.9598,0,2,3.24
CCN(CC)CCOC(=O)C(c1ccccc1)C1CCCCC1,TOX25859,0,0,0,0,0,0,0,0,0,1,,0,317.473,4.2355,0,3,29.54
CN1CCC(=C2c3ccccc3CC(=O)c3sccc32)CC1,TOX3190,0,0,0,0,0,0,0,0,0,0,0,0,309.434,4.0144,0,3,20.31
Cc1cn([C@H]2C[C@H](O)[C@@H](CO)O2)c(=O)[nH]c1=O,TOX3661,,0,,0,0,0,0,,0,,0,0,242.231,-1.51428,3,6,104.55
CCN(CC)CCSC(=O)C(c1ccccc1)c1ccccc1,TOX3660,0,0,0,0,0,0,1,0,0,,,0,327.493,4.4201,0,3,20.31
C#C[C@]1(O)CC[C@H]2[C@H]3[C@H](CC[C@@]21C)C1=C(CC(=O)CC1)C[C@H]3C,TOX3667,1,1,0,0,1,1,0,,0,0,0,0,312.453,3.8826,1,2,37.3
Nc1ccn([C@H]2CS[C@@H](CO)O2)c(=O)n1,TOX3194,0,0,0,0,0,0,0,0,0,0,0,0,229.261,-0.5941,2,7,90.37
CC(C(=O)O)c1ccc(C(=O)c2ccccc2)s1,TOX3665,0,,,,,0,0,,0,0,,0,260.314,3.1672,1,3,54.37
CC(=O)O[C@H]1C[C@H](O[C@H]2[C@@H](O)C[C@H](O[C@H]3[C@@H](O)C[C@H](OC4CC[C@]5(C)[C@H]6CC[C@]7(C)[C@@H](C8=CC(=O)OC8)CC[C@]7(O)[C@@H]6CC[C@@H]5C4)O[C@@H]3C)O[C@@H]2C)O[C@H](C)[C@H]1O[C@@H]1O[C@H](CO)[C@@H](O)[C@H](O)[C@H]1O,TOX3196,,,0,,,0,,,,,1,1,969.128,1.6423,7,19,268.05
CC(O)C(=O)[O-].CC(O)C(=O)[O-],TOX236,0,0,0,0,0,0,0,0,0,0,0,0,178.14,-3.7658,2,6,120.72
[Ca+2].[Cl-].[Cl-],TOX235,0,0,0,0,0,0,0,0,0,0,0,0,110.984,-6.3728,0,0,0
Cn1c(=O)c2c(ncn2C)n(C)c1=O,TOX232,0,0,0,0,0,0,0,1,0,0,0,0,194.194,-1.0293,0,6,61.82
C=C1CC[C@H](O)C/C1=C/C=C1\CCC[C@@]2(C)[C@H]1CC[C@@H]2[C@H](C)/C=C/[C@H](C)C(C)C,TOX233,0,0,0,0,1,0,,1,0,1,0,,396.659,7.641,1,1,20.23
CCC(C)OC(C)CC,TOX7636,0,0,0,0,0,0,0,0,0,0,0,0,130.231,2.6,0,1,9.23
O=C(O)C=Cc1ccc(O)c(O)c1,TOX231,1,,0,0,0,0,0,0,0,0,0,0,180.159,1.1956,3,3,77.76
CCCOCCOCCO,TOX7639,0,0,0,0,0,0,0,0,0,0,0,0,148.202,0.4219,1,3,38.69
CN(C)C(=O)COC(=O)Cc1ccc(OC(=O)c2ccc(NC(=N)N)cc2)cc1,TOX238,0,0,0,0,0,0,0,0,0,0,0,0,398.419,1.38507,3,6,134.81
CCOc1nc2cccc(C(=O)OC(C)OC(=O)OC3CCCCC3)c2n1Cc1ccc(-c2ccccc2-c2nnn[nH]2)cc1,TOX239,0,0,0,,,,,,0,,1,,610.671,6.3191,1,11,143.34
CC(CC(=O)O)CC(C)(C)C,TOX9254,0,0,0,0,0,0,0,0,0,0,,0,158.241,2.5334,1,1,37.3
c1cc(N(CC2CO2)CC2CO2)ccc1OCC1CO1,TOX7585,0,0,0,,0,0,,1,1,1,0,1,277.32,1.0682,0,5,50.06
CC(=O)c1ccc2ccccc2c1,TOX21389,0,0,0,0,0,0,0,0,0,0,0,0,170.211,3.0424,0,1,17.07
C=C(C)C(=O)OCCOC(=O)CC(C)=O,TOX21388,0,0,0,0,0,0,0,0,0,0,0,0,214.217,0.628,0,5,69.67
COC(=O)[C@H]1CC[C@H](C(=O)OC)CC1,TOX9255,0,0,0,0,0,0,0,0,0,0,0,0,200.234,1.1388,0,4,52.6
CCOC(=O)C(C)(C)C,TOX29150,0,0,0,0,0,0,0,0,0,0,0,0,130.187,1.5956,0,2,26.3
O=C/C=C/c1ccco1,TOX29151,0,0,0,0,0,0,0,0,0,0,0,0,122.123,1.4917,0,2,30.21
CCCCCCCCCCCCCCn1cc[n+](C)c1.O=S(=O)([N-]S(=O)(=O)C(F)(F)F)C(F)(F)F,TOX29153,0,,0,1,,,,1,,,,,559.639,6.073,0,5,91.19
CCCCCCCCCCCCCCCCn1cc[n+](C)c1.O=S(=O)([N-]S(=O)(=O)C(F)(F)F)C(F)(F)F,TOX29154,0,,,1,,,,1,,,,,587.693,6.8532,0,5,91.19
CCCCCCCCCCCCCCCCCl,TOX7580,0,0,0,0,0,0,0,0,0,0,0,0,260.893,6.7065,0,0,0
CCCCCCCCCI,TOX29157,0,0,0,0,,,0,0,0,0,0,0,254.155,4.172,0,0,0
CCCCCCCCCCCCI,TOX29158,0,0,0,0,0,0,0,0,0,0,0,0,296.236,5.3423,0,0,0
CN(C)c1ccc(/C=C/c2ccc([N+](=O)[O-])cc2)cc1,TOX29159,0,,0,,1,0,,0,0,0,0,0,268.316,3.8312,0,3,46.38
COC(=O)/C=C\C(=O)O,TOX9251,0,0,0,0,0,0,0,1,0,0,0,0,130.099,-0.1998,1,3,63.6
CC(C)c1ccc2cc(C(C)C)ccc2c1,TOX15272,0,0,0,,0,0,0,0,0,0,0,0,212.336,5.0866,0,0,0
CCOC(=O)c1ccccc1,TOX18696,0,0,0,0,,0,0,0,0,0,0,0,150.177,1.8633,0,2,26.3
CC(=O)OCCC(C)C,TOX5453,0,0,0,0,0,0,0,0,0,0,0,0,130.187,1.5956,0,2,26.3
CC(C)CCOC(=O)C=Cc1ccccc1,TOX5454,0,0,0,0,1,0,0,,0,0,0,0,218.296,3.2891,0,2,26.3
O=c1[nH]ncc2ccccc12,TOX5903,0,0,0,0,0,0,0,0,0,0,0,0,146.149,0.9231,1,2,45.75
CCCCCCCCCCCCCCCCCC[N+](C)(C)C,TOX6902,0,,0,,,,,,,,,,312.606,6.9541,0,0,0
CCOCCOCCOC(C)=O,TOX6905,0,0,0,0,0,0,0,0,0,0,0,0,176.212,0.6026,0,4,44.76
CCCCOCCOC(C)=O,TOX6904,0,0,0,0,0,0,0,0,0,0,0,0,160.213,1.3662,0,3,35.53
CCCCCCCCCCCCN(C)C,TOX6906,0,0,0,0,0,0,0,0,0,0,0,0,213.409,4.4689,0,1,3.24
CCCCCCOCCO,TOX6908,0,0,0,0,0,0,0,0,0,0,0,0,146.23,1.5756,1,2,29.46
CC(=O)C=C(C)C,TOX9170,0,0,0,0,0,0,0,0,0,0,0,0,98.145,1.5416,0,1,17.07
CN1c2c(O)nc(N)nc2NCC1CNc1ccc(C(=O)NC(CCC(=O)[O-])C(=O)[O-])cc1,TOX26814,0,0,0,0,0,0,0,,0,,,0,457.447,-2.5148,5,12,208.69
CC(C)(CO)C(O)C(=O)NCCC(=O)NCCSSCCNC(=O)CCNC(=O)C(O)C(C)(C)CO,TOX26815,0,0,0,0,0,0,0,,0,,0,0,554.732,-1.6284,8,10,197.32
CCCCCCCCCCCCCC(=O)OCC(COP(=O)([O-])OCC[N+](C)(C)C)OC(=O)CCCCCCCCCCCCC,TOX26816,0,0,,0,0,0,0,,0,,0,0,677.945,9.0514,0,8,111.19
Clc1cccc(C(c2ccc3nc[nH]c3c2)n2ccnc2)c1,TOX26817,0,0,1,1,,0,0,0,0,0,,0,308.772,4.0505,1,3,46.5
Cc1ccc2nc(N)[nH]c(=O)c2c1Sc1ccncc1,TOX26810,0,0,1,,,0,,1,0,0,0,1,284.344,2.35992,2,5,84.66
CC1(C)[C@H](C=C(Cl)Cl)[C@H]1C(=O)OCc1c(F)c(F)cc(F)c1F,TOX26812,0,0,0,0,0,0,0,,0,,1,0,371.157,4.8774,0,2,26.3
N=C(NN=Cc1ccc(Cl)cc1)NN=Cc1ccc(Cl)cc1,TOX26813,0,0,1,0,0,0,0,,0,,0,,334.21,3.47537,3,3,72.63
CCCCC(O)c1ccccc1,TOX26818,0,0,0,0,1,0,0,,0,,0,0,164.248,2.9102,1,1,20.23
CCN(CC)CCOC[C@H]1O[C@@H](O)[C@H](OCCN(CC)CC)[C@@H](O)[C@@H]1O,TOX26819,0,0,0,0,0,0,0,,0,,0,0,378.51,-0.4892,3,8,94.86
CC#Cc1cc(C)nc(Nc2ccccc2)n1,TOX22121,0,0,1,,,0,0,1,0,0,,0,223.279,2.90002,1,3,37.81
Cl[Hg]c1ccccc1,TOX22129,0,,,,,1,1,1,,1,,1,313.149,1.5482,0,0,0
C[N+](C)(C)CC(O)CC(=O)[O-],TOX25850,0,0,0,0,0,0,0,0,0,0,0,0,161.201,-1.8065,1,3,60.36
C[C@H]1CC[C@]2(NC1)O[C@H]1C[C@H]3[C@@H]4CC[C@H]5C[C@@H](O[C@@H]6O[C@H](CO)[C@H](O[C@@H]7O[C@H](CO)[C@@H](O)[C@H](O[C@@H]8OC[C@@H](O)[C@H](O)[C@H]8O)[C@H]7O[C@@H]7O[C@H](CO)[C@@H](O)[C@H](O)[C@H]7O)[C@H](O)[C@H]6O)CC[C@]5(C)[C@H]4CC[C@]3(C)[C@H]1[C@@H]2C,TOX20413,0,,,,,1,,,,,,,1034.2,-2.6973,13,22,337.86
O=NN1CCCC1,TOX1062,0,0,0,0,0,0,0,0,0,0,0,0,100.121,0.7636,0,2,32.67
C[C@H]1[C@H]2Cc3ccc(O)cc3[C@]1(C)CCN2CCc1ccccc1,TOX28852,0,0,,0,0,0,,,0,,0,1,321.464,4.1591,1,2,23.47
CCC(=O)N(c1ccccc1)C1(COC)CCN(CCn2nnn(CC)c2=O)CC1,TOX28853,0,0,0,,0,0,0,0,0,0,0,0,416.526,1.3839,0,8,85.49
CC(C)=CCN1CC[C@@]2(C)c3cc(O)ccc3C[C@@H]1[C@@H]2C.O=C(O)CCC(=O)O,TOX28850,0,0,0,0,0,0,0,0,0,0,0,0,403.519,3.8184,3,4,98.07
O=Cc1ccccc1O,TOX1792,0,0,0,0,,0,0,0,0,0,0,0,122.123,1.2047,1,2,37.3
CCC(=O)N(c1ccccc1)[C@@H]1CCN(CCc2ccccc2)C[C@@H]1C,TOX28856,0,0,0,,,0,,,0,0,0,0,350.506,4.3827,0,2,23.55
CCC(=O)N(c1ccccc1)[C@H]1CCN(CCc2ccccc2)C[C@@H]1C,TOX28857,0,0,0,0,,0,,,0,,0,0,350.506,4.3827,0,2,23.55
CCC(=O)N(c1ccccc1)C1(COC)CCN(CCc2cccs2)CC1.O=C(O)CC(O)(CC(=O)O)C(=O)O,TOX28854,0,0,,0,,0,,1,0,0,,0,578.684,2.9663,4,8,164.91
CCC(=O)N(c1ccc(F)cc1)C1CCN(CCc2ccccc2)CC1,TOX28855,0,0,0,0,0,0,,0,0,0,0,0,354.469,4.2758,0,2,23.55
CC(=O)N[C@H]1C(O)O[C@H](CO)[C@@H](O)[C@@H]1O,TOX25855,0,0,0,0,0,0,0,,0,,0,0,221.209,-3.0776,5,6,119.25
CCC(=O)N(c1ccccc1)C1CCN(C(C)Cc2ccccc2)CC1,TOX28858,0,0,0,0,0,0,0,0,0,0,,0,350.506,4.5252,0,2,23.55
CCC(=O)N(c1ccccc1)C1CCN(Cc2ccccc2)CC1,TOX28859,0,0,0,0,0,0,,0,0,0,0,0,322.452,4.0942,0,2,23.55
CC(C)Br,TOX10197,0,0,0,0,0,0,0,0,0,0,0,0,122.993,1.7897,0,0,0
C=C1C(CCl)(CCl)C2(Cl)C(Cl)C(Cl)C1(Cl)C2(Cl)Cl,TOX1368,0,,0,,1,1,,1,0,1,1,,411.798,5.3777,0,0,0
C=CCSCC1Nc2cc(Cl)c(S(N)(=O)=O)cc2S(=O)(=O)N1,TOX25857,0,0,0,0,1,0,0,0,0,0,0,0,383.904,0.9365,3,6,118.36
Cc1ccc(NC(N)=O)cc1,TOX1366,0,0,0,0,0,0,0,0,0,0,0,0,150.181,1.48562,2,1,55.12
CN(C)CCOc1ccc(/C(=C(/CCCl)c2ccccc2)c2ccccc2)cc1.O=C(O)CC(O)(CC(=O)O)C(=O)O,TOX1367,0,,0,1,,0,0,,0,,,0,598.092,4.9665,4,6,144.6
Cc1ccccc1,TOX1360,0,0,0,0,,0,0,0,0,0,0,0,92.141,1.99502,0,0,0
Cc1ccc(N=C=O)cc1N=C=O,TOX1361,0,0,1,0,1,1,0,1,0,0,1,0,174.159,1.92962,0,4,58.86
Cc1ccccc1S(N)(=O)=O,TOX1362,0,0,0,0,0,0,0,0,0,0,,0,171.221,0.64242,1,2,60.16
C[SiH](O[Si](C)(C)C)O[Si](C)(C)C,TOX18795,0,0,0,0,0,0,0,0,0,0,0,0,222.509,2.5397,0,2,18.46
CCOc1ccccc1OCC,TOX18798,0,0,0,0,0,0,0,0,0,0,0,0,166.22,2.484,0,2,18.46
C1N2CN3CN1CN(C2)C3,TOX692,0,0,0,0,0,0,0,0,0,0,0,0,140.19,-1.0198,0,4,12.96
Cc1cc(Cl)ccc1N=CN(C)C,TOX17508,0,0,0,0,0,0,0,0,0,0,,0,196.681,2.86982,0,1,15.6
[SbH6+3],TOX9283,0,0,0,0,0,0,0,0,0,0,,0,127.808,-1.987,0,0,0
O=[N+]([O-])OCC(CO[N+](=O)[O-])(CO[N+](=O)[O-])CO[N+](=O)[O-],TOX1109,0,0,0,0,0,0,0,0,0,0,0,0,316.135,-1.194,0,12,209.48
CCCCCCCCCCCc1ccccc1,TOX9281,0,0,0,0,0,0,0,0,0,0,0,0,232.411,5.7599,0,0,0
Cn1c(N)c(N=O)c(=O)n(C)c1=O,TOX9280,0,0,1,,0,0,0,,0,0,0,0,184.155,-0.9359,1,7,99.45
C[N+]1([O-])CCOCC1,TOX9287,0,0,0,0,0,0,0,0,0,0,0,0,117.148,-0.039,0,2,32.29
CCOP(=S)(OCC)Oc1ccc([N+](=O)[O-])cc1,TOX1100,0,0,1,0,0,0,0,0,0,0,1,0,291.265,3.2711,0,6,70.83
CC(Cc1cccc(C(F)(F)F)c1)NCCOC(=O)c1ccccc1,TOX25854,0,0,,,0,0,0,0,0,,,0,351.368,4.083,1,3,38.33
CC1(C)S[C@@H]2[C@H](NC(=O)COc3ccccc3)C(=O)N2[C@H]1C(=O)[O-],TOX1102,0,0,0,0,0,0,0,0,0,0,0,0,349.388,-0.6376,1,6,98.77
COc1c(Cl)c(Cl)c(Cl)c(Cl)c1Cl,TOX1103,0,0,0,0,0,0,0,0,0,0,,0,280.365,4.9622,0,1,9.23
ClC(Cl)C(Cl)(Cl)Cl,TOX1104,0,0,0,0,0,0,0,0,0,0,0,0,202.295,3.1603,0,0,0
O=[N+]([O-])c1c(Cl)c(Cl)c(Cl)c(Cl)c1Cl,TOX1105,0,0,0,0,0,0,0,1,0,0,,0,295.336,4.8618,0,2,43.14
Nc1ccc(C(=O)O)cc1,TOX4466,0,0,0,0,0,0,0,0,0,0,0,0,137.138,0.967,2,2,63.32
Nc1nc2ccccc2s1,TOX4467,0,0,1,,0,0,0,0,0,0,0,0,150.206,1.8785,1,3,38.91
COc1ccc(OC)c(C[C@H](C)N)c1,TOX28813,0,0,0,0,0,0,0,,0,,0,0,195.262,1.5935,1,3,44.48
CCCCCCc1ccc(O)cc1O,TOX699,0,0,0,0,1,0,0,1,0,0,1,0,194.274,3.2206,2,2,40.46
CC(=O)N(O)CCCCCNC(=O)CCC(=O)N(O)CCCCCNC(=O)CCC(=O)N(O)CCCCCN,TOX17649,0,0,0,0,0,0,0,,0,0,0,0,560.693,0.9221,6,9,205.84
O=C([O-])c1cc(Oc2ccc(C(F)(F)F)cc2Cl)ccc1[N+](=O)[O-],TOX3853,0,0,0,0,1,0,0,0,0,0,0,0,360.651,3.4228,0,5,92.5
CCCOC(=O)c1c(Cl)c(Cl)c(Cl)c(Cl)c1C(=O)OCCC,TOX24719,0,0,,0,0,0,0,,0,0,,0,388.074,5.4338,0,4,52.6
COc1ccc(/N=N/c2cc(C)c(/N=N/c3ccc(S(=O)(=O)[O-])cc3)cc2OC)cc1,TOX24718,0,0,1,,0,0,0,,0,0,,0,439.473,5.74712,0,9,125.1
CC1(C)Cc2cccc(N)c2O1,TOX24715,0,0,0,0,0,0,0,0,0,0,0,0,163.22,1.9823,1,2,35.25
NC(=O)CC[C@H](Nc1ccc([N+](=O)[O-])cc1)C(=O)O,TOX24714,0,0,0,0,0,0,0,0,0,0,0,0,267.241,0.7254,3,5,135.56
CCCCC(C)C(=O)O,TOX24241,0,0,0,0,0,0,0,0,0,0,0,0,130.187,1.8973,1,1,37.3
O=C1CCCN1C1CCCCC1,TOX24716,0,0,0,0,0,0,0,0,0,0,,0,167.252,1.9415,0,1,20.31
Cc1ccc(Cl)c(N)c1Cl,TOX24710,0,0,0,0,0,0,0,,0,,0,0,176.046,2.88402,1,1,26.02
Nc1ccc2cc(S(=O)(=O)[O-])cc(O)c2c1/N=N/c1ccccc1C(F)(F)F,TOX24713,0,0,,0,0,0,0,0,0,0,0,0,410.353,4.4659,2,7,128.17
COCc1ccc(COC)cc1,TOX24712,0,0,0,0,0,0,0,0,0,0,0,0,166.22,1.9794,0,2,18.46
Nc1cc(C(=O)O)c(O)c(S(=O)(=O)O)c1,TOX4507,0,0,0,0,0,0,0,0,0,0,0,0,233.201,-0.0807,4,5,137.92
C=CCCC(=O)/C=C/C1C(C)=CCCC1(C)C,TOX27591,0,0,,0,0,0,0,0,0,0,1,0,232.367,4.4604,0,1,17.07
O=CN1CCCCC1,TOX23941,0,0,0,0,0,0,0,0,0,0,0,0,113.16,0.6287,0,1,20.31
C[C@@H]1CC2(OC3C[C@@]4(C)C5=CC[C@H]6C(C)(C)C(O[C@@H]7OC[C@@H](O)[C@H](O)[C@H]7O)CC[C@@]67C[C@@]57CC[C@]4(C)C31)OC(O)C1(C)OC21,TOX13334,0,0,0,0,0,0,0,0,0,0,1,0,616.792,3.4071,4,9,130.37
O=C(/C=C/c1ccc(O)c(O)c1)O[C@@H](C(=O)O)[C@@H](OC(=O)/C=C/c1ccc(O)c(O)c1)C(=O)O,TOX13332,0,0,0,0,0,0,0,,0,0,0,0,474.374,1.2284,6,10,208.12
CC(C)(C)c1csc(-c2cc3cc(OCc4ccccc4CC(=O)O)ccc3o2)n1,TOX28144,0,,0,,,0,1,1,,,1,,421.518,6.0599,1,5,72.56
Cc1ccc2oc(CN(Cc3ccccc3)C(=O)Nc3c(F)cc(F)cc3F)c(-c3ccc(Cl)cc3)c2c1,TOX28145,0,0,0,,0,0,0,0,0,,1,,534.965,8.71322,1,2,45.48
O=C1c2ccccc2C(=O)N1CCc1noc(-c2ccc(CN3CCCCCC3)s2)n1,TOX28146,0,0,1,0,,0,0,1,0,0,,0,436.537,4.0128,0,7,79.54
COc1cc(C=O)cc2c1[C@H](COC(N)=O)[C@]1(OC(C)=O)ON2C[C@H]2[C@@H]1N2C(C)=O,TOX28140,0,,0,,,0,,,0,0,0,1,419.39,0.3105,1,9,137.47
Cc1[nH]cnc1C[C@H]1CCc2c(C)c3ccccc3n2C1=O,TOX28143,0,0,0,0,0,0,0,,0,,,0,293.37,3.42654,1,3,50.68
Cc1oc2c(NC(=O)c3c(Cl)cccc3Cl)cccc2c1C(C)(C)O,TOX28148,0,0,1,1,,0,,,0,0,1,0,378.255,5.52772,2,3,62.47
COc1ccc(-n2nc(C(F)F)cc2-c2ccc(S(C)=O)cc2)cc1,TOX28149,0,0,0,0,0,0,0,0,0,0,0,0,362.401,4.2229,0,4,44.12
OCCc1ccccc1,TOX6342,0,1,0,0,0,0,0,0,0,0,0,0,122.167,1.2214,1,1,20.23
NC=O,TOX5337,0,0,0,0,0,0,0,0,0,0,0,0,45.041,-0.8985,1,1,43.09
COC(=O)c1ccccc1C(=O)OC,TOX2455,0,0,0,0,0,0,0,0,0,0,0,0,194.186,1.2598,0,4,52.6
NC(Cc1ccc(F)cc1)C(=O)O,TOX5332,0,0,0,0,0,0,0,0,0,0,0,0,183.182,0.7801,2,2,63.32
O=[N+]([O-])c1ccc(F)c([N+](=O)[O-])c1,TOX5331,0,,1,0,,0,,,,0,1,0,186.098,1.6421,0,4,86.28
O=C(Cl)c1ccccc1F,TOX5330,0,0,0,0,0,0,0,0,0,0,0,0,158.559,2.2047,0,1,17.07
CCCCCCC1CCC(=O)O1,TOX2109,0,0,0,0,0,0,0,0,0,0,0,0,170.252,2.6624,0,2,26.3
O=CNc1ccccc1,TOX5338,0,0,0,0,0,0,0,0,0,0,0,0,121.139,1.2549,1,1,29.1
C[C@]12C=CC(=O)C=C1CC[C@@H]1[C@@H]2CC[C@@]2(C)[C@H]1CC[C@]2(C)O,TOX3276,1,1,0,,1,1,0,1,0,0,0,,300.442,4.0453,1,2,37.3
CC[N+](C)(CC)CCOC(=O)C1c2ccccc2Oc2ccccc21,TOX3277,0,0,0,0,0,0,0,0,0,0,0,,340.443,3.9538,0,3,35.53
CC(=O)OC(C)C[N+](C)(C)C,TOX3271,0,0,0,0,0,0,0,0,0,0,0,0,160.237,0.6442,0,2,26.3
Cc1ccccc1-n1c(C)nc2ccccc2c1=O,TOX3279,0,0,0,0,1,0,0,,0,,0,0,250.301,3.00254,0,3,34.89
CC(C)=CC1C(C(=O)OCc2cccc(Oc3ccccc3)c2)C1(C)C,TOX12688,0,0,0,0,0,0,0,0,0,0,0,0,350.458,5.7605,0,3,35.53
COC(=O)/C=C(\C)OP(=O)(OC)OC,TOX12683,0,0,0,1,,,0,,0,,0,0,224.149,1.4807,0,6,71.06
CCCC(=O)c1ccccc1,TOX27059,0,0,0,0,0,0,0,0,0,0,,0,148.205,2.6694,0,1,17.07
O=P1(N(CCCl)CCCl)NCCCO1,TOX4888,0,0,0,0,1,0,0,0,0,0,0,0,261.089,1.884,1,2,41.57
C[C@H]1C[C@H](C)C(=O)[C@H]([C@H](O)CC2CC(=O)NC(=O)C2)C1,TOX4882,0,0,0,1,,0,,,,0,,1,281.352,1.0415,2,4,83.47
CCS(=O)(=O)CCSP(=O)(OC)OC,TOX17582,0,0,0,0,0,0,0,1,0,0,0,0,262.289,1.5552,0,6,69.67
C1CCC2OC2C1,TOX4880,0,0,0,0,,0,0,,0,0,0,0,98.145,1.3278,0,1,12.53
O=C1C=CCCC1,TOX4881,0,0,0,0,0,0,0,0,0,0,0,0,96.129,1.2956,0,1,17.07
C1CCCC1,TOX4886,,0,0,,,0,0,0,0,0,0,0,70.135,1.9505,0,0,0
c1cc2c3c(c1)ccc1cccc(c13)C2,TOX4887,0,0,0,0,0,0,0,0,0,0,,0,190.245,3.8972,0,0,0
Cc1ccc(S(=O)(=O)NC2CCCCC2)cc1,TOX4885,0,0,0,,,0,0,0,0,0,1,0,253.367,2.60602,1,2,46.17
N#Cc1ccccc1C#N,TOX9604,0,0,0,,0,0,0,0,0,0,0,0,128.134,1.42996,0,2,47.58
CC1=CC[C@H](C(C)C)C=C1,TOX27053,0,0,0,0,0,0,0,,0,0,0,0,136.238,3.1648,0,0,0
O=C(Cl)OCCOCCOC(=O)Cl,TOX6739,0,0,0,0,0,0,0,0,0,0,0,0,231.031,1.7538,0,5,61.83
CC(=O)CCc1ccc(OC(C)=O)cc1,TOX15481,0,0,0,0,0,0,0,0,0,0,0,0,206.241,2.1335,0,3,43.37
O=c1c(O)c(O)c1=O,TOX29369,0,0,0,0,0,0,0,0,0,0,0,0,114.056,-1.3062,2,4,74.6
O=C(O)c1ccccn1,TOX11903,0,0,0,0,0,0,0,0,0,0,0,0,123.111,0.7798,1,2,50.19
CC1=Nc2ccccc2C1(C)C,TOX29363,0,0,0,,0,0,0,0,0,0,0,0,159.232,3.0702,0,1,12.36
COC(=O)C1=C(C)NC(C)=C(C(=O)OC(C)(C)CN(C)CCC(c2ccccc2)c2ccccc2)C1c1cccc([N+](=O)[O-])c1,TOX26665,0,0,0,1,,0,0,0,0,0,1,0,611.739,6.4784,1,8,111.01
Nc1cccc2c1CN(C1CCC(=O)NC1=O)C2=O,TOX26664,0,0,0,0,0,0,0,0,0,0,0,0,259.265,0.0298,2,4,92.5
CCCCN(CCCC)CC(O)c1cc(Cl)cc2c1-c1ccc(Cl)cc1/C2=C/c1ccc(Cl)cc1,TOX26663,0,0,1,0,1,0,0,,0,0,,0,528.951,9.1517,1,2,23.47
COc1cccc(CCc2ccccc2OCC(CN(C)C)OC(=O)CCC(=O)O)c1,TOX26662,0,0,0,0,0,0,,0,0,0,,0,429.513,3.1974,1,6,85.3
COc1nc(N)nc2nc[nH]c12,TOX29365,0,0,1,0,0,0,0,0,0,0,0,0,165.156,-0.0563,2,5,89.71
Nc1nc(=O)c2c(CCc3ccc(C(=O)N[C@@H](CCC(=O)[O-])C(=O)[O-])cc3)c[nH]c2[nH]1,TOX26660,0,0,0,0,0,0,0,,0,,0,0,425.401,-2.003,4,8,196.92
Cc1nc(Nc2ncc(C(=O)Nc3c(C)cccc3Cl)s2)cc(N2CCN(CCO)CC2)n1,TOX20979,0,,,,,0,,,,0,,0,488.017,3.31354,3,9,106.51
CCN(CC)c1nc(C)cc(OP(=S)(OC)OC)n1,TOX4266,0,0,1,1,0,0,0,,0,0,,0,305.34,2.52732,0,7,56.71
O=P(O)(O)O,TOX4263,0,0,0,0,0,0,0,0,0,0,0,0,97.994,-0.9286,3,1,77.76
COP(=S)(OC)SCN1C(=O)c2ccccc2C1=O,TOX4261,0,0,0,0,0,0,0,0,0,0,0,0,317.328,2.4906,0,6,55.84
C=C(C)C(N)=O,TOX9600,0,0,0,0,0,0,0,0,0,0,0,0,85.106,0.0478,1,1,43.09
CC1CCc2c(N3CCC(O)CC3)c(F)cc3c(=O)c(C(=O)O)cn1c23,TOX26483,0,0,0,0,0,0,0,0,0,0,,0,360.385,2.3071,2,5,82.77
Cc1nc2ccc(CN(C)c3ccc(C(=O)N[C@@H](CCC(=O)O)C(=O)O)s3)cc2c(=O)[nH]1,TOX26482,0,0,0,0,0,0,,0,0,0,0,1,458.496,1.97722,4,7,152.69
COc1ccc(-c2ccc3cc(C(=O)O)ccc3c2)cc1C12CC3CC(CC(C3)C1)C2,TOX26481,0,0,0,1,0,0,0,1,0,1,0,1,412.529,6.6814,1,2,46.53
Cc1oc(=O)oc1CN1CCN(c2cc3c(cc2F)c(=O)c(C(=O)O)c2n3C(C)S2)CC1,TOX26480,1,1,0,,1,1,0,0,0,0,,0,461.471,2.63982,1,9,109.13
CC(C)(C)C(=O)OCOP(=O)(COCCn1cnc2c(N)ncnc21)OCOC(=O)C(C)(C)C,TOX26487,,,,,,,,1,,0,,,501.477,2.7025,1,13,166.98
CN(C)CC/C=C1/c2ccccc2COc2ccc(CC(=O)O)cc21,TOX26486,0,0,0,0,0,0,0,0,0,0,,0,337.419,3.5895,1,3,49.77
C[C@@H](c1ncncc1F)[C@](O)(Cn1cncn1)c1ccc(F)cc1F,TOX26485,0,0,,0,0,0,0,0,0,0,0,0,349.316,2.1769,1,6,76.72
C[N+]1(CCC(C(N)=O)(c2ccccc2)c2ccccc2)CCCCC1,TOX26484,0,0,0,0,0,0,0,0,0,0,0,0,337.487,3.4786,1,1,43.09
CC(=O)NC[C@H]1CN(c2ccc(N3CCOCC3)c(F)c2)C(=O)O1,TOX26489,0,0,0,0,1,0,0,,0,,0,0,337.351,1.1236,1,5,71.11
COCc1c(C(C)C)nc(C(C)C)c(/C=C/[C@@H](O)C[C@@H](O)CC(=O)[O-])c1-c1ccc(F)cc1,TOX26488,1,,0,1,1,,,,0,0,,0,458.55,3.546,2,6,102.71
CC[C@H]1OC(=O)[C@H](C)[C@@H](O[C@H]2C[C@@](C)(OC)[C@@H](O)[C@H](C)O2)[C@H](C)[C@@H](O[C@@H]2O[C@H](C)C[C@H](N(C)C)[C@H]2O)[C@](C)(O)C[C@@H](C)CN(C)[C@H](C)[C@@H](O)[C@]1(C)O,TOX10760,0,0,0,0,0,0,0,,0,0,0,0,748.996,1.9007,5,14,180.08
OCCOCCN1CCN(C(c2ccccc2)c2ccc(Cl)cc2)CC1,TOX3137,0,0,0,0,0,0,0,0,0,0,,0,374.912,3.0559,1,4,35.94
CCCCCCCCOC(=O)c1ccc(C(=O)OCCCCCCCC)c(C(=O)OCCCCCCCC)c1,TOX27533,0,0,0,0,0,0,0,0,0,0,0,0,546.789,9.2385,0,6,78.9
CCCCCCOC(=O)CC(CC(=O)OCCCCCC)(OC(=O)CCC)C(=O)OCCCCCC,TOX27535,0,0,0,0,0,0,0,0,0,0,0,0,514.7,6.2192,0,8,105.2
CN(C[C@@H](CC[N+]12CCC(C3CCCCC3)(CC1)CC2)c1ccc(Cl)c(Cl)c1)C(=O)c1cc(C(F)(F)F)cc(C(F)(F)F)c1,TOX27288,0,,0,,,,0,,0,,0,,664.582,9.8579,0,1,20.31
CCCOc1ccc(S(=O)(=O)N2CCN(CC)CC2)cc1-c1nc2c(CC)n(Cc3ccccn3)nc2c(=O)[nH]1,TOX27289,0,0,0,0,0,0,,0,0,0,,0,565.7,2.9073,1,9,126.31
COCCOC[C@H](CC1(C(=O)N[C@H]2CC[C@@H](C(=O)O)CC2)CCCC1)C(=O)Oc1ccc2c(c1)CCC2,TOX27286,0,0,0,0,0,0,0,,0,0,0,0,515.647,4.07,2,6,111.16
COCc1nnc(-c2ccc[n+]([O-])c2)n1-c1c(Cl)c(Cl)cc2[nH]c(=O)c(=O)[nH]c12,TOX27287,0,0,0,0,,0,0,0,0,0,0,0,435.227,1.5507,2,7,132.6
O=C(N[C@H]1CN2CCC1CC2)c1cc2ccoc2cn1,TOX27284,0,0,0,0,0,0,0,0,0,0,,0,271.32,1.6518,1,4,58.37
C=CC(=O)OCCCC,TOX4676,1,1,0,0,0,0,0,0,0,0,0,0,128.171,1.5157,0,2,26.3
C[C@@H](Oc1ccc(CNC(=O)c2cccnc2Oc2ccc3c(c2)OCO3)c(F)c1)C(=O)O,TOX27282,0,0,0,0,0,0,0,0,0,0,0,0,454.41,3.5236,2,7,116.21
O=C(O)CC(C(=O)O)C(CC(=O)O)C(=O)O,TOX4670,0,0,0,0,0,0,0,0,0,0,0,0,234.16,-0.6626,4,4,149.2
CNCc1cc(F)ccc1Oc1ccc(Cl)c(Cl)c1,TOX27280,0,0,0,,,0,0,,0,0,,,300.16,4.6442,1,2,21.26
CC(C)(O)c1ccc(CNC(=O)c2cccnc2Oc2ccc3nonc3c2)cc1,TOX27281,0,0,,0,,0,0,0,0,0,0,0,404.426,3.5675,2,7,110.37
CC(C)=CCC/C(C)=C/CC/C(C)=C/C(=O)OCC(=O)[C@@]1(O)CC[C@H]2[C@@H]3CCC4=CC(=O)C=C[C@]4(C)[C@H]3[C@@H](O)C[C@@]21C,TOX31414,,,,,,,,,,0,,,578.79,6.5277,2,6,100.9
CC(C)C[C@@H]1[C@H](c2ccccc2)OC(=O)N1CCCN1CCCCCC1,TOX31415,,,,,,,,0,,0,,,358.526,4.8607,0,3,32.78
CN(C)[C@@H](CCOc1cccc2ccccc12)c1ccccc1,TOX31416,,,,,,,,,,0,,,305.421,4.9116,0,2,12.47
CCCCN(CCN(CCCC)C(=O)N1CCOCC1)C(=O)N1CCOCC1,TOX31417,,,,,,,,0,,,,,398.548,2.095,0,4,65.56
CC1Sc2c(C(=O)O)c(=O)c3cc(F)c(N4CCNCC4)cc3n21,TOX31410,,,,,,,,0,,0,,,349.387,1.8726,2,6,74.57
CCC(CN)=C(c1ccccc1)c1ccccc1,TOX31411,,,,,,,,,,0,,,237.346,3.8572,1,1,26.02
Cc1ccc(-c2ccccc2C#N)cc1,TOX31412,,,,,,,,0,,0,,,193.249,3.5337,0,1,23.79
COCCc1ccccn1,TOX31413,,,,,,,,0,,0,,,137.182,1.2705,0,2,22.12
CC(=O)N[C@@H](CO)C(=O)N[C@@H](CC(=O)O)C(=O)N[C@@H](CCCCN)C(=O)N1CCC[C@H]1C(=O)O,TOX31418,,,,,,,,,,0,,,487.51,-2.8677,7,8,228.46
CS(=O)(=O)c1ccc(-c2cn3ccccc3n2)cc1,TOX31419,,,,,,,,0,,,,,272.329,2.4048,0,4,51.44
C=C(NC(=O)C(=C)NC(=O)c1csc(C2=NC3c4csc(n4)C4NC(=O)c5csc(n5)C(C(C)(O)C(C)O)NC(=O)C5CSC(=N5)/C(=C\C)NC(=O)C(C(C)O)NC(=O)c5csc(n5)C3(CC2)NC(=O)C(C)NC(=O)C(=C)NC(=O)C(C)NC(=O)C(C(C)CC)NC2C=Cc3c(C(C)O)cc(nc3C2O)C(=O)OC4C)n1)C(N)=O,TOX20625,0,0,0,,0,,1,,1,,,1,1664.922,0.7739,17,31,562.74
Cc1ccc(C=O)cc1C,TOX21626,0,0,0,0,0,0,0,0,0,0,0,0,134.178,2.11594,0,1,17.07
CC(C)NC(=O)c1ccccc1N,TOX21627,0,0,0,0,0,0,0,0,0,0,0,0,178.235,1.407,2,2,55.12
O=C(O)CONC(=O)c1ccccc1,TOX21625,0,0,0,0,0,0,0,0,0,0,0,0,195.174,0.4326,2,3,75.63
CCOC(=O)CCN(SN(C)C(=O)Oc1cccc2c1OC(C)(C)C2)C(C)C,TOX21622,0,,0,,0,0,0,0,0,,,0,410.536,4.0575,0,7,68.31
O=C(Nc1ccccc1)c1ccccc1I,TOX21623,0,0,1,,0,0,0,1,0,0,,0,323.133,3.5435,1,1,29.1
CCOC(=O)Cn1c(=O)sc2cccc(Cl)c21,TOX21621,0,0,1,,0,0,0,0,0,0,0,0,271.725,2.2795,0,5,48.3
CC(C)OC(=O)C(C)N(C(=O)c1ccccc1)c1ccc(F)c(Cl)c1,TOX21977,0,0,0,,1,1,,1,0,0,,0,363.816,4.466,0,3,46.61
O=S(=O)(Oc1ccc(Cl)cc1)c1ccccc1,TOX21973,0,0,0,,,0,0,0,0,0,,0,268.721,3.1077,0,3,43.37
CC12CCC(C1)C(C)(C)C2O,TOX21970,0,0,0,0,0,0,0,0,0,0,0,0,154.253,2.1935,1,1,20.23
CCCCC(CC)C(=O)OC(C)C,TOX24973,0,0,0,0,0,0,0,0,0,0,,0,186.295,3.1544,0,2,26.3
O=C(NC(=O)c1c(F)cccc1F)Nc1ccc(Oc2ccc(C(F)(F)F)cc2Cl)cc1F,TOX21978,0,0,0,0,,0,1,1,0,,,,488.771,6.5303,2,3,67.43
COc1cc(C(=O)NCc2ccc(OCCN(C)C)cc2)cc(OC)c1OC,TOX27754,0,0,0,,0,0,0,0,0,0,0,0,388.464,2.5828,1,6,69.26
N=C(N)N1CCc2ccccc2C1.N=C(N)N1CCc2ccccc2C1,TOX27755,,,,,,,,0,,0,,,350.47,1.87634,4,2,106.22
CC(C)NC(=N)NC(=N)Nc1ccc(Cl)cc1,TOX27756,0,0,0,0,0,0,0,0,0,0,0,0,253.737,2.20904,5,2,83.79
CCCCOc1ccc(OCCCN2CCOCC2)cc1,TOX27757,0,0,,,0,0,0,1,0,0,,0,293.407,2.9666,0,4,30.93
CN1CCC(OC(c2ccccc2)c2ccccc2)CC1,TOX27752,0,0,0,0,,0,0,0,0,0,,0,281.399,3.8868,0,2,12.47
CN1CCN(C(c2ccccc2)c2ccccc2)CC1,TOX27753,0,0,0,0,0,0,0,0,0,0,0,0,266.388,3.0234,0,2,6.48
CC(O)CN(CCCN(C)C)CCCN(C)C,TOX24975,0,0,0,0,0,0,0,0,0,0,0,0,245.411,0.5726,1,4,29.95
CN(C)CC/C=C1/c2ccccc2CSc2ccccc21,TOX27758,0,0,0,0,0,0,0,,0,,,1,295.451,4.6757,0,2,3.24
CCOc1ccc(Cc2nccc3cc(OCC)c(OCC)cc23)cc1OCC,TOX27759,0,0,,0,,0,0,,0,0,,,395.499,5.4204,0,5,49.81
CN(C)CCCNCCCN(C)C,TOX24974,0,0,0,0,0,0,0,0,0,0,0,0,187.331,0.4794,1,3,18.51
Fc1ccc(Br)cc1,TOX7153,0,0,0,0,0,0,0,0,0,0,0,0,175,2.5882,0,0,0
c1c[nH]cn1,TOX9616,0,0,0,0,0,0,0,0,0,0,0,0,68.079,0.4097,1,1,28.68
O=C([O-])[C@H](O)[C@@H](O)[C@H](O)[C@H](O)CO,TOX9617,0,0,0,0,0,0,0,0,0,0,0,0,195.147,-4.8278,5,7,141.28
CCC[N+](CCC)(CCC)CCC,TOX6130,0,0,0,0,0,0,0,0,0,0,0,0,186.363,3.4432,0,0,0
O=C(OCCOCCOCCOC(=O)c1ccccc1)c1ccccc1,TOX9611,0,0,0,0,0,0,0,0,0,0,0,0,358.39,2.7336,0,6,71.06
C=C(C)C1CC=C(C)CC1,TOX9612,1,0,0,0,0,0,0,0,0,0,0,0,136.238,3.3089,0,0,0
NC(CSCC(=O)O)C(=O)O,TOX2738,,,,,,,,0,,0,,,179.197,-0.7839,3,4,100.62
CN1C2=CC(=O)C(=NNC(N)=O)C=C2CC1S(=O)(=O)[O-],TOX2732,0,0,0,0,0,0,0,,0,,0,0,299.288,-1.3895,2,7,144.99
C[N+](C)(C)CCOC(N)=O,TOX2730,0,0,0,0,0,0,,0,0,0,0,0,147.198,-0.2121,1,2,52.32
NC(=O)N1c2ccccc2C=Cc2ccccc21,TOX2731,1,1,0,0,0,0,0,0,0,0,0,0,236.274,3.3872,1,1,46.33
CCOC(=O)n1ccn(C)c1=S,TOX2736,0,0,0,0,0,0,0,0,0,0,0,0,186.236,1.56069,0,5,36.16
CN(C)c1cccc(O)c1,TOX5101,0,0,1,0,0,0,0,,0,0,1,0,137.182,1.4582,1,2,23.47
CCN(CC)CCOCCOC(=O)C1(c2ccccc2)CCCC1,TOX2734,0,0,0,0,0,0,0,0,0,0,,0,333.472,3.4,0,4,38.77
COc1ccc(C[C@H](C)NC[C@@H](O)c2ccc(O)c(NC=O)c2)cc1.COc1ccc(C[C@H](C)NC[C@@H](O)c2ccc(O)c(NC=O)c2)cc1,TOX25679,0,0,0,0,0,0,0,,0,,0,0,688.822,4.4466,8,10,181.64
COC(=O)C[C@](O)(CCCC(C)(C)O)C(=O)O[C@@H]1C(OC)=CC23CCCN2CCc2cc4c(cc2[C@H]13)OCO4,TOX25678,0,0,,1,,0,,,,,,1,545.629,2.5807,2,10,123.99
CC(=O)CCC(=O)O,TOX1648,0,0,0,0,0,0,0,0,0,0,0,0,116.116,0.4402,1,2,54.37
O=C(C1CCCCC1)N1CC(=O)N2CCc3ccccc3C2C1,TOX1182,0,0,0,0,1,0,0,0,0,0,0,0,312.413,2.5349,0,2,40.62
CCCCCCCC=O,TOX1643,0,0,0,0,0,0,0,0,0,0,0,0,128.215,2.5458,0,1,17.07
CCCCCCCCCCCCCCCCCC(=O)O,TOX1642,0,0,0,0,1,1,0,0,0,0,0,0,284.484,6.3325,1,1,37.3
CCCCCCCCC(=O)O,TOX1641,0,0,0,0,0,0,0,0,0,0,0,0,158.241,2.8216,1,1,37.3
O=C(O)CCCCCCCC(=O)O,TOX1640,0,0,0,0,1,1,0,0,0,0,0,0,188.223,1.8863,2,2,74.6
CCCC(=O)C(=O)O,TOX1647,0,0,0,0,0,0,0,,0,0,0,0,116.116,0.4402,1,2,54.37
O=C(O)CC(=O)C(=O)O,TOX1646,0,0,0,0,0,0,0,,0,0,0,0,132.071,-0.8852,2,3,91.67
CCCCCCCC(=O)O,TOX1645,0,0,0,0,0,0,0,0,0,0,0,0,144.214,2.4315,1,1,37.3
Cl/C(=C\n1cncn1)c1ccc(Cl)cc1Cl,TOX25676,0,0,0,1,0,0,0,0,0,0,0,0,274.538,3.7793,0,3,30.71
CC(C)c1ccc2oc3nc(N)c(C(=O)O)cc3c(=O)c2c1,TOX2595,1,,1,,,,0,1,1,0,,0,298.298,2.745,2,5,106.42
CC(=O)Nc1ccc(/C=N/NC(N)=S)cc1,TOX2593,1,0,0,,0,0,0,0,0,0,0,0,236.3,0.8121,3,3,79.51
Nc1ccc(C(=O)NCC(=O)O)cc1,TOX2590,0,0,0,0,0,0,0,0,0,0,0,0,194.19,0.0832,3,3,92.42
Clc1ccc2c(c1)C(N1CCNCC1)=Nc1ccccc1O2,TOX2598,0,0,0,1,0,,0,0,0,,,,313.788,3.4292,1,4,36.86
CCOC(=O)O[C@]1(C(=O)OCCl)CC[C@H]2[C@@H]3CCC4=CC(=O)C=C[C@]4(C)[C@H]3[C@@H](O)C[C@@]21C,TOX26468,,,,,,,,1,,0,,,466.958,3.9165,1,7,99.13
CCCCOC(=O)[C@@H](C)Oc1ccc(Oc2ccc(C#N)cc2F)cc1,TOX14503,0,0,0,0,0,0,0,0,0,0,0,0,357.381,4.60028,0,5,68.55
Cc1cccc(C)c1NC(=O)CN1CCCC1=O,TOX923,0,0,0,0,0,0,0,0,0,0,0,0,246.31,1.86434,1,2,49.41
Nc1cccc2ccccc12,TOX920,0,0,1,0,0,0,0,,0,0,0,0,143.189,2.422,1,1,26.02
Nc1ccc2ccccc2c1,TOX921,0,0,1,,0,0,0,0,0,0,0,0,143.189,2.422,1,1,26.02
CCCCN(CCCC)C(=S)S[Ni]SC(=S)N(CCCC)CCCC,TOX927,0,0,0,0,,0,0,0,0,0,0,0,467.461,6.7395,0,4,6.48
[Ni+2],TOX928,0,0,0,0,0,0,0,0,0,0,,0,58.693,-0.0025,0,0,0
NC(=O)c1cccnc1,TOX929,0,0,0,0,0,0,0,0,0,0,0,0,122.127,0.1805,1,2,55.98
CCCCCCCCCCCCCCCC(=O)OC[C@@H](COP(=O)([O-])OCC[N+](C)(C)C)OC(=O)CCCCCCCCCCCCCCC,TOX28629,0,0,,0,1,0,0,,0,,0,0,734.053,10.6118,0,8,111.19
CCN(CC)c1ccc(C(=C2C=CC(=[N+](CC)CC)C=C2)c2ccccc2)cc1,TOX28626,0,,,,,,,,1,,1,,385.575,5.954,0,1,6.25
c1ccc(CCNc2nc(-c3ccccc3)cs2)cc1,TOX28621,1,0,1,,1,0,0,,1,0,,0,280.396,4.4647,1,3,24.92
Nc1nnnn1-c1ccccc1,TOX28620,0,0,0,0,0,0,0,0,0,0,0,0,161.168,0.2445,1,5,69.62
CCCCCCCCCCCCCCCCCC(=O)O[AlH3](O)O,TOX28623,1,0,0,,0,0,0,,0,,0,0,347.496,3.9575,2,4,66.76
CCOc1ccc(NS(=O)(=O)c2ccc(N)cc2)nn1,TOX28622,0,0,0,0,0,0,0,0,0,0,0,0,294.336,1.2583,2,6,107.2
CN1CCCN=C1COC(=O)C(O)(c1ccccc1)C1CCCCC1,TOX25909,0,0,0,0,0,0,0,0,0,0,,0,344.455,2.7317,1,5,62.13
CC(C)(C)C(=O)OCOC(=O)[C@@H]1N2C(=O)[C@@H](NC(=O)[C@H](N)c3ccccc3)[C@H]2SC1(C)C,TOX25459,0,0,0,0,0,0,0,0,0,0,0,0,463.556,1.3235,2,8,128.03
CCn1cc(C(=O)O)c(=O)c2cc(F)c(N3CCNCC3)nc21,TOX2984,0,0,0,0,0,0,0,0,0,0,0,0,320.324,0.6633,2,6,87.46
CO[C@H]1C[C@H](O[C@@H]2C(C)=CC[C@@H]3C[C@@H](C[C@]4(CC[C@H](C)[C@@H](C5CCCCC5)O4)O3)OC(=O)[C@@H]3C=C(C)/C(=N/O)[C@H]4OCC(=CC=C[C@@H]2C)[C@@]34O)O[C@@H](C)[C@@H]1O,TOX25903,0,0,0,0,0,0,0,,0,,,0,769.973,6.0698,3,12,154.73
CC[C@@H](C(=O)[C@@H](C)[C@@H](O)[C@H](C)[C@@H]1O[C@@H]([C@@H](CC)C(=O)[O-])CC[C@@H]1C)[C@H]1O[C@]2(C=C[C@@H](O)[C@]3(CC[C@@](C)([C@H]4CC[C@](O)(CC)[C@H](C)O4)O3)O2)[C@H](C)C[C@@H]1C,TOX25902,0,0,0,0,0,0,1,,0,,,,750.003,4.8533,3,11,164.04
CC(=O)Oc1cccc(O)c1,TOX25901,0,0,0,0,0,0,0,0,0,0,0,0,152.149,1.3175,1,3,46.53
CNc1ccc(C(=O)CC(O)CCC(C)C2OC(=O)CC(O)CC(=O)CC(O)CC(O)CC(O)CC(O)CC3(O)CC(O)C(C(=O)OC)C(CC(O[C@@H]4O[C@H](C)[C@@H](O)[C@H](N)[C@@H]4O)C=CC=CC=CC=CC=CC=CC=CC2C)O3)cc1,TOX25900,0,0,0,0,0,0,0,,0,,1,0,1141.359,2.8343,12,21,354.78
CCC(=O)O[C@]1(C(=O)CCl)[C@@H](C)C[C@H]2[C@@H]3CCC4=CC(=O)C=C[C@]4(C)[C@@]3(F)[C@@H](O)C[C@@]21C,TOX25907,1,1,1,,0,0,0,,0,0,1,0,466.977,4.1031,1,5,80.67
Cc1c(NC(C)C)c(=O)n(-c2ccccc2)n1C,TOX25906,0,0,0,0,0,0,0,0,0,0,0,0,245.326,2.30472,1,4,38.96
CC(C)(C)C(=O)OCOC(=O)[C@@H]1N2C(=O)[C@@H](N=CN3CCCCCC3)[C@H]2SC1(C)C,TOX25453,0,0,0,0,0,0,0,,0,,0,0,439.578,2.4116,0,7,88.51
COc1ccc2cc([C@H](C)CO)ccc2c1,TOX25904,0,0,,,1,0,0,,0,,0,0,216.28,2.9442,1,2,29.46
CO[Si](CCCNc1ccccc1)(OC)OC,TOX24648,0,0,0,0,0,0,0,,0,,0,0,255.39,2.3667,1,4,39.72
C#CCN(C)Cc1ccccc1,TOX24647,0,0,0,0,0,0,0,0,0,0,0,0,159.232,1.7516,0,1,3.24
CN1C(=O)CC(c2ccccc2)C1=O,TOX3460,0,0,0,0,,0,0,0,0,0,0,0,189.214,1.1589,0,2,37.38
NC(Cc1ccccc1)C(=O)O,TOX3463,0,0,0,,,0,0,,0,,0,0,165.192,0.641,2,2,63.32
Cc1ccc(N(CC2=NCCN2)c2cccc(O)c2)cc1,TOX3462,0,0,0,0,,0,0,,0,0,,,281.359,2.84042,2,4,47.86
CCCCCC,TOX1917,0,0,0,0,0,0,0,0,0,0,0,0,86.178,2.5866,0,0,0
CCCCCC(C)=O,TOX1916,0,0,0,0,0,0,0,0,0,1,0,0,114.188,2.1557,0,1,17.07
CCOC(=O)CCCCCCCCC(=O)OCC,TOX1915,0,0,0,0,,0,0,0,0,0,0,0,258.358,3.2334,0,4,52.6
CC(=O)CCC(C)C,TOX1914,0,0,0,0,0,0,0,0,0,0,0,0,114.188,2.0116,0,1,17.07
CC1(C)COP(Oc2ccccc2)OC1,TOX24646,0,0,0,,0,0,0,0,0,0,0,0,226.212,3.3653,0,3,27.69
O=C([O-])CN(CCN(CC(=O)[O-])CC(=O)[O-])CC(=O)[O-].[Fe+3],TOX7774,0,0,0,0,0,0,0,1,0,0,0,0,344.057,-7.4125,0,10,167
CCCCCCC(C)Nc1ccc(Nc2ccccc2)cc1,TOX7771,0,0,,,,0,,,0,,1,,296.458,6.201,2,2,24.06
C=CC(=O)NC(C)(C)CS(=O)(=O)O,TOX7770,0,0,0,0,0,0,0,0,0,1,0,0,207.251,-0.045,2,3,83.47
C=CC(=O)OCC(CC)(COC(=O)C=C)COC(=O)C=C,TOX7773,0,,,,,1,,1,1,,1,,296.319,1.5704,0,6,78.9
CC(CN)CCCN,TOX7772,0,0,0,0,,0,0,0,0,0,0,0,116.208,0.3201,2,2,52.04
CN(C)[C@@H]1C(O)=C(C(N)=O)C(=O)[C@@]2(O)C(O)=C3C(=O)c4c(O)cccc4[C@@](C)(O)[C@H]3C[C@@H]12,TOX3645,0,0,0,0,0,0,0,0,0,0,,0,444.44,-0.2144,6,9,181.62
C[C@]12CC[C@H]3[C@@H](CCC4=CC(=O)C=C[C@@]43C)[C@@H]1CCC(=O)O2,TOX3644,1,0,0,,1,1,0,,0,,0,0,300.398,3.5899,0,3,43.37
CN(C/C=C/C#CC(C)(C)C)Cc1cccc2ccccc12,TOX3640,0,0,0,0,0,0,0,,0,0,0,0,291.438,4.8773,0,1,3.24
CC1(O)CCC(C(C)(C)O)CC1,TOX3643,0,0,0,0,0,0,0,,0,,0,0,172.268,1.6985,2,2,40.46
CC(C)(C)c1ccc(C(O)CCCN2CCC(C(O)(c3ccccc3)c3ccccc3)CC2)cc1,TOX3642,0,0,0,0,0,0,0,,0,,,,471.685,6.4458,2,3,43.7
OCCOc1cccc(OCCO)c1,TOX24502,0,0,0,0,0,0,0,0,0,0,0,0,198.218,0.4288,2,4,58.92
O=C1c2ccccc2C(=O)C1c1nc2ccccc2c(Br)c1O,TOX24503,0,0,1,0,0,0,0,1,1,0,1,0,368.186,3.8657,1,4,67.26
O=[N+]([O-])O[Cd]O[N+](=O)[O-],TOX24504,0,,0,,0,,,,1,1,0,,236.42,-0.6845,0,6,104.74
CC(=O)OCCc1ccccc1,TOX24506,0,0,0,0,0,0,0,0,0,0,0,0,164.204,1.7922,0,2,26.3
CNCCCC12CCC(c3ccccc31)c1ccccc12,TOX25029,0,0,0,,0,0,,0,0,0,,0,277.411,4.2114,1,1,12.03
CC(C)N1C(=O)c2ccccc2C1=O,TOX24644,0,0,0,0,0,0,0,0,0,0,0,0,189.214,1.691,0,2,37.38
CCCCN(CCCCO)N=O,TOX210,0,0,0,0,0,0,0,0,0,0,0,0,174.244,1.5424,1,3,52.9
CC(C)(C)c1cc(CO)cc(C(C)(C)C)c1O,TOX211,0,0,0,,,0,0,1,0,0,1,0,236.355,3.4795,2,2,40.46
Cc1ccc(O)c(C(C)(C)C)c1,TOX212,0,0,0,,0,0,0,0,0,,,,164.248,2.99812,1,1,20.23
CCCCN(N=O)C(=N)N[N+](=O)[O-],TOX213,0,0,0,,,0,0,,0,1,0,1,189.175,0.48597,2,5,111.69
COc1ccc(O)c(C(C)(C)C)c1,TOX215,0,0,0,0,0,0,0,0,0,0,1,0,180.247,2.6983,1,2,29.46
Cc1cc(C(C)(C)C)c(O)c(C(C)(C)C)c1,TOX216,0,0,0,0,0,0,0,0,0,0,1,0,220.356,4.29562,1,1,20.23
COC(=O)C1CC(=O)C(C(=O)OC)CC1=O,TOX7617,0,0,0,0,0,0,0,0,0,,0,0,228.2,-0.5032,0,6,86.74
CC(Cl)COP(=O)(OCC(C)Cl)OCC(C)Cl,TOX7615,0,0,0,0,0,0,0,0,0,0,0,0,327.572,4.0262,0,4,44.76
O=C(O)Cc1ccc(Cl)cc1Cl,TOX21363,0,0,0,0,0,0,0,0,0,0,0,0,205.04,2.6205,1,1,37.3
OCc1ccc(Cl)cc1Cl,TOX21362,0,0,0,0,0,0,0,0,0,0,0,0,177.03,2.4857,1,1,20.23
Nc1c(Cl)cc(Cl)cc1[N+](=O)[O-],TOX21361,0,0,,1,0,0,0,1,0,0,0,0,207.016,2.4838,1,3,69.16
N#CSc1ccc([N+](=O)[O-])cc1[N+](=O)[O-],TOX21367,0,,0,,,1,,,0,1,1,,225.185,2.07618,0,6,110.07
COc1ccc([N+](=O)[O-])cc1[N+](=O)[O-],TOX21366,0,0,0,0,0,0,0,0,0,0,0,0,198.134,1.5116,0,5,95.51
C[N+](C)(C)CC1CO1,TOX24643,0,0,0,0,0,0,0,0,0,0,0,0,116.184,0.0914,0,1,12.53
CCC1(C)NC(=O)NC1=O,TOX21368,0,0,0,0,0,0,0,0,0,0,0,0,142.158,-0.0055,2,2,58.2
CCCCCCCCN1C=CN(C)C1,TOX29288,0,0,0,,,0,0,0,0,0,,,196.338,3.023,0,2,6.48
CCC[N+]1(C)CCCCC1.O=S(=O)([N-]S(=O)(=O)C(F)(F)F)C(F)(F)F,TOX29285,0,0,0,0,0,0,0,0,0,0,,0,422.413,3.0862,0,4,82.38
CCOC(=O)C(Cl)C(C)=O,TOX29286,0,0,0,0,0,0,0,0,0,0,0,0,164.588,0.7459,0,3,43.37
O=C1Nc2ccc([N+](=O)[O-])cc2C1=O,TOX29287,0,0,1,0,0,0,0,,0,0,1,,192.13,0.7296,1,4,89.31
O=c1[nH]c2ccccc2o1,TOX29280,0,0,0,0,0,0,0,0,0,0,0,0,135.122,1.1211,1,2,46
CCCC[n+]1cccc(C)c1.F[B-](F)(F)F,TOX29281,0,0,0,0,0,0,0,0,0,0,0,0,237.049,3.38262,0,0,3.88
COC(=O)C(C)=O,TOX29282,0,0,0,0,0,0,0,0,0,0,,0,102.089,-0.2516,0,3,43.37
CCOC(=O)c1ccc(N)cc1,TOX1804,0,0,,,,0,0,0,0,0,0,0,165.192,1.4455,1,3,52.32
CC(=O)OCC(COC(C)=O)OC(C)=O,TOX6691,0,0,1,0,1,0,0,0,0,0,0,0,218.205,0.0443,0,6,78.9
CCCCC(CC)COC(C)=O,TOX6694,0,0,0,0,1,0,0,0,0,0,0,0,172.268,2.7659,0,2,26.3
CCCCC(CC)COC(=O)CCCCCCCC(=O)OCC(CC)CCCC,TOX6697,0,0,0,0,0,0,0,0,0,0,0,0,412.655,7.2363,0,4,52.6
C1CN(SSN2CCOCC2)CCO1,TOX6698,0,0,0,,0,0,0,0,0,1,,0,236.362,0.8622,0,6,24.94
CC(COc1ccccc1)NC(C)C(O)c1ccc(O)cc1,TOX25328,0,0,0,0,0,0,0,0,0,0,0,0,301.386,2.8712,3,4,61.72
CC(=O)C=Cc1ccc2c(c1)OCO2,TOX5926,0,0,1,,0,0,0,,0,,0,,190.198,2.0175,0,3,35.53
O=Cc1ccc2c(c1)OCO2,TOX5924,,,0,0,0,0,0,0,0,0,0,0,150.133,1.2278,0,3,35.53
CC(=O)OCc1ccc2c(c1)OCO2,TOX5925,0,0,0,0,0,0,0,0,0,0,0,0,194.186,1.4784,0,4,44.76
CC1CCC2CC1C2(C)C,TOX5922,0,0,0,0,1,0,0,0,0,0,0,0,138.254,3.0786,0,0,0
CCNCC(O)c1cccc(O)c1,TOX25322,0,0,0,0,0,0,0,,0,,0,0,181.235,1.0351,3,3,52.49
Cc1ccc(O)c([N+](=O)[O-])c1,TOX6961,0,0,0,0,0,0,0,0,0,0,0,0,153.137,1.60882,1,3,63.37
O=C(OCCOCCOC(=O)c1ccccc1)c1ccccc1,TOX6967,0,0,0,0,0,0,0,0,0,0,0,0,314.337,2.717,0,5,61.83
CC(CNC1CCCCC1)OC(=O)c1ccccc1,TOX25321,0,0,0,0,0,0,0,0,0,0,,0,261.365,3.1542,1,3,38.33
Cc1cc(C)c(NC(=O)C[C@H](CC(=O)[O-])c2cccc3ccccc23)c(C(=O)N2CCC3(CCCC3)CC2)c1,TOX25775,0,0,0,0,1,0,,,0,,,0,525.669,5.50544,1,4,89.54
O=C(NC(=O)c1c(F)cccc1F)Nc1cc(Cl)c(F)c(Cl)c1F,TOX22440,0,0,,0,0,0,0,0,0,0,0,0,381.112,4.5117,2,2,58.2
CC(=O)CC(=O)Nc1ccccc1C,TOX6562,0,0,0,0,0,0,0,0,0,0,0,0,191.23,1.91262,1,2,46.17
N[C@@H](COP(=O)(O)O)C(=O)O,TOX26348,0,0,,0,0,0,0,0,0,0,0,0,185.072,-1.4924,4,4,130.08
C[C@H](N)[C@H](O)c1ccc(O)c(O)c1,TOX26349,,,,,,,,0,,0,,,183.207,0.4784,4,4,86.71
COCC(=O)O,TOX11591,0,0,0,0,0,0,0,0,0,0,0,0,90.078,-0.2826,1,2,46.53
CC(C)c1ncc([N+](=O)[O-])n1C,TOX26839,0,0,0,0,0,,0,,0,,0,0,169.184,1.4517,0,4,60.96
CBr.CCN(CC)CCOC(=O)C(O)(c1ccccc1)c1ccccc1,TOX26832,0,0,0,0,0,0,0,,0,,0,0,422.363,3.8186,1,4,49.77
CN/C(=N\C#N)NCCSCc1csc(N=C(N)N)n1,TOX26341,0,0,,0,0,0,0,0,0,0,0,0,312.428,-0.07272,4,6,137.5
ClCc1ccccc1.O=C1C[C@@H]2OCC=C3CN4CC[C@]56c7ccccc7N1[C@H]5[C@H]2[C@H]3C[C@H]46,TOX26830,0,0,0,0,0,0,0,,0,,0,0,461.005,4.5179,0,3,32.78
O=C(O)c1cc2ccccc2cc1O,TOX6560,0,0,1,,1,1,0,0,0,0,,0,188.182,2.2436,2,2,57.53
CNC(C)C(O)c1ccc(O)cc1,TOX26836,0,0,0,0,0,0,0,,0,,0,0,181.235,1.0335,3,3,52.49
NC(=O)CC[C@@H](N)C(=O)O,TOX26345,0,0,0,0,0,0,0,0,0,0,0,0,146.146,-1.3362,3,3,106.41
CCCCCCCCCCCCCC[n+]1ccc(C)cc1,TOX26834,0,,0,,,0,,,,,1,,290.515,5.98362,0,0,3.88
CC(C)C[C@@H](N)C(=O)O,TOX26347,0,0,0,0,0,0,0,0,0,0,0,0,131.175,0.4444,2,2,63.32
O=[N+]([O-])c1ccc(F)cc1F,TOX12869,,0,0,0,0,0,0,,0,0,0,0,159.091,1.873,0,2,43.14
NNC(N)=S,TOX1346,0,0,1,0,0,0,0,,0,1,0,0,91.139,-1.3067,3,2,64.07
C=CC(=O)OCC1CCCO1,TOX24884,0,0,0,0,0,0,0,,0,0,0,0,156.181,0.8946,0,3,35.53
O=C(N=NC(=O)OCc1ccccc1)OCc1ccccc1,TOX24887,0,0,1,,,0,0,0,0,0,,0,298.298,4.1122,0,4,77.32
O=C1OC(=O)c2cc(-c3ccc4c(c3)C(=O)OC4=O)ccc21,TOX24886,0,0,0,,0,0,0,0,0,1,0,0,294.218,1.9748,0,6,86.74
COC(=O)NCCC[Si](OC)(OC)OC,TOX24881,0,0,0,0,0,0,0,1,0,,0,0,237.328,0.6106,1,5,66.02
CCCOCCOCCOCCO,TOX24880,0,0,0,0,0,0,0,0,0,0,0,0,192.255,0.4385,1,4,47.92
CCCCS(=O)(=O)Cl,TOX24883,0,0,0,0,0,0,0,0,0,0,0,0,156.634,1.3551,0,2,34.14
C=C(C)C(=O)OCCOCCOC(=O)C(=C)C,TOX24882,0,0,0,,0,0,0,0,0,0,0,0,242.271,1.2416,0,5,61.83
CCCCC(CC)C(=O)[O-].CCCCC(CC)C(=O)[O-].[Ba+2],TOX24888,0,0,0,0,0,0,0,0,0,0,1,0,423.74,1.5246,0,4,80.26
NC(N)=S,TOX1348,0,0,1,0,0,0,0,0,0,0,0,0,76.124,-0.8113,2,1,52.04
CCC(C)(O)CCCC(C)C,TOX9110,0,0,0,0,0,0,0,0,0,0,0,0,158.285,2.9737,1,1,20.23
c1ccc(-c2cccc(-c3ccccc3)c2)cc1,TOX9117,0,0,1,,1,0,0,1,0,0,1,0,230.31,5.0206,0,0,0
Cc1cc(Cl)ccc1OCCCC(=O)O,TOX4193,0,0,0,,0,0,0,0,0,0,0,0,228.675,2.89202,1,2,46.53
Cc1cc(Cl)ccc1OC(C)C(=O)O,TOX4194,0,0,0,0,0,0,0,0,0,0,0,0,214.648,2.50032,1,2,46.53
Cc1cc(Cl)ccc1OCC(=O)O,TOX4195,0,0,0,0,0,0,,0,0,0,0,0,200.621,2.11182,1,2,46.53
O=C=Nc1ccc(Cc2ccc(N=C=O)cc2)cc1,TOX4196,0,0,0,0,0,0,0,0,0,0,0,0,250.257,3.212,0,4,58.86
CCC1(c2ccccc2)C(=O)NC(=O)NC1=O,TOX1122,0,0,0,0,0,0,0,0,0,0,0,0,232.239,0.7004,2,3,75.27
CCC1(c2ccccc2)C(=O)N=C([O-])NC1=O,TOX1123,0,0,0,0,0,0,0,0,0,0,0,0,231.231,-0.2929,1,3,81.59
S=C=NCCc1ccccc1,TOX1120,0,,1,,1,0,0,,0,1,,,163.245,2.3319,0,2,12.36
C=CCOC(=O)c1ccccc1N,TOX4441,0,0,0,0,0,0,0,,0,0,0,0,177.203,1.6116,1,3,52.32
c1ccc2c(c1)Nc1ccccc1S2,TOX1126,0,0,0,0,1,0,0,0,0,0,1,0,199.278,3.8948,1,2,12.03
Oc1ccccc1,TOX1124,0,0,0,0,0,0,0,0,0,0,0,0,94.113,1.3922,1,1,20.23
O=C1OC(c2ccc(O)cc2)(c2ccc(O)cc2)c2ccccc21,TOX1125,0,0,1,0,1,1,,1,0,0,1,0,318.328,3.5601,2,4,66.76
COc1ccc(CCC(=O)c2c(O)cc(O[C@@H]3O[C@H](CO)[C@@H](O)[C@H](O)[C@H]3O[C@@H]3O[C@@H](C)[C@H](O)[C@@H](O)[C@H]3O)cc2O)cc1O,TOX5706,0,0,0,0,0,0,0,0,0,0,0,0,612.581,-1.342,9,15,245.29
CN(C)N=Nc1ccccc1,TOX1128,0,0,0,0,0,0,0,0,0,0,0,0,149.197,2.2469,0,2,27.96
S=C=Nc1ccccc1,TOX1129,0,0,,0,0,0,0,1,0,,1,0,135.191,2.4209,0,2,12.36
CC(=O)OC(C)OC(C)=O,TOX7188,0,0,0,0,0,0,0,0,0,0,0,0,146.142,0.4586,0,4,52.6
C/C=C1\C(=O)C[C@H]2[C@@H]3CCC4=CC(=O)CC[C@]4(C)[C@H]3CC[C@]12C,TOX13539,0,0,0,,,0,,1,0,0,,,312.453,4.6436,0,2,34.14
C/C=C1/C(=O)C[C@H]2[C@@H]3CCC4=CC(=O)CC[C@]4(C)[C@H]3CC[C@]12C,TOX13538,0,0,0,,1,0,,1,0,1,0,1,312.453,4.6436,0,2,34.14
CC(C)Cc1ccccc1,TOX7181,0,0,0,0,0,0,0,0,0,0,0,0,134.222,2.8851,0,0,0
CCOC(=O)Cl,TOX7186,0,0,0,0,0,0,0,0,0,0,0,0,108.524,1.3817,0,2,26.3
C[Si]1(C)O[Si](C)(C)O[Si](C)(C)O[Si](C)(C)O[Si](C)(C)O1,TOX7184,0,0,0,0,0,0,0,0,0,0,0,0,370.775,3.592,0,5,46.15
C[Si]1(C)O[Si](C)(C)O[Si](C)(C)O1,TOX7185,0,0,0,0,0,0,0,0,0,0,0,0,222.465,2.1552,0,3,27.69
c1ccc2cc3ccccc3cc2c1,TOX3878,0,0,,,,0,0,0,0,0,1,0,178.234,3.993,0,0,0
CCOC(=O)[C@H](CCc1ccccc1)N[C@@H](C)C(=O)N1Cc2cc(OC)c(OC)cc2C[C@H]1C(=O)O,TOX24267,0,0,1,0,0,0,0,0,0,0,0,0,498.576,2.5843,2,7,114.4
CNCC[C@@H](Oc1ccccc1C)c1ccccc1,TOX24266,0,0,0,0,0,0,,,0,0,0,0,255.361,3.72462,1,2,21.26
O=C(O)COCCN1CCN(C(c2ccccc2)c2ccc(Cl)cc2)CC1,TOX24268,0,0,0,0,0,0,0,1,0,0,0,0,388.895,3.1482,1,4,53.01
Nc1ccncc1,TOX3870,0,0,0,0,0,0,0,0,0,0,0,0,94.117,0.6638,1,2,38.91
Cc1ccc(/N=C/N(C)/C=N/c2ccc(C)cc2C)c(C)c1,TOX3871,0,0,1,,0,0,0,0,0,0,1,0,293.414,4.87188,0,2,27.96
NS(=O)(=O)[O-],TOX3875,0,0,0,0,0,0,0,0,0,0,0,0,96.087,-1.5947,1,3,83.22
COCCl,TOX307,0,0,0,0,0,0,0,0,0,0,0,0,80.514,0.8291,0,1,9.23
O=C(CCCN1CCC(O)(c2ccc(Br)cc2)CC1)c1ccc(F)cc1,TOX2690,0,0,0,0,0,0,0,0,0,0,0,0,420.322,4.5347,1,3,40.54
Cc1nnc2n1-c1sc(Br)cc1C(c1ccccc1Cl)=NC2,TOX2692,0,0,0,,,0,0,,1,,,0,393.697,4.40412,0,5,43.07
CCCCNc1cc(C(=O)O)cc(S(N)(=O)=O)c1Oc1ccccc1,TOX2699,0,0,0,0,0,0,0,0,0,0,0,0,364.423,3.0365,3,5,118.72
C[N+](C)(C)CCCl,TOX303,0,0,0,0,0,,0,,0,0,0,0,122.619,0.9314,0,0,0
CC(C)(C)c1ccc(-c2ccc(C(C)(C)C)cc2)cc1,TOX28168,0,0,0,0,0,0,0,0,0,0,,0,266.428,5.9486,0,0,0
CCCCCCC(=O)c1ccccc1,TOX28169,0,0,0,,,0,0,0,0,0,0,0,190.286,3.8397,0,1,17.07
CCC(C)(C)C1CCC(OC)CC1,TOX28162,0,0,0,,0,0,,0,0,0,0,0,184.323,3.6278,0,1,9.23
Cc1ccc(S)cc1,TOX28163,0,0,0,0,0,0,0,0,0,,0,0,124.208,2.28372,1,1,0
O=C(O)Cc1cc(I)c(Oc2cc(I)c(O)c(I)c2)c(I)c1,TOX28160,0,0,0,,,0,,1,0,,1,,747.83,5.23,2,3,66.76
CCc1cc(Cc2cc(CC)c(N)c(CC)c2)cc(CC)c1N,TOX28166,0,0,1,,,0,0,,0,,,,310.485,4.6914,2,2,52.04
CCCCc1ccc(Cl)cc1,TOX28167,0,0,,0,0,0,0,0,0,0,0,0,168.667,3.6826,0,0,0
CCCCCCCCCCCCOC(=O)c1cc(O)c(O)c(O)c1,TOX28164,0,,0,,,,,,0,,1,1,338.444,4.8811,3,5,86.99
COC(=O)[C@]1(C)CCC[C@]2(C)[C@H]3CCC(C(C)C)=CC3=CC[C@@H]12,TOX28165,0,0,1,0,0,0,0,,0,0,1,0,316.485,5.2946,0,2,26.3
C[C@H](CS)C(=O)N1CCC[C@H]1C(=O)O,TOX17197,,,,,,,,0,,0,,,217.29,0.6279,2,3,57.61
ClC(Cl)(Cl)c1ccc(C(Cl)(Cl)Cl)cc1,TOX6366,0,0,,0,0,0,0,0,0,0,,0,312.838,5.34,0,0,0
O=C(O)c1ccccc1O,TOX6368,0,0,0,0,0,0,0,0,0,0,0,0,138.122,1.0904,2,2,57.53
CCOP(=S)(OCC)SCCl,TOX17511,0,0,0,,0,0,0,0,0,0,0,0,234.71,3.2134,0,4,18.46
CCNS(=O)(=O)c1ccc(C)cc1,TOX5310,0,0,0,0,0,0,0,0,0,0,0,0,199.275,1.29322,1,2,46.17
CCN1CCOCC1,TOX5312,0,0,0,0,0,0,0,0,0,0,0,0,115.176,0.3385,0,2,12.47
CCN(Cc1ccccc1)c1ccccc1,TOX5315,0,0,0,0,0,0,0,0,0,0,,0,211.308,3.7131,0,1,3.24
C[C@]12C[C@H](O)[C@H]3[C@@H](CCC4=CC(=O)CC[C@@]43C)[C@@H]1CC[C@@H]2C(=O)CO,TOX2474,1,1,0,,0,0,0,1,0,0,0,0,346.467,2.6667,2,4,74.6
CCc1ccccc1O,TOX2479,0,0,0,0,0,0,0,0,0,0,0,0,122.167,1.9546,1,1,20.23
C=CC(=O)CC,TOX5318,0,0,0,0,0,0,0,0,0,0,,0,84.118,1.1515,0,1,17.07
CCC1(c2ccccc2)C(=O)NC(=O)N(C)C1=O,TOX3258,1,0,0,0,0,0,0,,0,,0,0,246.266,1.0426,1,3,66.48
Cc1ccccc1OCC(O)CO,TOX3254,0,0,0,0,1,,0,0,0,0,0,0,182.219,0.72702,2,3,49.69
COc1ccccc1OCC1CNC(=O)O1,TOX3255,0,0,0,0,0,0,0,0,0,0,0,0,223.228,1.1824,1,4,56.79
C[N+]1(C)CCCC(OC(=O)C(O)(c2ccccc2)c2ccccc2)C1,TOX3252,,0,0,,,0,0,0,0,0,0,0,340.443,2.7045,1,3,46.53
CC(C)[C@H](C(=O)O[C@H](C#N)c1cccc(Oc2ccccc2)c1)c1ccc(Cl)cc1,TOX12667,0,0,0,0,0,0,0,0,0,,,0,419.908,6.67998,0,4,59.32
CC(CC(C#N)(c1ccccc1)c1ccccc1)N(C)C,TOX28838,0,0,0,0,0,0,,0,0,0,,0,278.399,3.83648,0,2,27.03
CCC(=O)O[C@H]1CC[C@H]2[C@@H]3CCC4=CC(=O)CC[C@]4(C)[C@H]3CC[C@]12C,TOX16515,1,1,0,,1,1,0,,0,0,0,0,344.495,4.8401,0,3,43.37
CC1=C(/C=C/C(C)=C/C=C\C(C)=C\C(=O)Nc2ccc(O)cc2)C(C)(C)CCC1,TOX12005,0,0,0,,,0,,,,,1,,391.555,6.8623,2,2,49.33
Nc1nc(N)c(N)c(N)n1,TOX17023,,0,,,0,0,0,,0,0,1,0,140.15,-1.1946,4,6,129.86
N=C(N)NCCC[C@H](N)C(=O)O,TOX21056,,,,,,,,0,,0,,,174.204,-1.33843,5,3,125.22
CC[Ge](Cl)(CC)CC,TOX29341,0,0,0,0,1,0,0,0,0,0,0,0,195.249,3.2304,0,0,0
CCN1C=CN(C)C1C,TOX29340,0,0,0,0,0,0,0,0,0,0,0,0,126.203,1.0709,0,2,6.48
CCCC[N+]1(C)CCCCC1.O=S(=O)([O-])C(F)(F)F,TOX29343,0,0,0,0,1,0,0,0,0,0,0,0,305.362,2.4684,0,3,57.2
O=Cc1cccc([N+](=O)[O-])c1,TOX29342,0,0,0,0,0,0,0,0,0,0,0,0,151.121,1.4073,0,3,60.21
Cc1c(C)n(Cc2ccccc2)c2ccc(C(=O)OCCN(C)C)cc12,TOX26137,0,0,1,0,0,0,0,,0,0,,0,350.462,4.02484,0,4,34.47
C[C@@H](CSC(=O)c1ccccc1)C(=O)N1C[C@@H](Sc2ccccc2)C[C@H]1C(=O)O,TOX26640,0,0,0,0,0,0,0,0,0,0,0,0,429.563,4.0425,1,5,74.68
CO/N=C(\C(=O)N[C@@H]1C(=O)N2C(C(=O)[O-])=CCS[C@H]12)c1csc(N)n1,TOX26643,0,0,0,0,0,0,0,,0,,0,0,382.403,-1.8905,2,10,150.04
CCc1oc2ccccc2c1C(=O)c1cc(I)c(O)c(I)c1,TOX26134,0,0,0,,,0,1,,,1,1,1,518.088,5.141,1,3,50.44
CCC[N+]1(C)CCCC1.O=S(=O)([O-])C(F)(F)F,TOX29349,0,0,0,0,0,0,0,0,0,0,0,0,277.308,1.6882,0,3,57.2
CCN(CC)CCOc1ccccc1OC,TOX26139,0,0,0,0,0,0,0,,0,,0,0,223.316,2.4158,0,3,21.7
CCC1(c2ccccc2)C(=O)NC(=O)N(C(=O)c2ccccc2)C1=O,TOX26138,0,0,0,0,0,0,0,,0,,1,0,336.347,2.2532,1,4,83.55
C=C1/C(=C\C=C2/CCC[C@@]3(C)[C@H]2CC[C@@H]3[C@H](C)/C=C/[C@@H](O)C2CC2)C[C@@H](O)C[C@@H]1O,TOX26648,0,,0,0,0,0,,1,0,1,1,,412.614,5.0906,3,3,60.69
COP(=O)(OC)OC(Br)C(Cl)(Cl)Br,TOX4209,0,1,0,,0,1,1,1,1,0,0,1,380.784,3.6512,0,4,44.76
N#CC(C#N)=NNc1cccc(Cl)c1,TOX20990,0,,0,1,,,,,,1,1,,204.62,2.15506,1,4,71.97
Cc1cccc(O)c1,TOX4200,0,0,0,0,0,0,0,0,0,0,0,0,108.14,1.70062,1,1,20.23
CSc1nnc(C(C)(C)C)c(=O)n1N,TOX4204,0,0,0,0,0,0,0,0,0,0,0,0,214.294,0.3715,1,6,73.8
CCSC(=O)N1CCCCCC1,TOX4206,0,0,0,0,0,0,0,0,0,0,0,0,187.308,2.7355,0,2,20.31
CCO,TOX584,0,0,0,0,0,0,0,0,0,0,0,0,46.069,-0.0014,1,1,20.23
CC(C)=CCC/C(C)=C/COC=O,TOX27614,0,0,0,0,0,0,0,0,0,0,0,0,182.263,2.8521,0,2,26.3
CN(C)C(=O)NC1(c2ccccc2)CCN(CCC[C@@]2(c3ccc(Cl)c(Cl)c3)CCCN(C(=O)c3ccccc3)C2)CC1,TOX27341,0,0,0,,0,0,0,,0,0,,0,621.653,7.2101,1,3,55.89
CCN(CC)CCNc1ccc(CNC=O)c2sc3ccc(OC)cc3c(=O)c12,TOX27347,0,1,1,,1,1,,,1,0,,1,413.543,3.423,2,6,70.67
N#C[C@@H]1CC(F)(F)CN1C(=O)CNC1CC2CCC(C1)N2c1ncccn1,TOX27346,0,0,0,0,0,0,0,0,0,,,0,376.411,1.32578,1,6,85.15
CC(C)(CO)C(O)C(=O)NCCCO,TOX24598,0,0,0,0,0,0,,0,0,0,0,0,205.254,-1.1356,4,4,89.79
CCOP(=O)(Cl)Cl,TOX7407,0,0,0,0,0,0,0,0,0,0,0,0,162.94,2.6086,0,2,26.3
CCCC[Sn](Cl)(CCCC)CCCC,TOX7403,0,,0,,,,1,1,0,,1,,325.512,5.571,0,0,0
COC(=O)c1cccc(C(=O)OC)c1,TOX7402,0,0,0,0,0,0,0,0,0,0,0,0,194.186,1.2598,0,4,52.6
COC(C)(OC)OC,TOX7400,0,0,0,0,0,0,0,0,0,0,,0,120.148,0.5993,0,3,27.69
CC(C)CCC[C@@H](C)[C@H]1CC(=O)C2=C3CC[C@H]4C[C@@H](O)CC[C@]4(C)[C@H]3CC[C@@]21C,TOX26212,0,0,0,0,0,0,0,,0,,0,0,400.647,6.7118,1,2,37.3
CCOCC(=O)O,TOX11294,0,0,0,0,0,0,0,0,0,0,0,0,104.105,0.1075,1,2,46.53
CC(=O)C1(C)CC2=C(CCCC2(C)C)CC1C,TOX11290,0,0,0,0,0,0,0,0,0,0,1,0,234.383,4.5183,0,1,17.07
O=C1OC(OC(=O)c2cccnc2Nc2cccc(C(F)(F)F)c2)c2ccccc21,TOX26740,0,,0,0,0,0,0,,0,0,1,0,414.339,4.87,1,6,77.52
CCCCCCCCCOC(=O)CCCCC(=O)OCCCCCCC,TOX27517,0,0,0,0,0,0,0,,0,0,0,0,370.574,6.3542,0,4,52.6
Cc1cc(CCCOc2c(C)cc(-c3noc(C(F)(F)F)n3)cc2C)on1,TOX31438,,,,,,,,0,,0,,,381.354,4.68026,0,6,74.18
CC(C(=O)c1ccccc1)N(C)C,TOX31439,,,,,,,,0,,0,,,177.247,1.8194,0,2,20.31
CCCC(=O)OCc1ccccc1,TOX27510,0,0,0,0,0,0,0,0,0,0,0,0,178.231,2.5299,0,2,26.3
CCCCCCCCCCCCCCCC(=O)OCC,TOX27511,0,0,0,0,0,0,0,0,0,0,0,0,284.484,6.0308,0,2,26.3
CC1CCCCN1CCCOC(=O)c1ccc(OC2CCCCC2)cc1,TOX31432,,,,,,,,0,,0,,,359.51,4.8194,0,4,38.77
Cc1oc(-c2ccccc2)nc1CCC(=O)c1ccc(CC2SC(=O)NC2=O)cc1,TOX31433,,,,,,,,1,,0,,,420.49,4.35962,1,6,89.27
Cc1ccccc1C(=O)Nc1ccc(C(=O)N2CCCC(N(C)C)c3ccccc32)cc1,TOX31430,,,,,,,,0,,0,,,427.548,5.29062,1,3,52.65
O=S1(=O)c2cccc3cccc(c23)N1CCCN1CCN(c2ccc(F)cc2)CC1,TOX26743,0,0,0,0,,0,0,1,0,0,,,425.529,3.6999,0,4,43.86
CC(C)(Oc1ccc(Cl)cc1)C(=O)OCCCOC(=O)C(C)(C)Oc1ccc(Cl)cc1,TOX31436,,,,,,,,0,,0,,,469.361,5.4849,0,6,71.06
CC(C)C(=O)OCc1cccc(OC(=O)[C@@H]2N3C(=O)[C@@H](NC(=O)Cc4ccccc4)[C@H]3SC2(C)C)c1,TOX31437,,,,,,,,0,,0,,,510.612,3.081,1,7,102.01
c1ccc([C@H]2CN3CCSC3=N2)cc1,TOX27518,0,0,0,0,1,,0,0,0,0,,0,204.298,2.1461,0,3,15.6
CCCCCCOC(=O)C(C)C,TOX27519,1,0,0,,0,0,0,0,0,0,0,0,172.268,2.7659,0,2,26.3
COC(C)(C)CC(C)=O,TOX5557,0,0,0,0,0,0,0,0,0,0,0,0,130.187,1.3905,0,2,26.3
CC(C)CCCCCCOC(=O)c1ccc(C(=O)OCCCCCCC(C)C)c(C(=O)OCCCCCCC(C)C)c1,TOX8033,0,0,0,0,0,0,0,0,0,0,0,0,588.87,9.9765,0,6,78.9
COc1ccccc1/C=C/C=O,TOX5551,0,0,0,,0,0,0,0,0,0,0,0,162.188,1.9073,0,2,26.3
CC1(C)CC(OC(=O)CCCCCCCCC(=O)OC2CC(C)(C)NC(C)(C)C2)CC(C)(C)N1,TOX8030,0,0,0,0,0,0,0,0,0,0,,0,480.734,5.812,2,6,76.66
COc1ccc(C(=O)Nc2ccccc2)cc1[N+](=O)[O-],TOX5558,0,0,1,,1,0,0,,0,0,1,0,272.26,2.8557,1,4,81.47
CC1=NN(c2cc(S(=O)(=O)[O-])ccc2Cl)C(=O)C1/N=N/c1ccccc1,TOX21646,0,0,,0,0,0,0,0,0,0,0,0,391.816,3.1191,0,7,114.59
Cc1ccc(C)c(S(=O)(=O)O)c1,TOX21641,0,0,0,0,0,0,0,0,0,0,0,0,186.232,1.55014,1,2,54.37
O=Cc1ccccc1S(=O)(=O)[O-],TOX21643,0,0,0,0,0,0,0,0,0,0,0,0,185.18,0.4032,0,4,74.27
NCCCC(O)(P(=O)([O-])O)P(=O)(O)O,TOX27778,,,,,,,,0,,0,,,248.088,-1.9052,5,5,164.14
COc1ccc2c3c1O[C@H]1C(=O)CC[C@H]4[C@@H](C2)N(C)CC[C@]314.COc1ccc2c3c1O[C@H]1C(=O)CC[C@H]4[C@@H](C2)N(C)CC[C@]314,TOX27779,0,0,0,0,0,0,0,,0,,0,0,598.74,3.8666,0,8,77.54
CN(C)CCOc1ccccc1Cc1ccccc1.O=C(O)CC(O)(CC(=O)O)C(=O)O,TOX27770,0,0,0,0,0,0,0,0,0,0,,0,447.484,1.9693,4,6,144.6
Cc1c(N)nc([C@H](CC(N)=O)NC[C@H](N)C(N)=O)nc1C(=O)N[C@H](C(=O)N[C@H](C)[C@@H](O)[C@H](C)C(=O)N[C@H](C(=O)NCCc1nc(-c2nc(C(=O)NCCCCNC(=N)N)cs2)cs1)[C@@H](C)O)[C@@H](O[C@@H]1O[C@@H](CO)[C@@H](O)[C@H](O)[C@@H]1O[C@H]1O[C@H](CO)[C@@H](O)[C@H](OC(N)=O)[C@@H]1O)c1cnc[nH]1,TOX27776,1,0,,,0,,0,,0,,0,1,1425.53,-8.70831,23,32,688.97
CC(=O)[C@]1(O)Cc2c(O)c3c(c(O)c2[C@@H](O[C@H]2C[C@H](N)[C@H](O)[C@H](C)O2)C1)C(=O)c1ccccc1C3=O,TOX27775,0,1,,1,,1,,1,1,0,1,1,497.5,1.0203,5,10,176.61
O=C(CCCN1CCC(O)(c2ccc(Cl)cc2)CC1)c1ccc(F)cc1,TOX14150,0,0,0,0,0,0,0,,0,0,,0,375.871,4.4256,1,3,40.54
c1ccc2c(c1)CCNC2,TOX6115,0,0,,0,0,0,0,0,0,0,0,0,133.194,1.3323,1,1,12.03
c1ccc2c(c1)CCCC2,TOX6118,0,0,0,0,0,0,0,0,0,0,0,0,132.206,2.5654,0,0,0
Cc1cc(C)c(C)c(C)c1,TOX6119,0,0,0,,0,0,0,0,0,0,,0,134.222,2.92028,0,0,0
COC(C)COC(C)COC(C)CO,TOX9329,0,0,1,0,0,0,0,0,0,0,0,0,206.282,0.8238,1,4,47.92
COC(=O)CCCC(=O)OC,TOX5122,0,0,0,0,0,0,0,0,0,0,0,0,160.169,0.5027,0,4,52.6
CCCCC(CC)COC(=O)c1ccc(N(C)C)cc1,TOX9320,0,0,1,0,0,0,0,0,0,0,1,0,277.408,4.1258,0,3,29.54
CCCCCC1C(=O)CCC1CC(=O)OC,TOX9325,0,0,0,0,0,0,0,0,0,0,0,0,226.316,2.7251,0,3,43.37
C=CCOc1c(Br)cc(C(C)(C)c2cc(Br)c(OCC=C)c(Br)c2)cc1Br,TOX9327,0,0,,0,0,0,0,1,0,0,0,0,624.005,8.1921,0,2,18.46
OCCOCC#CCOCCO,TOX21918,0,0,0,0,0,0,0,,0,0,,0,174.196,-0.9924,2,4,58.92
NCCOCCN,TOX21914,0,0,0,0,0,0,0,0,0,0,,0,104.153,-1.0796,2,3,61.27
CCCCOC(=O)C(=O)OCCCC,TOX21916,0,0,0,0,0,0,0,0,0,0,0,0,202.25,1.673,0,4,52.6
OCCN(CCO)CCN(CCO)CCO,TOX21917,0,0,0,0,,0,0,0,0,0,0,0,236.312,-2.4404,4,6,87.4
CCC1COC(Cn2cncn2)(c2ccc(Cl)cc2Cl)O1,TOX21913,0,0,1,1,0,0,0,0,0,0,,0,328.199,3.2633,0,5,49.17
CCCCCCC=O,TOX1597,0,0,0,0,0,0,0,0,0,0,0,0,114.188,2.1557,0,1,17.07
CCN1CCN(c2cc3c(cc2F)c(=O)c(C(=O)O)cn3C2CC2)CC1,TOX25619,0,0,0,0,0,0,0,0,0,0,,0,359.401,2.3156,1,5,65.78
CCCCN1C[C@H](O)[C@@H](O)[C@H](O)[C@H]1CO,TOX25618,0,0,0,0,0,0,0,0,0,0,0,0,219.281,-1.4543,4,5,84.16
Fc1ccc(C(c2ccc(F)cc2)N2CCN(C/C=C/c3ccccc3)CC2)cc1,TOX25616,0,0,0,,0,0,,0,0,0,0,,404.504,5.3852,0,2,6.48
O=S(=O)(c1cccc2cnccc12)N1CCCNCC1,TOX25615,0,0,0,1,,0,0,,0,0,,0,291.376,1.2188,1,4,62.3
CN1C[C@H](C(=O)N[C@]2(C)O[C@@]3(O)[C@@H]4CCCN4C(=O)[C@H](Cc4ccccc4)N3C2=O)C[C@@H]2c3cccc4[nH]cc(c34)C[C@H]21,TOX25614,0,0,0,0,,0,,,,0,,0,583.689,2.0811,3,6,118.21
CC(C)[C@@H]1CC[C@@H](C)CC1=O,TOX24384,0,0,0,0,0,0,0,0,0,0,0,0,154.253,2.6477,0,1,17.07
COc1ccc2c(c1OC)C(=O)O[C@H]2[C@@H]1c2cc3c(cc2CCN1C)OCO3,TOX25611,0,0,1,0,0,0,0,0,0,0,0,0,383.4,2.8732,0,7,66.46
CCOc1nc(F)cc2nc(S(=O)(=O)Nc3c(Cl)cccc3Cl)nn12,TOX14528,0,0,,,0,0,1,0,0,0,0,0,406.226,2.7697,1,7,98.48
CO[C@H]1C=CO[C@@]2(C)Oc3c(C)c(O)c4c(O)c(cc([O-])c4c3C2=O)NC(=O)C(C)=CC=C[C@H](C)[C@H](O)[C@@H](C)[C@@H](O)[C@@H](C)[C@H](OC(C)=O)[C@@H]1C,TOX20208,0,0,0,,0,0,,1,0,0,,0,696.77,4.12212,5,12,204.14
Cc1ncsc1CCO,TOX24382,0,0,0,0,0,0,0,0,0,0,0,0,143.211,0.98632,1,3,33.12
c1ccc(Sc2ccccc2)cc1,TOX24383,0,0,0,0,0,0,0,0,0,1,0,0,186.279,3.8378,0,1,0
CCCCCCCCCCCC(=O)O,TOX1590,0,0,0,0,0,0,0,0,0,0,0,0,200.322,3.9919,1,1,37.3
O=C(O)CCl,TOX901,0,0,0,0,0,0,0,,0,0,,0,94.497,0.3098,1,1,37.3
C[C@H]1C(=O)O[C@@H]2CCN3CC=C(COC(=O)[C@](C)(O)[C@]1(C)O)[C@H]23,TOX902,0,0,0,0,0,0,0,0,0,0,0,0,325.361,-0.3926,2,7,96.3
CN(C)CCN1C(=O)c2ccccc2N(C)c2ccccc21,TOX28394,0,0,0,0,0,0,0,0,0,0,0,0,295.386,2.9763,0,3,26.79
O=C(Cl)c1ccc(C(=O)Cl)cc1,TOX6653,0,0,0,0,0,0,0,0,0,0,0,0,203.024,2.4446,0,2,34.14
COc1c(N2C[C@@H]3CCCN[C@@H]3C2)c(F)cc2c(=O)c(C(=O)O)cn(C3CC3)c12,TOX28989,0,0,0,0,0,0,0,0,0,0,0,0,401.438,2.3705,2,6,83.8
CCOC(=O)[C@H](CCc1ccccc1)N[C@H]1CCc2ccccc2N(CC(=O)O)C1=O,TOX25922,,,,,,,,,,1,,,424.497,2.5731,2,5,95.94
CCCc1nc(C(C)(C)O)c(C(=O)OCc2oc(=O)oc2C)n1Cc1ccc(-c2ccccc2-c2nn[nH]n2)cc1,TOX25924,0,0,,0,,0,0,,0,,0,0,558.595,4.17002,2,11,162.16
CC(C)CC(N(C)C)C1(c2ccc(Cl)cc2)CCC1,TOX25927,0,0,0,0,0,0,0,0,0,0,0,0,279.855,4.738,0,1,3.24
C[C@@H]1O[C@@H](OC[C@H]2O[C@@H](Oc3c(-c4ccc(OCCO)c(OCCO)c4)oc4cc(OCCO)cc(O)c4c3=O)[C@H](O)[C@@H](O)[C@@H]2O)[C@H](O)[C@H](O)[C@H]1O,TOX25929,0,0,0,0,0,0,0,,0,,0,0,742.68,-2.6906,10,19,297.12
CC1(C)CC(N)CC(C)(C)N1,TOX24388,0,0,0,0,0,0,0,0,0,0,,0,156.273,1.2543,2,2,38.05
CC(O)[C@@H]1NC(=O)[C@H](CCCCN)NC(=O)[C@@H](Cc2c[nH]c3ccccc23)NC(=O)[C@H](Cc2ccccc2)NC(=O)[C@@H](NC(=O)[C@H](N)Cc2ccccc2)CSSC[C@@H](C(=O)N[C@H](CO)[C@@H](C)O)NC1=O,TOX28608,0,0,0,0,,0,0,,0,,0,0,1019.261,-0.8054,13,14,332.22
CCC(C)SSC(C)CC,TOX24698,0,0,0,0,0,0,0,0,0,0,,0,178.366,3.9648,0,2,0
Cc1cccc(OCCOc2cccc(C)c2)c1,TOX24690,0,0,1,0,,0,0,0,0,0,,0,242.318,3.76124,0,2,18.46
CC(C)c1ccc2sc3ccccc3c(=O)c2c1,TOX24691,0,0,1,,1,0,0,1,1,1,,0,254.354,4.5381,0,2,17.07
O=C(CCN1CC1)OCC(CO)(COC(=O)CCN1CC1)COC(=O)CCN1CC1,TOX24696,0,0,0,0,0,0,0,0,0,0,0,0,427.498,-1.2882,1,10,108.16
C#CC(O)C(CC)CCCC,TOX24697,0,0,0,0,0,0,0,0,0,0,0,0,154.253,2.1969,1,1,20.23
CCCCCCCCCCCCCC=O,TOX1665,0,0,0,0,1,0,0,0,0,0,0,0,212.377,4.8864,0,1,17.07
O=CC(Br)(Br)Br,TOX1667,0,,0,,,1,1,1,1,1,,,280.741,2.0238,0,1,17.07
CCCCCCCCCCCCCC(=O)O,TOX1666,0,0,0,0,0,0,0,0,0,0,0,0,228.376,4.7721,1,1,37.3
ClC1=C(Cl)C1(Cl)Cl,TOX1660,0,0,0,0,0,0,0,0,0,0,0,0,177.845,2.8631,0,0,0
O=C(O)C(Br)(Br)Br,TOX1668,0,0,0,0,0,0,0,1,0,0,0,0,296.74,1.9095,1,1,37.3
C[C@H]1CCC[C@H](O)CCCCCc2cc(O)cc(O)c2C(=O)O1,TOX2315,0,0,,,1,1,,,0,1,1,0,322.401,3.2908,3,5,86.99
O=c1c(-c2ccc(O)cc2)coc2cc(O)ccc12,TOX2310,0,,1,,1,1,0,,1,0,,0,254.241,2.8712,2,4,70.67
COc1ccc(-c2coc3cc(O)ccc3c2=O)cc1,TOX2311,,0,1,,1,1,0,1,1,0,1,0,268.268,3.1742,1,4,59.67
CCCCCCCCc1ccc(O)cc1,TOX2312,0,0,0,,1,0,0,,0,,1,0,206.329,4.2952,1,1,20.23
CCCCCCCO,TOX1937,0,0,0,0,0,0,0,0,0,0,0,0,116.204,1.9491,1,1,20.23
N#CCCCCC#N,TOX1936,0,0,0,0,0,0,0,0,0,0,0,0,108.144,1.59396,0,2,47.58
CCCCCCO,TOX1931,0,0,0,0,,0,0,0,0,0,0,0,102.177,1.559,1,1,20.23
CCCCCCN,TOX1930,0,0,0,0,0,0,0,0,0,1,,0,101.193,1.5254,1,1,26.02
OCCNCCO,TOX1932,0,0,0,0,0,0,0,0,0,0,0,0,105.137,-1.4394,3,3,52.49
C=C(C)CNCC,TOX7798,0,0,0,0,1,0,0,0,0,0,0,0,99.177,1.172,1,1,12.03
CCCCC(CC)C(=O)OCCOCCOCCOCCOC(=O)C(CC)CCCC,TOX7797,0,0,0,1,0,0,0,0,0,0,0,0,446.625,4.5554,0,7,80.29
N#Cc1nc(Cl)c(Cl)c(Cl)c1Cl,TOX7795,0,,,,,1,,,1,,,1,241.892,3.56688,0,2,36.68
O=C1c2ccccc2C(=O)N1SC1CCCCC1,TOX7793,0,,0,,0,0,,0,0,1,1,,261.346,3.2635,0,3,37.38
CC[Si](OC(C)=O)(OC(C)=O)OC(C)=O,TOX7792,0,0,0,0,0,0,0,0,0,0,0,0,234.28,0.6345,0,6,78.9
CCCOCC(C)OCC(C)O,TOX13276,0,0,0,0,0,0,0,,0,0,0,0,176.256,1.1989,1,3,38.69
O=C1c2ccccc2C(=O)N1CCl,TOX7790,0,0,0,0,0,0,0,0,0,0,0,0,195.605,1.4789,0,2,37.38
O=C1Nc2ccccc2C1(c1ccc(O)cc1)c1ccc(O)cc1,TOX24528,0,0,0,,,0,,0,0,0,,1,317.344,3.3843,3,3,69.56
CCOc1ccc(NC(=O)CC(C)=O)cc1,TOX24526,0,0,1,0,0,0,0,0,0,0,0,0,221.256,2.0029,1,3,55.4
O=C(CS)OCCOC(=O)CS,TOX24527,0,0,,,0,0,0,0,1,0,0,1,210.276,-0.0676,2,6,52.6
CC(O)C(=O)O[Hg]c1ccccc1,TOX24525,0,1,,,,1,1,,,1,,1,366.766,0.2334,1,3,46.53
CCN(CC)C(=O)N(CC)CC,TOX24522,0,0,0,0,0,0,0,0,0,0,0,0,172.272,1.79,0,1,23.55
Cc1ccc(N)cc1S(=O)(=O)O,TOX24523,0,0,,0,0,0,0,0,0,0,0,0,187.22,0.82392,2,3,80.39
CCOC(=O)c1ccccc1C(=C1C=C(Br)C(=O)C(Br)=C1)c1cc(Br)c(O)c(Br)c1,TOX24520,0,0,0,0,0,,,1,,,1,,661.966,7.0361,1,4,63.6
CC[C@]1(O)C[C@H]2CN(CCc3c([nH]c4ccccc34)[C@@](C(=O)OC)(c3cc4c(cc3OC)N(C=O)[C@H]3[C@@](O)(C(=O)OC)[C@H](OC(C)=O)[C@]5(CC)C=CCN6CC[C@]43[C@@H]65)C2)C1,TOX12278,0,,,0,,,,,1,0,,,824.972,3.5175,3,12,171.17
COC(=O)COc1ccc(Cl)cc1Cl,TOX21349,0,0,0,0,0,0,0,0,0,0,0,0,235.066,2.5452,0,3,35.53
O=[N+]([O-])c1ccc(Cl)c([N+](=O)[O-])c1,TOX278,0,1,0,,,0,,,1,,,1,202.553,2.1564,0,4,86.28
C=C(C)CCl,TOX279,0,0,0,0,0,0,0,0,0,0,0,0,90.553,1.8013,0,0,0
CC(=C(CCOP(=O)(O)O)SC(=O)c1ccccc1)N(C=O)Cc1cnc(C)nc1N,TOX25433,,,,,,,,0,,0,,,466.456,2.63012,3,8,155.94
O=C1OC(O)C(C(Cl)Cl)=C1Cl,TOX276,0,1,0,,0,,1,1,1,,,1,217.435,1.1582,1,3,46.53
CC(=O)O[C@]1(C(C)=O)CC[C@H]2[C@@H]3C=C(Cl)C4=CC(=O)CC[C@]4(C)[C@H]3CC[C@@]21C,TOX274,1,1,0,,,0,0,1,0,0,,1,404.934,4.7517,0,4,60.44
Nc1ccc(Oc2ccc(Cl)cc2)cc1,TOX275,0,0,,1,0,0,0,1,0,0,0,0,219.671,3.7145,1,2,35.25
Cc1cc(O)ccc1N,TOX29118,0,0,1,,0,0,0,,0,1,1,,123.155,1.28282,2,2,46.25
Nc1ccc2c3c(cccc13)-c1ccccc1-2,TOX29116,0,,1,,1,,,,0,,,,217.271,4.0694,1,1,26.02
Cc1cccc(O)c1N,TOX29117,0,0,1,,0,0,,1,0,0,0,1,123.155,1.28282,2,2,46.25
CCCCCCCCCCCCCCCCn1cc[n+](C)c1.F[B-](F)(F)F,TOX29110,0,,,1,,,,1,0,,1,,394.35,7.0939,0,1,8.81
CCCCCCCCCCl,TOX29111,0,0,0,0,1,0,0,0,0,0,0,0,162.704,3.9758,0,0,0
N#Cc1cc2ccccc2c2ccccc12,TOX29112,1,0,1,,0,0,0,,0,0,,0,203.244,3.86468,0,1,23.79
Oc1cc(Cl)ccc1Oc1ccc(Cl)cc1Cl,TOX12498,0,,,,,,1,,0,1,1,,289.545,5.1447,1,2,29.46
CC(C)(C)C(O)C(Oc1ccc(Cl)cc1)n1cncn1,TOX12493,0,0,1,1,0,0,0,0,0,0,0,0,295.77,2.9161,1,5,60.17
O=C(O)COc1nc(Cl)c(Cl)cc1Cl,TOX12497,0,0,0,0,0,0,0,0,0,0,,0,256.472,2.5052,1,3,59.42
Nc1ccc(N=Nc2ccccc2)c(N)n1,TOX1118,0,0,1,,1,1,0,1,1,0,1,1,213.244,2.6614,2,5,89.65
Cc1cccc(S(=O)(=O)[O-])c1C,TOX7899,0,0,0,0,0,0,0,0,0,0,,0,185.224,1.20754,0,3,57.2
CCCCCCCCCCCCOCC1CO1,TOX5494,0,0,0,0,0,0,0,0,0,0,0,0,242.403,4.3227,0,2,21.76
CCCCCCCCCCCCCl,TOX5492,0,0,0,0,1,0,0,0,0,1,0,0,204.785,5.1461,0,0,0
CCCCCCCCCCCC(=O)N(CCO)CCO,TOX5491,0,0,0,0,0,0,0,,0,,0,0,287.444,2.7205,2,3,60.77
C=Cc1c(C)c2cc3[nH]c(cc4nc(cc5[nH]c(cc1n2)c(C)c5CCC(=O)[O-])c(CCC(=O)[O-])c4C)c(C)c3C=C,TOX26589,0,0,0,0,1,1,0,1,0,0,0,0,560.654,4.83464,2,6,137.62
CC(C)CCOC(=O)c1ccc(N(C)C)cc1,TOX26580,0,0,,,1,0,0,0,1,0,0,0,235.327,2.9555,0,3,29.54
Oc1cc(O)cc(O)c1,TOX26586,0,0,0,0,0,0,0,,0,,0,0,126.111,0.8034,3,3,60.69
O=c1[nH]c(=O)c2ccccc2o1,TOX26584,0,0,0,0,0,0,0,0,0,0,0,0,163.132,0.4813,1,3,63.07
O=C(O)c1ccc(OCCCOc2ccc(C(=O)O)cc2)cc1,TOX26585,0,0,0,0,0,0,0,0,0,0,0,0,316.309,2.9309,2,4,93.06
C=CC(C)(CCC=C(C)C)OC(C)=O,TOX6946,0,0,0,0,0,0,0,0,0,0,0,0,196.29,3.2406,0,2,26.3
OCC(CO)(CO)CO,TOX6943,0,0,0,0,0,0,0,0,0,0,0,0,136.147,-2.058,4,4,80.92
O=C(O)C(=O)Nc1cccc(-c2nnn[nH]2)c1,TOX28658,0,0,0,0,,0,0,0,0,0,0,0,233.187,-0.1102,3,5,120.86
C1CCC(C(CC2CCCCN2)C2CCCCC2)CC1,TOX1114,0,,,,,,,,,,1,,277.496,5.2954,1,1,12.03
CCCCC(=O)Cl,TOX14091,,,,0,,0,0,,0,0,0,0,120.579,1.942,0,1,17.07
Cc1ccc(Nc2nccc(N(C)c3ccc4c(C)n(C)nc4c3)n2)cc1S(N)(=O)=O,TOX28659,0,0,,,,0,,,,0,,1,437.529,3.13904,2,8,119.03
CC(C)OC(=O)OCOP(=O)(CO[C@H](C)Cn1cnc2c(N)ncnc21)OCOC(=O)OC(C)C,TOX29808,0,0,0,0,0,0,0,,0,0,0,0,519.448,3.0356,1,15,185.44
CC(=O)N[C@H]([C@@H](O)CC(=O)C(=O)O)[C@@H](O)[C@H](O)[C@H](O)CO,TOX29807,0,0,0,0,0,0,0,,0,,0,0,309.271,-4.0292,7,8,184.62
O=C(C=Cc1ccc(O)c(O)c1)O[C@@H]1C[C@@](OC(=O)C=Cc2ccc(O)c(O)c2)(C(=O)O)C[C@@H](O)[C@@H]1O,TOX29805,0,0,0,0,0,0,0,,0,0,0,0,516.455,1.0296,7,11,211.28
CO[C@H](C(=O)[C@@H](O)[C@@H](C)O)[C@@H]1Cc2cc3cc(O[C@H]4C[C@@H](O[C@@H]5C[C@@H](O)[C@@H](OC)[C@@H](C)O5)[C@@H](OC(=O)O)[C@@H](C)O4)c(C)c(O)c3c(O)c2C(=O)[C@H]1O[C@H]1C[C@@H](O[C@H]2C[C@@H](O[C@H]3C[C@](C)(O)[C@@H](OC(C)=O)[C@H](C)O3)[C@H](O)[C@@H](C)O2)[C@H](O)[C@@H](C)O1,TOX26363,0,,,1,,,,,0,,1,1,1185.229,1.67792,9,26,379.57
CCCCCCC(=O)CCCCCC/C=C/C[C@@H](O)[C@H](O)[C@@](N)(CO)C(=O)O,TOX26360,0,0,0,0,0,0,0,0,0,0,0,0,401.544,2.309,5,6,141.08
CCC1OC(=O)C[C@@H](O)[C@H](C)[C@@H](O[C@@H]2O[C@H](C)C[C@H](N(C)C)[C@H]2O)[C@@H](CC=O)C[C@@H](C)C(=O)C=C[C@]2(C)OC2C1C,TOX26361,0,0,0,,,0,,,0,,0,1,581.747,2.6704,2,10,135.13
CC(C)CCOC(=O)c1ccccc1,TOX27185,0,0,0,0,0,0,0,0,0,0,0,0,192.258,2.8895,0,2,26.3
Cc1cc(C)c(C)c(O)c1,TOX27184,0,0,0,0,0,0,0,0,0,0,1,0,136.194,2.31746,1,1,20.23
CCC(=O)OCCC(C)CCC=C(C)C,TOX27187,0,0,0,0,,1,0,0,0,0,0,0,212.333,3.7122,0,2,26.3
CC(C)COC(=O)c1ccccc1O,TOX27186,0,0,0,0,0,0,0,0,0,0,0,0,194.23,2.205,1,3,46.53
CC(C)CCCCCCCOC(=O)c1ccc(C(=O)OCCCCCCCC(C)C)c(C(=O)OCCCCCCCC(C)C)c1,TOX27180,0,0,0,0,0,0,0,0,0,1,0,0,630.951,11.1468,0,6,78.9
CCCCCCCCCCCC(=O)O.OCCN(CCO)CCO,TOX27183,0,0,0,,,0,0,,0,,0,0,349.512,2.2572,4,5,101.23
CCCCCCCCC(=O)OCC(C)OC(=O)CCCCCCCC,TOX27182,0,0,0,0,0,0,0,0,0,0,0,0,356.547,5.9625,0,4,52.6
CCCCCCCCCCOC(C)=O,TOX27189,0,0,0,0,1,0,0,0,0,0,0,0,200.322,3.6902,0,2,26.3
CC(=O)OCCC1CCCCC1,TOX27188,0,0,0,0,0,0,0,0,0,0,0,0,170.252,2.5199,0,2,26.3
COP(=O)(OC)OC(=CCl)c1cc(Cl)c(Cl)cc1Cl,TOX1320,0,0,0,1,,,,1,,0,,,365.964,5.6015,0,4,44.76
CCN(CC)C(=S)SSC(=S)N(CC)CC,TOX1322,0,1,1,,,0,1,,1,1,1,0,296.552,3.6212,0,4,6.48
CCCCCN(CCCCC)C(=O)C(CCC(=O)[O-])NC(=O)c1ccc(Cl)c(Cl)c1,TOX25228,,,,,,,,0,,1,,,458.406,3.8309,1,4,89.54
CCCCCc1cc(O)c2c(c1)OC(C)(C)[C@@H]1CCC(C)=C[C@@H]21,TOX1327,0,0,1,1,,0,0,,0,,1,,314.469,5.7358,1,2,29.46
C1CCOC1,TOX1328,0,0,0,,0,0,0,0,0,0,0,0,72.107,0.7968,0,1,9.23
CN1C(C)(C)CCCC1(C)C,TOX25229,0,0,0,0,0,0,0,0,0,0,0,0,155.285,2.6593,0,1,3.24
CC1=CCC(C(C)(C)O)CC1,TOX6625,0,0,0,0,0,0,0,0,0,0,0,0,154.253,2.5037,1,1,20.23
CCN(Cc1cccc(S(=O)(=O)O)c1)c1ccccc1,TOX9136,0,0,0,0,0,0,0,0,0,0,0,0,291.372,2.9598,1,3,57.61
CC(=O)c1ccc(O)cc1,TOX9133,0,0,0,0,0,0,0,0,0,0,0,0,136.15,1.5948,1,2,37.3
Cc1cc(C(C)(C)C)cc(C)c1CC1=NCCN1,TOX25223,0,0,0,0,0,0,0,0,0,0,0,0,244.382,3.14514,1,2,24.39
F[Sn](c1ccccc1)(c1ccccc1)c1ccccc1,TOX22500,0,,,,,1,1,1,,1,1,,369.027,2.623,0,0,0
CCOc1ccc(O)cc1,TOX24251,0,0,0,,0,0,,,0,0,0,0,138.166,1.7909,1,2,29.46
O=S1(=O)OCC2C(CO1)C1(Cl)C(Cl)=C(Cl)C2(Cl)C1(Cl)Cl,TOX17541,0,0,0,,0,0,0,1,0,,,0,422.928,3.3559,0,4,52.6
CCSCc1ccccc1OC(=O)NC,TOX17545,0,0,,0,0,0,0,0,0,0,,0,225.313,2.6579,1,3,38.33
Brc1nc2ccccc2s1,TOX1498,0,0,1,0,0,0,0,1,0,0,0,0,214.087,3.0588,0,2,12.89
CCC(C)Br,TOX1499,0,0,0,0,0,0,0,0,0,0,0,0,137.02,2.1798,0,0,0
N#CCc1ccccc1,TOX1492,0,0,0,0,0,0,0,0,0,0,0,0,117.151,1.75268,0,1,23.79
O=C(O)c1ccc(CO)o1,TOX13098,0,0,0,0,0,0,0,0,0,0,0,0,142.11,0.4701,2,3,70.67
N#Cc1ccccc1,TOX1491,0,0,0,0,,0,0,0,0,0,0,0,103.124,1.55828,0,1,23.79
N#CCBr,TOX1496,0,0,0,0,0,0,0,0,0,0,0,0,119.949,0.90488,0,1,23.79
O=C(O)CBr,TOX1495,0,0,0,0,0,0,0,,0,0,0,0,138.948,0.4659,1,1,37.3
CN1CC(O)C2=C/C(=N/NC(N)=O)C(=O)C=C21,TOX28285,0,0,0,0,0,0,0,,0,,0,0,236.231,-1.29,3,5,108.02
Cc1ccc(C2(O)CCN(CCCC(=O)c3ccc(F)cc3)CC2)cc1,TOX28988,0,0,0,0,0,0,,,0,,0,0,355.453,4.08062,1,3,40.54
O=S(=O)(O)F,TOX13511,0,0,0,0,0,0,0,0,0,0,0,0,100.07,-0.2413,1,2,54.37
C[C@]1(O)CC[C@H]2[C@@H]3CCC4=CC(=O)CC[C@]4(C)[C@@]3(F)[C@@H](O)C[C@@]21C,TOX13512,1,1,0,,1,,0,,0,0,0,0,336.447,3.3322,2,3,57.53
N=C(N)c1ccc(OCCCOc2ccc(C(=N)N)cc2Br)c(Br)c1,TOX28980,0,,0,0,,0,0,,0,,0,0,470.165,3.62764,4,4,118.2
CN1[C@H]2CCC[C@@H]1C[C@H](NC(=O)c1nn(C)c3ccccc13)C2,TOX28983,0,0,0,0,0,0,0,,0,,0,0,312.417,2.3184,1,4,50.16
O=C(Cl)/C=C/C(=O)Cl,TOX13519,0,0,0,0,0,0,0,1,0,0,0,0,152.964,1.0734,0,2,34.14
Cc1nc2n(c(=O)c1CCN1CCC(c3noc4cc(F)ccc34)CC1)CCC[C@H]2O,TOX28985,0,0,0,0,0,0,0,0,0,0,0,0,426.492,3.08132,1,7,84.39
COc1cc(C(C)=O)ccc1OCCCN1CCC(c2noc3cc(F)ccc23)CC1,TOX28986,0,0,0,,0,0,,0,0,0,,0,426.488,4.8266,0,6,64.8
CN(C(=O)CO)c1c(I)c(C(=O)NCC(O)CO)c(I)c(C(=O)NCC(O)CO)c1I,TOX28987,0,0,0,0,0,0,0,,0,,0,0,777.088,-1.3785,7,8,179.66
O=C1OC2(c3ccccc31)c1cc(I)c(O)c(I)c1Oc1c2cc(I)c(O)c1I,TOX24207,0,0,1,,,0,0,0,0,0,,0,835.895,6.0842,2,5,75.99
Nc1c(CC(=O)[O-])cccc1C(=O)c1ccc(Br)cc1.Nc1c(CC(=O)[O-])cccc1C(=O)c1ccc(Br)cc1,TOX24206,0,0,0,0,0,0,1,0,0,0,,0,666.322,3.1094,2,8,166.44
COCCCOc1ccnc(CS(=O)c2nc3ccccc3[n-]2)c1C,TOX24205,1,0,1,,,0,0,1,0,0,0,0,358.443,2.61852,0,5,75.41
COCC(=O)O[C@]1(CCN(C)CCCc2nc3ccccc3[nH]2)CCc2cc(F)ccc2[C@@H]1C(C)C,TOX24204,0,,,,,,,,,0,,,495.639,5.2709,1,5,67.45
CCc1ccc(CCOc2ccc(CC3SC(=O)NC3=O)cc2)nc1,TOX24203,0,0,0,0,,0,1,1,0,0,1,0,356.447,3.1596,1,5,68.29
CCCCCCCCOC(C)=O,TOX24202,0,0,0,0,0,0,0,0,0,0,0,0,172.268,2.91,0,2,26.3
OCCOCCN1CCN(C2=Nc3ccccc3Sc3ccccc32)CC1.OCCOCCN1CCN(C2=Nc3ccccc3Sc3ccccc32)CC1,TOX24201,0,0,0,0,1,0,,,0,0,,0,767.034,5.712,2,12,96.6
O=C(O)CCSCCC(=O)O,TOX24200,0,0,0,0,0,0,0,0,0,0,0,0,178.209,0.669,2,3,74.6
Cc1nc[nH]c1CN1CCc2c(c3ccccc3n2C)C1=O,TOX24208,0,0,,0,0,0,0,0,0,0,0,0,294.358,2.40832,1,3,53.92
O=C(O)CCCC[C@@H]1SC[C@@H]2NC(=O)N[C@H]12,TOX2679,0,0,0,0,0,0,0,0,0,0,0,0,244.316,0.7968,3,3,78.43
C[C@](O)(CS(=O)(=O)c1ccc(F)cc1)C(=O)Nc1ccc(C#N)c(C(F)(F)F)c1,TOX2678,0,0,0,0,0,0,,1,0,0,1,0,430.379,2.87958,2,5,107.26
CC(C[N+](C)(C)C)OC(N)=O,TOX2676,0,0,0,0,0,0,0,0,0,0,0,0,161.225,0.1764,1,2,52.32
CC(C)NCC(O)COc1ccc(CCOCC2CC2)cc1,TOX2674,0,0,0,0,0,0,0,0,0,0,0,0,307.434,2.3934,2,4,50.72
CCCCC(=O)O[C@]1(C(=O)CO)[C@@H](C)C[C@H]2[C@@H]3CCC4=CC(=O)C=C[C@]4(C)[C@@]3(F)[C@@H](O)C[C@@]21C,TOX2673,1,1,,,,0,,,0,0,1,0,476.585,3.6368,2,6,100.9
CCCC(=O)O[C@]1(C(=O)COC(=O)CC)[C@@H](C)C[C@H]2[C@@H]3CCC4=CC(=O)C=C[C@]4(C)[C@@]3(F)[C@@H](O)C[C@@]21C,TOX2671,1,1,,,0,0,,,0,,1,0,518.622,4.2076,1,7,106.97
O=C(CBr)OCc1ccccc1,TOX20343,0,0,0,0,,,0,0,0,0,0,0,229.073,2.1247,0,2,26.3
CCCCCc1ccc(Cl)cc1,TOX28181,0,0,0,0,0,0,0,0,0,0,0,0,182.694,4.0727,0,0,0
O=P(O)(Oc1ccccc1)Oc1ccccc1,TOX28182,,0,0,0,0,0,0,0,0,0,0,0,250.19,3.2448,1,3,55.76
COC(=O)c1ccccc1C,TOX28183,0,0,0,0,0,0,0,0,0,0,0,0,150.177,1.78162,0,2,26.3
CC(C)(C)C(=O)c1ccccc1,TOX28184,0,0,,0,1,,0,0,0,0,0,0,162.232,2.9154,0,1,17.07
O=C(Oc1ccccc1)c1ccccc1,TOX28185,0,0,0,0,0,0,0,0,0,0,0,0,198.221,2.9058,0,2,26.3
CCOC(=O)c1ccc(C)cc1,TOX28186,0,0,0,0,0,0,0,0,0,0,0,0,164.204,2.17172,0,2,26.3
Cc1cc(C)cc(N)c1,TOX6309,0,0,,0,0,0,0,0,0,,0,0,121.183,1.88564,1,1,26.02
CC(C)c1c(C(=O)Nc2ccccc2)c(-c2ccccc2)c(-c2ccc(F)cc2)n1CC[C@@H](O)C[C@@H](O)CC(=O)O,TOX9868,0,0,,1,0,0,,,0,0,,0,558.65,6.3136,4,5,111.79
Cc1cc(C2(c3cc(C)c(O)cc3C)OS(=O)(=O)c3ccccc32)c(C)cc1O,TOX6303,0,0,1,,1,1,0,0,0,0,1,0,410.491,4.34228,2,5,83.83
Cc1ccc(S(=O)(=O)[O-])cc1C,TOX6302,0,0,0,0,0,0,0,0,0,0,0,0,185.224,1.20754,0,3,57.2
Cc1cccc(C)c1N,TOX6307,0,0,0,0,0,0,0,0,0,0,0,0,121.183,1.88564,1,1,26.02
Cc1ccc(C)c(N)c1,TOX6306,0,0,,0,1,0,0,0,0,0,,0,121.183,1.88564,1,1,26.02
Cc1cccc(N)c1C,TOX6304,0,0,0,0,0,0,0,0,0,0,,0,121.183,1.88564,1,1,26.02
Cc1ncc(CSSCc2cnc(C)c(O)c2CO)c(CO)c1O,TOX26550,,,,,,,,0,,0,,,368.48,2.57084,4,8,106.7
CC=Cc1ccc(O)c(OC)c1,TOX2413,0,0,,,,,0,,0,0,,0,164.204,2.4339,1,2,29.46
FC(F)(F)C(Cl)Br,TOX5371,0,0,0,0,0,0,0,0,0,0,0,0,197.381,2.5085,0,0,0
O=C(O)c1ccc(S(=O)(=O)N(Cl)Cl)cc1,TOX5370,0,0,0,0,,0,0,1,0,0,0,0,270.093,1.6831,1,3,74.68
CCCCOC(=O)c1ccc(N)cc1,TOX2417,0,0,1,0,1,0,,0,1,0,0,0,193.246,2.2257,1,3,52.32
Cc1ccc2c(C)cccc2c1,TOX2415,0,0,0,0,0,0,0,0,0,0,,0,156.228,3.45664,0,0,0
CCC(C)C(C)(COC(N)=O)COC(N)=O,TOX3239,,,,,,,,0,,0,,,232.28,1.2294,2,4,104.64
CCN(CC)C(=O)[C@@H]1C=C2c3cccc4[nH]cc(c34)C[C@H]2N(C)C1,TOX3231,0,0,1,0,1,1,0,,0,0,1,0,323.44,2.906,1,2,39.34
OC[C@@H](O)[C@@H](O)[C@H](O)[C@H](O)CO,TOX3235,0,0,0,0,0,0,0,0,0,0,0,0,182.172,-3.5854,6,6,121.38
CN1CCN(CCCN2c3ccccc3Sc3ccc(S(=O)(=O)N(C)C)cc32)CC1,TOX25558,0,0,0,0,0,0,0,0,0,0,,0,446.642,3.1771,0,6,47.1
CCNCC.O=S(=O)(O)c1cc(O)ccc1O,TOX25559,0,0,0,0,0,0,0,,0,,0,0,263.315,0.9603,4,5,106.86
Cc1nn(-c2cc(NS(C)(=O)=O)c(Cl)cc2Cl)c(=O)n1C(F)F,TOX12645,0,0,0,0,0,0,0,0,0,0,,0,387.195,2.41582,1,6,85.99
OC(c1ccc(Cl)cc1)(c1cncnc1)c1ccccc1Cl,TOX12390,0,0,0,1,1,1,,1,0,0,1,0,331.202,4.0676,1,3,46.01
CCOC(=O)C(C)Oc1ccc(Oc2nc3ccc(Cl)cc3o2)cc1,TOX12392,0,0,,,1,0,0,1,0,0,0,0,361.781,4.6039,0,6,70.79
CCOC(=O)NCCOc1ccc(Oc2ccccc2)cc1,TOX12393,0,0,0,,,,0,1,0,0,,0,301.342,3.6038,1,4,56.79
COc1c(O)cc2c(c1O)[C@@H]1O[C@H](CO)[C@@H](O)[C@H](O)[C@H]1OC2=O,TOX25550,0,0,0,0,0,0,0,,0,,0,0,328.273,-1.2006,5,9,145.91
Cc1onc(-c2ccccc2Cl)c1C(=O)N[C@@H]1C(=O)N2[C@@H](C(=O)[O-])C(C)(C)S[C@H]12,TOX25551,0,0,0,0,0,0,0,0,0,0,0,0,434.881,1.21402,1,7,115.57
CC(=O)O[C@H]1C[C@@]2(C)[C@@H](C[C@@H](O)[C@H]3[C@@]4(C)CC[C@@H](O)[C@@H](C)[C@@H]4CC[C@@]32C)/C1=C(\CCC=C(C)C)C(=O)[O-],TOX25552,0,0,0,0,0,0,0,,0,,,0,515.711,4.3314,2,6,106.89
N#Cc1c[nH]cc1-c1cccc2c1OC(F)(F)O2,TOX12398,0,0,1,1,0,1,0,,0,0,,1,248.188,2.87488,1,3,58.04
CCN(CC)C(=O)N1CCN(C)CC1.O=C(O)CC(O)(CC(=O)O)C(=O)O,TOX25555,1,0,0,,0,0,0,0,0,0,0,0,391.421,-0.5529,4,6,158.92
CCN(CC)CCc1nc(-c2ccccc2)no1.O=C(O)CC(O)(CC(=O)O)C(=O)O,TOX25556,0,0,0,0,0,0,0,1,0,0,0,0,437.449,1.3724,4,8,174.29
CN1[C@H]2CC[C@@H]1C[C@H](OC1c3ccccc3CCc3ccccc31)C2.O=C(O)CC(O)(CC(=O)O)C(=O)O,TOX25557,0,0,0,0,0,0,0,,0,,,0,525.598,3.2679,4,6,144.6
COc1ccc(C=O)cc1,TOX6997,0,0,0,0,0,0,0,0,0,0,0,0,136.15,1.5077,0,2,26.3
COP(=S)(OC)Oc1c(Cl)cc(C)cc1Cl,TOX14776,0,0,1,0,1,0,,0,0,0,1,0,301.131,4.19792,0,4,27.69
O=C(NC(=O)c1c(F)cccc1F)Nc1ccc(OC(F)(F)C(F)OC(F)(F)F)c(Cl)c1,TOX14773,0,,0,,0,,0,,0,,0,,492.706,5.3837,2,4,76.66
CCCOC(=O)c1ccc(C(=O)OCCC)nc1,TOX12544,0,0,0,,0,0,0,0,0,0,0,0,251.282,2.2152,0,5,65.49
CC(O)CCO,TOX6773,0,0,0,0,1,0,0,1,0,0,0,0,90.122,-0.2504,2,2,40.46
O=C(O)CCS,TOX6775,0,0,0,0,0,0,0,0,0,0,0,0,106.146,0.3909,2,2,37.3
CCCC[n+]1ccc(C)cc1.O=S(=O)([O-])C(F)(F)F,TOX29327,0,0,0,0,0,0,0,0,0,0,0,0,299.314,2.13402,0,3,61.08
CCC[N+]1(C)CCCCC1.F[B-](F)(F)F,TOX29326,0,0,0,0,,0,0,0,0,,0,0,229.07,3.3269,0,0,0
CC(=O)C1CCCCC1=O,TOX29324,0,0,0,0,0,0,0,0,0,0,0,0,140.182,1.3347,0,2,34.14
CCCC[n+]1cccc(C)c1.O=S(=O)([O-])C(F)(F)F,TOX29322,0,0,0,0,1,0,0,0,0,0,0,0,299.314,2.13402,0,3,61.08
CCCCN1C=CN(C)C1,TOX29321,0,0,0,0,0,0,0,0,0,0,0,0,140.23,1.4626,0,2,6.48
CC1(C(=O)Nc2ccc(O)c(Cl)c2Cl)CCCCC1,TOX12549,0,0,0,0,1,1,0,1,0,0,1,0,302.201,4.6079,2,2,49.33
CCC[N+]1(C)CCCCC1,TOX29329,0,0,0,0,0,0,0,0,0,0,0,0,142.266,2.0269,0,0,0
CCCC[N+]1(C)CCCCC1.F[B-](F)(F)F,TOX29328,0,0,0,0,0,0,0,0,0,0,0,0,243.097,3.717,0,0,0
N=C(N)N[N+](=O)[O-],TOX4222,0,0,0,0,0,0,0,0,0,0,0,0,104.069,-1.33883,3,3,105.04
CC(C)(C)OOC(C)(C)C,TOX4955,0,0,0,0,0,0,0,0,0,0,0,0,146.23,2.5316,0,2,18.46
CCC(C)Nc1ccc(NC(C)CC)cc1,TOX4956,0,,,,,,,,,1,1,,220.36,4.1074,2,2,24.06
CCCCNCCCC,TOX4952,0,0,,0,0,0,0,0,0,0,,0,129.247,2.1762,1,1,12.03
CCCCN(CCO)CCCC,TOX4953,0,0,0,0,0,0,0,0,0,0,,0,173.3,1.8809,1,2,23.47
O=C(O)c1ccc2[nH]cc(CCCCN3CC=C(c4ccccc4)CC3)c2c1,TOX23892,0,0,,0,0,0,0,0,0,0,0,0,374.484,4.9781,2,2,56.33
CN1C2CCC1CC(OC(c1ccccc1)c1ccc(Cl)cc1)C2,TOX23897,0,0,,,,0,,,,,,1,341.882,5.0712,0,2,12.47
Oc1ccc(C2CNCCc3c2cc(O)c(O)c3Cl)cc1,TOX23896,0,0,0,0,1,1,0,,0,0,0,0,305.761,2.7344,4,4,72.72
Oc1ccc2[nH]cc(CCCCN3CC=C(c4ccccc4)CC3)c2c1,TOX23895,0,,,0,0,0,0,,,,,0,346.474,4.9855,2,2,39.26
C[C@@H](/C=C/[C@@H](C)[C@H]1CC[C@H]2/C(=C/C=C3C[C@@H](O)C[C@H](O)C3)CCC[C@@]21C)C(C)(C)O,TOX28566,0,0,0,0,,0,0,,0,,1,0,416.646,5.5606,3,3,60.69
CCOC(=O)NNc1nncc2ccccc12,TOX24664,0,0,0,0,0,0,0,0,0,0,0,0,232.243,1.7028,2,5,76.14
CC(C)(C)NCCNC(C)(C)C,TOX24667,0,0,0,0,0,0,0,0,0,0,,0,172.316,1.7626,2,2,24.06
CCCCC(F)(F)[C@@]1(O)CC[C@H]2[C@@H](CC(=O)[C@@H]2CCCCCCC(=O)O)O1,TOX28565,0,0,0,,0,,0,,0,,,0,390.467,4.3099,2,4,83.83
CC(C)=CCC/C(C)=C/CC/C(C)=C/CCC(=O)OC/C=C(\C)CCC=C(C)C,TOX28562,0,0,0,0,0,0,0,0,0,0,,0,400.647,8.4217,0,2,26.3
CCN(CC)Cc1nccn1-c1ccc([N+](=O)[O-])cc1C(=O)c1ccccc1Cl,TOX28563,0,0,,0,0,0,0,1,0,0,0,0,412.877,4.5067,0,6,81.27
OC1CCCCCCCCCCC1,TOX7429,0,0,0,0,0,0,0,0,0,0,1,0,184.323,3.652,1,1,20.23
CC(C)(C)CC(=O)OCC(=O)[C@@]12OC(C)(C)O[C@@H]1C[C@H]1[C@@H]3CCC4=CC(=O)C=C[C@]4(C)[C@@]3(F)[C@@H](O)C[C@@]12C,TOX28560,,0,0,,0,,0,,0,,,0,532.649,4.4059,1,7,99.13
CCCCS(=O)(=O)N[C@@H](Cc1ccc(OCCCCC2CCNCC2)cc1)C(=O)O,TOX28561,0,0,0,0,0,0,0,0,0,0,0,0,440.606,2.9505,3,5,104.73
COC(=O)c1ccc(C(=O)O)cc1,TOX7425,0,0,0,0,0,0,0,0,0,0,0,0,180.159,1.1714,1,3,63.6
CN(C)CCOCCO,TOX7427,0,0,0,0,0,0,0,0,0,0,0,0,133.191,-0.4431,1,3,32.7
CC(C)[N+](C)(C)CC(O)COc1cccc2ccccc12,TOX26119,0,0,0,0,0,0,0,0,0,0,0,0,288.411,3.0643,1,2,29.46
Cc1ccc(S(=O)(=O)NC(=O)N[C@@H](C)Cc2ccccc2)cc1,TOX26118,0,0,,0,0,0,0,,0,,0,0,332.425,2.61412,2,3,75.27
Nc1ccc(S(=O)(=O)NCc2ccccc2)cc1,TOX26110,0,0,0,0,0,0,0,0,0,0,0,0,262.334,1.7473,2,3,72.19
CC=CC=NNC(=O)c1ccncc1,TOX26113,0,0,1,0,0,0,0,1,0,,0,0,189.218,1.3733,1,3,54.35
O=C1C(=O)c2ncccc2-c2cccnc21,TOX26112,0,0,1,1,,0,,,0,,,1,210.192,1.5226,0,4,59.92
CC12CCC(C[N+](C)(CCC[N+](C)(C)C)C1)C2(C)C.COS(=O)(=O)[O-].COS(=O)(=O)[O-],TOX26115,0,0,0,0,0,0,0,,0,,0,0,490.685,1.1714,0,8,132.86
Nc1ccc(C(=O)Nc2ccccc2N)cc1,TOX26114,1,,1,,1,0,1,,1,0,1,1,227.267,2.1033,3,3,81.14
C[N+](C)(C)CCOC(=O)C(O)(c1ccccc1)c1ccccc1,TOX26117,0,0,0,0,0,0,0,0,0,0,0,0,314.405,2.1719,1,3,46.53
O=C(O)C=CC(=O)Nc1ccc(S(=O)(=O)Nc2nccs2)cc1,TOX26116,0,0,0,0,0,0,0,,0,,0,0,353.381,1.5232,3,6,125.46
FC(F)(F)C(F)(F)C(F)(F)C(F)(F)CCI,TOX27578,0,0,0,0,1,0,0,0,0,0,0,0,373.984,4.2797,0,0,0
CC/C=C\CCOC(=O)CC,TOX27579,0,0,0,0,0,0,0,0,0,0,0,0,156.225,2.2959,0,2,26.3
CO[PH](=O)OC,TOX493,0,0,0,0,0,0,0,0,0,0,0,0,110.049,0.6689,0,3,35.53
C=CC(C)(CCC=C(C)C)OC(=O)CC,TOX27574,0,0,0,0,0,0,0,0,0,0,0,0,210.317,3.6307,0,2,26.3
CN1C(=O)CC[C@H]1c1cccnc1,TOX27576,0,0,0,0,0,0,0,0,0,0,0,0,176.219,1.3749,0,2,33.2
C[C@H]1C[C@@H](O)CC(C)(C)C1,TOX27570,0,0,0,0,0,0,0,0,0,0,0,0,142.242,2.1935,1,1,20.23
ClP(Cl)c1ccccc1,TOX7282,0,0,0,0,0,0,0,0,0,0,0,0,178.986,3.1014,0,0,0
C1COCO1,TOX7284,0,0,0,0,0,0,0,0,0,0,,0,74.079,-0.0093,0,2,18.46
Cc1c(O)cccc1O,TOX5571,0,0,,0,0,0,0,0,0,0,0,0,124.139,1.40622,2,2,40.46
CCOC(=O)CC([O-])C(=O)OCC,TOX8010,0,0,0,0,0,0,0,0,0,0,0,0,189.187,-0.7684,0,5,75.66
c1ccc(CCc2ccccc2)cc1,TOX21668,0,0,0,0,0,0,0,0,0,0,0,0,182.266,3.4718,0,0,0
COC(=O)c1ccccc1,TOX5572,0,0,0,0,0,0,0,0,0,0,0,0,136.15,1.4732,0,2,26.3
C=CC(=O)OCC(C)OCC(C)OCC(C)OC(=O)C=C,TOX8015,0,1,0,,,1,1,,1,,,,300.351,1.6435,0,6,71.06
Cc1ccc(CO)cc1,TOX5574,0,0,0,0,0,0,0,0,0,0,0,0,122.167,1.48732,1,1,20.23
C/C=C(/C)C#N,TOX5577,0,0,0,0,0,0,0,0,0,0,0,0,81.118,1.47618,0,1,23.79
C=CC(=O)OCC[N+](C)(C)C,TOX8016,0,0,0,0,0,0,0,1,0,0,0,0,158.221,0.4218,0,2,26.3
O=C(C=Cc1ccccc1)OCc1ccccc1,TOX21663,0,0,0,0,1,0,0,1,0,0,0,0,238.286,3.4432,0,2,26.3
N#Cc1ccccc1O,TOX21661,0,0,1,0,0,0,0,0,0,0,0,0,119.123,1.26388,1,2,44.02
CCCCCCCCCCCCCCCC[N+](C)(C)Cc1ccccc1,TOX21665,0,,0,,,0,,,,,1,,360.65,7.7443,0,0,0
CC(N)C12CC3CC(CC(C3)C1)C2,TOX27790,0,0,0,0,0,0,0,0,0,0,,0,179.307,2.55,1,1,26.02
CC(C)(N)Cc1ccc(Cl)cc1,TOX27792,0,0,0,0,0,0,0,0,0,0,,0,183.682,2.6198,1,1,26.02
CCCCC(CC)COC(=O)COc1ccc(Cl)cc1C,TOX14698,0,0,0,0,0,0,0,0,0,0,0,0,312.837,4.78682,0,3,35.53
COc1cc(NCc2ccc3nc(N)nc(N)c3c2C)cc(OC)c1OC,TOX27794,,,,,,,,1,,0,,,369.425,2.74052,3,8,117.54
CN(C)CC[C@@H](c1ccc(Br)cc1)c1ccccn1,TOX27795,0,0,0,0,0,0,0,0,0,0,0,0,319.246,3.9277,0,2,16.13
O[C@@H](c1cc(C(F)(F)F)nc2c(C(F)(F)F)cccc12)[C@H]1CCCCN1,TOX27796,0,,,,1,,,,,0,,,378.316,4.4479,2,3,45.15
O=C(O)CCC(=O)O.c1ccc(C2(c3ccccc3)CC2C2=NCCN2)cc1,TOX27797,0,,0,0,1,0,0,,0,,0,0,380.444,2.9301,3,4,98.99
CC1NCCOC1c1ccccc1,TOX27799,0,0,0,0,0,0,0,0,0,0,0,0,177.247,1.736,1,2,21.26
CCCc1ncc(C(=O)O)s1,TOX31498,,,,,,,,0,,0,,,171.221,1.7938,1,3,50.19
O=C(CCOCCOCCOCCOCCC(=O)Nc1c(I)cc(I)c(C(=O)O)c1I)Nc1c(I)cc(I)c(C(=O)O)c1I,TOX31499,,,,,,,,0,,0,,,1287.922,6.1344,4,8,169.72
CCCCCC(CO)CCC,TOX9302,0,0,0,0,0,0,0,0,0,0,0,0,158.285,2.9753,1,1,20.23
Cc1cccc2[nH]nnc12,TOX6171,0,0,0,0,0,0,0,0,0,0,0,0,133.154,1.26632,1,2,41.57
CCCCCCCCCCCC(=O)OC[C@@H](O)[C@H]1OC[C@H](OCCO)[C@H]1OCCO,TOX9300,0,0,0,1,0,0,0,1,0,0,0,0,434.57,1.9652,3,8,114.68
CS(=O)(=O)OCC(O)C(O)COS(C)(=O)=O,TOX6173,0,0,,0,0,0,0,,0,,0,0,278.304,-2.3394,2,8,127.2
C=CCN(CC=C)CC=C,TOX6174,0,0,0,0,0,0,0,1,0,0,,0,137.226,1.8464,0,1,3.24
C=CCn1c(=O)n(CC=C)c(=O)n(CC=C)c1=O,TOX6175,0,0,0,0,0,0,0,0,0,0,0,0,249.27,-0.2703,0,6,66
O=C(NCO)NCO,TOX5141,0,0,0,0,0,0,0,0,0,0,0,0,120.108,-1.8148,4,3,81.59
Cc1cccc(O)c1C,TOX5143,0,0,0,0,0,0,0,0,0,0,0,0,122.167,2.00904,1,1,20.23
Cc1ccc(C)c(O)c1,TOX5145,0,0,0,0,0,0,0,0,0,0,0,0,122.167,2.00904,1,1,20.23
Cc1cc(C)cc(O)c1,TOX5148,0,0,0,0,0,0,0,0,0,0,0,0,122.167,2.00904,1,1,20.23
CN(C)c1ccc(N)cc1,TOX5149,,0,1,,1,0,0,1,1,0,1,0,136.198,1.3348,1,2,29.26
COc1cc2c(cc1O)CCN[C@]21CS[C@@H]2c3c(OC(C)=O)c(C)c4c(c3[C@H](COC1=O)N1[C@@H](O)[C@@H]3Cc5cc(C)c(OC)c(O)c5[C@H]([C@H]21)N3C)OCO4,TOX26880,0,,,,,0,,,0,,,1,761.85,3.41324,4,15,168.72
Nc1cc(=O)nc(N)[nH]1,TOX28964,0,0,0,0,0,0,0,0,0,0,0,0,126.119,-1.0657,3,4,97.79
Cc1coc2c1CCC(C)C2,TOX5534,,,,0,,0,0,0,0,0,,0,150.221,2.71282,0,1,13.14
Nc1c[n+](N2CCOCC2)no1,TOX28965,0,0,0,0,0,0,0,0,0,0,0,0,171.18,-1.4875,1,5,68.4
CC(C)(Cl)Cl,TOX10060,0,0,0,0,0,0,0,0,0,0,0,0,112.987,2.2001,0,0,0
O=C(O)Cc1ccc(OCCNC[C@H](O)c2ccccc2)cc1,TOX28968,0,,0,0,0,0,0,0,0,1,0,0,315.369,2.0157,3,4,78.79
CN1CCCN(C(c2ccccc2)c2ccc(Cl)cc2)CC1,TOX25635,0,0,0,0,0,0,,1,0,0,,,314.86,4.0669,0,2,6.48
Cn1cc(NC(=O)c2cc(NC(=O)c3cc(NC=O)cn3C)cn2C)cc1C(=O)NCCC(=N)N,TOX25637,0,0,0,0,,0,0,,0,,0,0,481.517,0.83087,6,8,181.06
CC(=O)O[C@H]1CC[C@@]2(C)C(=CC[C@H]3[C@@H]4CC=C(c5cccnc5)[C@@]4(C)CC[C@@H]32)C1,TOX28969,0,0,0,0,1,1,0,,0,,0,0,391.555,5.9694,0,3,39.19
c1ccc(-c2ccc(C(c3ccccc3)n3ccnc3)cc2)cc1,TOX25631,0,,1,1,0,,0,,0,1,0,,310.4,5.1878,0,2,17.82
CCCCC(=O)O[C@]1(C(=O)CO)CC[C@H]2[C@@H]3CCC4=CC(=O)CC[C@]4(C)[C@H]3[C@@H](O)C[C@@]21C,TOX25633,1,1,0,,0,,0,0,0,0,0,0,446.584,3.5227,2,6,100.9
CC[N+](C)(CC)CCOC(=O)C(O)(c1ccccc1)C1CCCCC1,TOX25632,0,0,0,0,,0,0,0,0,0,0,0,348.507,3.4841,1,3,46.53
O=C(O)c1ccc(OCCn2ccnc2)cc1,TOX25639,0,0,0,0,0,0,0,,0,,0,0,232.239,1.6603,1,4,64.35
CCCCCCCCNC(C)C(O)c1ccc(SC(C)C)cc1,TOX25638,0,,0,,,,0,,,1,,,337.573,5.5591,2,3,32.26
COc1cc(OC)nc(NC(=O)[N-]S(=O)(=O)c2ncccc2OCC(F)(F)F)n1,TOX20222,0,0,,0,,0,0,0,0,0,0,0,436.348,2.1244,1,9,143.7
CN/C(=N/[N+](=O)[O-])NCC1CCOC1,TOX14549,0,0,0,,0,0,0,0,0,0,0,0,202.214,-0.6204,2,3,88.79
CC1(C)OC[C@@H]2O[C@@]3(C(=O)[O-])OC(C)(C)O[C@H]3[C@@H]2O1,TOX14540,0,0,,0,0,0,0,0,0,0,0,0,273.261,-0.8656,0,7,86.28
O=Cc1ccccc1Cl,TOX4764,0,0,0,0,0,0,0,,0,0,0,0,140.569,2.1525,0,1,17.07
Nc1cccc(Cl)c1,TOX4761,0,0,0,0,0,0,0,0,0,0,0,0,127.574,1.9222,1,1,26.02
CCOc1ccc(N)c([N+](=O)[O-])c1,TOX2084,0,0,0,0,0,0,0,0,0,0,0,0,182.179,1.5757,1,4,78.39
Cc1ccc(-c2nc3ccc(C)cn3c2CC(=O)N(C)C)cc1,TOX25946,1,0,,,0,0,0,0,0,0,0,0,307.397,3.24884,0,3,37.61
CN1CCCC(n2nc(Cc3ccc(Cl)cc3)c3ccccc3c2=O)CC1,TOX25945,0,0,0,0,0,0,0,0,0,0,,0,381.907,4.2975,0,4,38.13
O=C1C=C2C=C[C@@H]3C[C@@]2(O1)[C@H]1CCCCN31,TOX25944,0,0,,,,0,,,1,,0,,217.268,1.405,0,3,29.54
Clc1ccc(CO/N=C(\Cn2ccnc2)c2ccc(Cl)cc2Cl)c(Cl)c1,TOX25943,0,0,1,1,0,0,0,,0,1,0,,429.134,6.1178,0,4,39.41
CCCCCCCCCCCCCCCCOP(=O)([O-])OCC[N+](C)(C)C,TOX25942,0,0,0,0,0,0,0,,0,0,,0,407.576,5.6755,0,4,58.59
CC(=O)Nc1ccccc1O,TOX2082,0,0,1,0,0,0,0,1,0,0,0,0,151.165,1.3506,2,2,49.33
CCCc1cc(C(N)=S)ccn1,TOX25940,0,0,0,0,0,0,0,0,0,0,0,0,180.276,1.6683,1,2,38.91
CC(=O)Nc1cccc(O)c1,TOX2089,0,0,0,0,0,0,0,0,0,0,0,0,151.165,1.3506,2,2,49.33
CO/N=C1\CN(c2nc3c(cc2F)c(=O)c(C(=O)O)cn3C2CC2)CC1CN,TOX25948,0,0,,0,0,0,0,,0,0,0,0,389.387,0.966,2,8,123.04
C=CCCC#N,TOX7228,0,0,0,0,0,0,0,0,0,0,0,0,81.118,1.47618,0,1,23.79
C=CC/C=C/C,TOX7227,0,0,0,0,,0,0,0,0,0,,0,82.146,2.1386,0,0,0
CCCCOC(=O)CC,TOX7223,0,0,0,0,0,0,0,0,0,0,0,0,130.187,1.7397,0,2,26.3
CC1=CCC(=C(C)C)CC1,TOX7222,0,0,0,0,1,0,0,0,0,0,0,0,136.238,3.453,0,0,0
CCCCOC(=O)COC(=O)c1ccccc1C(=O)OCCCC,TOX3938,0,0,0,0,0,0,0,0,0,0,0,0,336.384,3.1436,0,6,78.9
Fc1ccc([C@@H]2CCNC[C@H]2COc2ccc3c(c2)OCO3)cc1,TOX3425,0,0,0,,,0,,,0,,,,329.371,3.3265,1,4,39.72
CCSC(=O)N(CC(C)C)CC(C)C,TOX3936,0,0,0,0,0,0,0,0,0,0,0,0,217.378,3.4735,0,2,20.31
NC1=NC(=O)C(c2ccccc2)O1,TOX3427,0,0,0,0,0,0,0,0,0,0,0,0,176.175,0.5992,1,3,64.68
CCC(=O)c1ccc(O)cc1,TOX3426,0,0,0,0,0,0,0,,0,0,0,0,150.177,1.9849,1,2,37.3
CCCCCCCC(=O)Oc1c(Br)cc(C#N)cc1Br,TOX3932,0,,0,,,0,,0,,0,1,0,403.114,5.34918,0,3,50.09
CC(=O)OCC(=O)[C@@]1(O)[C@H](C)C[C@H]2[C@@H]3C[C@H](F)C4=CC(=O)C=C[C@]4(C)[C@H]3[C@@H](O)C[C@@]21C,TOX3422,1,1,,,0,0,0,,0,,0,0,434.504,2.3224,2,6,100.9
CCCCCCCCCCC,TOX1689,0,0,,,0,0,0,0,0,0,0,0,156.313,4.5371,0,0,0
CCCCCCCCCCC=O,TOX1688,0,0,0,0,1,0,0,0,0,0,0,0,170.296,3.7161,0,1,17.07
CC1=CC(=O)CC(C)(C)C1=O,TOX1685,0,0,0,0,0,0,0,0,0,0,0,0,152.193,1.5008,0,2,34.14
CCCCCCCCCCCCC(=O)O,TOX1684,0,0,0,0,,0,0,,0,0,0,0,214.349,4.382,1,1,37.3
O=C(O)CCCCCCCCCCCC(=O)O,TOX1683,0,0,0,0,0,0,0,0,0,0,0,0,244.331,3.4467,2,2,74.6
O=C(CCl)C(Cl)Cl,TOX1680,0,1,,,1,1,1,1,0,,,1,161.415,1.598,0,1,17.07
CCC(C)c1ccc(O)cc1,TOX2332,0,0,0,0,,0,0,0,0,0,1,0,150.221,2.9057,1,1,20.23
CCCCCCCC(=O)N(C)C,TOX7364,0,0,0,0,0,0,0,0,0,0,0,0,171.284,2.4351,0,1,20.31
CCC(C)c1ccccc1O,TOX2331,0,0,0,0,0,0,0,0,0,0,1,0,150.221,2.9057,1,1,20.23
CN(C)CCCCCCN(C)C,TOX13701,0,0,0,0,0,0,0,0,0,0,0,0,172.316,1.67,0,2,6.48
O=C(O)c1nn(Cc2ccc(Cl)cc2Cl)c2ccccc12,TOX782,0,,0,0,1,1,,1,0,0,0,0,321.163,4.0896,1,3,55.12
CC[C@H](C)C(=O)O[C@H]1C[C@@H](C)C=C2C=C[C@H](C)[C@H](CC[C@@H]3C[C@@H](O)CC(=O)O3)[C@H]21,TOX784,0,0,0,1,0,0,0,1,0,0,1,0,404.547,4.1955,1,5,72.83
O=C(Nc1cccc([N+](=O)[O-])c1)c1cc2ccccc2cc1O,TOX24544,0,0,1,,,0,0,1,0,,1,,308.293,3.7059,2,4,92.47
CN(C)c1ccc(O)c2c1C[C@H]1C[C@H]3[C@H](N(C)C)C(O)=C(C(N)=O)C(=O)[C@@]3(O)C(O)=C1C2=O,TOX24545,0,0,1,0,0,0,0,0,0,0,0,0,457.483,0.1866,5,9,164.63
CCCCCCCC1CCCC1=O,TOX24547,0,0,0,0,0,0,0,0,0,0,,0,182.307,3.7161,0,1,17.07
CC1=CC(C)C(C=O)C(C)C1,TOX24541,0,0,0,0,0,0,0,0,0,0,0,0,152.237,2.4237,0,1,17.07
O=S(=O)([O-])c1ccc2cc(O)c(S(=O)(=O)[O-])cc2c1,TOX24543,0,0,0,0,0,0,0,0,0,0,0,0,302.285,0.3536,1,7,134.63
NC[C@H]1O[C@H](O[C@@H]2[C@@H](N)C[C@@H](N)[C@H](O[C@H]3O[C@H](CO)[C@@H](O)[C@H](N)[C@H]3O)[C@H]2O)[C@H](N)C[C@@H]1O,TOX3680,0,0,0,0,0,0,0,,0,,0,0,467.52,-6.2958,10,14,268.17
Cc1ccc(C(=O)c2cc(O)c(O)c([N+](=O)[O-])c2)cc1,TOX3685,0,,,0,0,0,,,0,0,1,0,273.244,2.54542,2,5,100.67
N#C[Au-]C#N,TOX24549,0,,,,,1,,1,1,1,,,249.003,0.03106,0,2,47.58
Cc1ccc(O)c([C@H](CCN(C(C)C)C(C)C)c2ccccc2)c1,TOX3687,0,,0,0,0,0,0,0,0,0,1,0,325.496,5.34142,1,2,23.47
CC(C)N1CCN(c2ccc(OC[C@H]3CO[C@](Cn4cncn4)(c4ccc(Cl)cc4Cl)O3)cc2)CC1,TOX25498,0,0,1,,0,0,0,,0,,,0,532.472,4.4627,0,8,64.88
CCCCCCCCCCCCn1cc[n+](C)c1.O=S(=O)([N-]S(=O)(=O)C(F)(F)F)C(F)(F)F,TOX27893,0,0,0,1,,,,,0,,,,531.585,5.2928,0,5,91.19
CCCCCCCCCCn1cc[n+](C)c1.O=S(=O)([O-])C(F)(F)F,TOX27892,0,0,0,1,,,0,1,0,0,1,,372.453,3.5047,0,4,66.01
Clc1ccc(CSC(Cn2ccnc2)c2ccc(Cl)cc2Cl)cc1,TOX25490,0,0,0,1,0,0,0,,0,1,,,397.758,6.518,0,3,17.82
COc1cc2nc(N3CCN(C(=O)C4CCCO4)CC3)nc(N)c2cc1OC,TOX25493,0,0,0,0,0,0,0,0,0,0,,0,387.44,1.0568,1,8,103.04
OCCOc1ccccc1,TOX1976,0,0,0,0,0,0,0,0,0,0,0,0,138.166,1.0577,1,2,29.46
CNCC(O)c1ccc(OC(=O)C(C)(C)C)c(OC(=O)C(C)(C)C)c1,TOX25494,0,0,,0,0,0,0,,0,,,0,351.443,2.8424,2,6,84.86
O=C(OCC(O)CO)c1ccccc1Nc1ccnc2cc(Cl)ccc12,TOX25497,0,0,,,0,0,0,1,0,1,,0,372.808,3.1418,3,6,91.68
CN(C/C=C/c1ccccc1)Cc1cccc2ccccc12,TOX25496,0,0,0,0,0,0,0,0,0,0,0,0,287.406,4.985,0,1,3.24
O=NN1CCN(N=O)CC1,TOX527,0,0,,0,0,0,0,0,0,0,0,0,144.134,-0.0332,0,4,65.34
C=C(C)[C@H]1CC=C(C)C(=O)C1,TOX256,0,0,0,0,0,0,0,0,0,0,0,0,150.221,2.4879,0,1,17.07
Oc1ccccc1O,TOX257,0,0,1,,0,1,0,1,0,0,0,0,110.112,1.0978,2,2,40.46
ClC(Cl)(Cl)Cl,TOX250,0,0,0,0,0,0,0,0,0,0,0,0,153.823,2.5529,0,0,0
O=[N+]([O-])c1ccc(O)c([N+](=O)[O-])c1,TOX523,0,,,0,,0,,1,,0,1,0,184.107,1.2086,1,5,106.51
CCC(Br)(CC)C(=O)NC(N)=O,TOX252,0,0,0,0,0,0,0,0,0,0,0,0,237.097,1.135,2,2,72.19
CC1=C(/C=C/C(C)=C/C=C/C(C)=C/C=C\C=C(C)\C=C\C=C(C)\C=C\C2=C(C)CCCC2(C)C)C(C)(C)CCC1,TOX253,0,0,0,0,0,0,0,,0,,0,0,536.888,12.6058,0,0,0
Cc1c([N+](=O)[O-])cccc1[N+](=O)[O-],TOX528,0,0,0,0,0,0,0,0,0,0,0,0,182.135,1.81142,0,4,86.28
Cc1ccc([N+](=O)[O-])cc1[N+](=O)[O-],TOX529,0,0,0,0,0,0,0,0,0,0,0,0,182.135,1.81142,0,4,86.28
CC1=C(C(=O)O)N2C(=O)[C@@H](NC(=O)[C@H](N)C3=CCC=CC3)[C@H]2SC1,TOX2785,0,0,0,0,0,0,0,0,0,0,0,0,349.412,0.3486,3,5,112.73
CCCCC(CC)COC(=O)COc1cc(Cl)c(Cl)cc1Cl,TOX21329,0,0,0,0,0,0,0,0,0,0,0,0,367.7,5.7852,0,3,35.53
CCCCOCCOC(=O)COc1cc(Cl)c(Cl)cc1Cl,TOX21328,0,0,0,0,0,0,0,0,0,0,0,0,355.645,4.3855,0,4,44.76
O=C(O)c1cccnc1C(=O)O,TOX21327,0,0,0,0,0,0,0,0,0,0,0,0,167.12,0.478,2,3,87.49
CC(O)C(C)O,TOX21321,0,0,0,0,0,0,0,0,0,0,0,0,90.122,-0.252,2,2,40.46
CCCC[N+]1(C)CCCC1.F[B-](F)(F)F,TOX29132,0,0,0,0,0,0,0,0,0,0,0,0,229.07,3.3269,0,0,0
CCC(=O)c1cccc(Cl)c1,TOX29133,0,0,0,0,0,0,0,0,0,0,,0,168.623,2.9327,0,1,17.07
CCOS(=O)(=O)[O-].CCn1cc[n+](C)c1,TOX29130,0,0,0,0,0,0,0,0,0,0,0,0,236.293,-0.1844,0,5,75.24
CCCC[n+]1ccc(C)cc1.F[B-](F)(F)F,TOX29131,0,0,0,0,0,0,0,,0,0,0,0,237.049,3.38262,0,0,3.88
CCCCCCCCCCCCCCCCCBr,TOX29136,0,0,0,0,0,0,0,0,0,0,,0,319.371,7.2527,0,0,0
O=[N+]([O-])c1ccc(F)c(Cl)c1,TOX29134,0,0,0,0,0,0,0,0,0,0,0,0,175.546,2.3873,0,2,43.14
CC[n+]1ccccc1.F[B-](F)(F)F,TOX29135,0,0,0,0,0,0,0,0,0,0,0,0,194.968,2.294,0,0,3.88
CCCCn1cc[n+](C)c1.Cl[Fe-](Cl)(Cl)Cl,TOX29138,0,0,0,0,0,0,0,,0,0,0,0,336.879,3.8682,0,1,8.81
O=C(Nc1ccc(F)cc1F)c1cccnc1Oc1cccc(C(F)(F)F)c1,TOX21494,0,0,1,0,0,0,0,0,0,0,1,0,394.299,5.4232,1,3,51.22
OCC=Cc1ccccc1,TOX21491,0,0,0,0,1,0,0,0,0,0,0,0,134.178,1.6921,1,1,20.23
C/C=C(\C)C(C)=O,TOX21490,0,0,0,0,0,0,0,0,0,0,0,0,98.145,1.5416,0,1,17.07
CCCC(CC)c1ccccc1,TOX21492,0,0,0,0,0,0,0,0,0,0,0,0,162.276,3.9803,0,0,0
Cc1cc(CC(=O)O)c(C)n1-c1ccc(Cl)cc1,TOX26158,,,,,,,,,,0,,,263.724,3.37464,1,2,42.23
CCCCC(CC)C(=O)OCCOCCOCCOC(=O)C(CC)CCCC,TOX6564,0,0,0,0,0,0,0,0,0,0,0,0,402.572,4.5388,0,6,71.06
O=P([O-])(O)C(O)(Cc1cccnc1)P(=O)([O-])O,TOX26132,,,,,,,,0,,0,,,281.097,-1.6384,3,6,153.84
Cc1cc(C(C)(C)c2cc(C)c(O)c(C)c2)cc(C)c1O,TOX27949,0,,0,,1,1,,,0,0,,1,284.399,4.65738,2,2,40.46
CCCSC(=O)Cl,TOX5963,0,0,0,0,0,0,0,0,0,0,0,0,138.619,2.4884,0,2,17.07
O=C(O)C(Cc1cc(I)c(O)c(I)c1)c1ccccc1,TOX26131,0,0,0,0,,0,1,0,0,0,0,0,494.066,4.0123,2,2,57.53
CC(O)COC(C)(C)C,TOX5967,,,0,0,,0,0,0,0,0,0,0,132.203,1.1823,1,2,29.46
C1COC1,TOX5969,,,,0,,0,0,0,0,0,0,0,58.08,0.4067,0,1,9.23
CC(=O)/C=C/c1ccccc1,TOX11626,0,0,0,0,0,0,0,0,0,,0,0,146.189,2.2888,0,1,17.07
FC(F)(F)C(F)(F)C(F)(F)C(F)(F)C(F)(F)C(F)(F)C(F)(F)C(F)(F)Br,TOX26560,0,0,0,0,0,0,0,0,0,0,0,0,498.958,6.3482,0,0,0
NCc1ccccc1Sc1ccccc1CO,TOX26561,0,0,0,0,0,0,0,0,0,0,0,0,245.347,2.7888,2,3,46.25
c1ccc(CNCCNCc2ccccc2)cc1,TOX26563,,,,,,,,0,,0,,,240.35,2.566,2,2,24.06
CCCc1ccc(C(=O)O)cc1,TOX26564,0,0,0,0,0,0,0,,0,,0,0,164.204,2.3373,1,1,37.3
O=C(O)c1ccccc1-c1ccc(C(F)(F)F)cc1,TOX26565,0,0,,0,0,0,1,0,0,0,0,0,266.218,4.0706,1,1,37.3
C=CCCCCCCCCC(=O)OC,TOX26566,0,0,0,0,0,0,0,,0,,0,0,198.306,3.4662,0,2,26.3
CC(=O)Oc1ccc(C)cc1,TOX26567,0,0,0,0,0,0,0,0,0,0,0,0,150.177,1.92032,0,2,26.3
O=C([O-])c1nc(O)nc(O)n1,TOX26568,0,0,0,0,0,0,,,0,,0,0,156.077,-2.3537,2,7,119.26
[O-][n+]1cccc(CO)c1,TOX26569,0,0,0,0,,0,0,0,0,0,0,0,125.127,-0.1877,1,2,47.17
OC[C@H]1O[C@@H](O)[C@H](O)[C@@H](O)[C@@H]1O[C@@H]1O[C@H](CO)[C@H](O)[C@H](O)[C@H]1O,TOX3193,0,0,0,0,0,0,0,0,0,0,,0,342.297,-5.3972,8,11,189.53
CNc1c2c(nn1C)CCCC2,TOX26130,0,0,0,0,0,0,0,0,0,0,0,0,165.24,1.3406,1,3,29.85
CC(O)C(=O)O,TOX3192,1,0,0,0,0,0,0,0,0,0,0,0,90.078,-0.5482,2,2,57.53
Nc1nnc(-c2cccc(Cl)c2Cl)c(N)n1,TOX3195,0,0,,0,0,0,0,0,0,0,,0,256.096,2.0098,2,5,90.71
O=C(O)c1cc(C(=O)O)cc([N+](=O)[O-])c1,TOX21540,0,0,0,0,0,0,0,0,0,0,0,0,211.129,0.9912,2,4,117.74
CCOCN(C(=O)CCl)c1c(C)cccc1CC,TOX3848,0,0,0,,0,0,,1,0,1,,0,269.772,3.12322,0,2,29.54
CC(=O)O[C@H]1C[C@H](O[C@H]2[C@@H](O)C[C@H](O[C@H]3[C@@H](O)C[C@H](OC4CC[C@@]5(C)C(CC[C@@H]6[C@@H]5CC[C@]5(C)[C@@H](C7=CC(=O)OC7)[C@@H](O)C[C@]65O)C4)O[C@@H]3C)O[C@@H]2C)O[C@H](C)[C@H]1O[C@@H]1O[C@H](CO)[C@@H](O)[C@H](O)[C@H]1O,TOX3197,,,0,,,0,1,,,,1,1,985.127,0.6131,8,20,288.28
COc1cc2c(cc1OC)C(C(C(=O)N(CCc1ccc(OC)c(OC)c1OC)CCc1ccc(OC)c(OC)c1OC)c1ccccc1)=NCC2,TOX26305,0,0,,0,0,0,,0,0,0,,0,712.84,6.1984,0,10,106.51
COC(=O)C(CN)c1c[nH]c2ccc(OC)cc12,TOX26306,0,0,1,0,0,0,0,,0,,0,0,248.282,1.3918,2,4,77.34
CN1CCC(Nc2ncc3ncnc(Nc4ccc(F)c(Cl)c4)c3n2)CC1,TOX26307,0,1,1,,0,,1,1,1,1,,1,387.85,3.462,2,7,78.86
Cc1cccc(C)c1NC(=O)c1ccccc1C(=O)O,TOX26300,0,0,,0,,0,0,0,0,0,0,0,269.3,3.25394,2,2,66.4
OB(O)O[Hg]c1ccccc1,TOX26308,0,1,,,,1,,,1,,,1,338.521,-0.7045,2,3,49.69
CC(=O)c1sc(C)nc1C,TOX27680,0,0,0,0,0,0,0,0,0,0,0,0,155.222,1.96254,0,3,29.96
CCC(=O)C(=O)CC,TOX27681,0,0,0,0,0,0,0,0,0,0,0,0,114.144,0.9446,0,2,34.14
CC1(C)S[C@@H]2[C@H](NC(=O)[C@H](N)c3ccccc3)C(=O)N2[C@H]1C(=O)OCOC(=O)[C@@H]1N2C(=O)C[C@H]2S(=O)(=O)C1(C)C,TOX28567,0,,0,0,0,0,,,0,,0,,594.668,-0.5886,2,11,182.48
CN[C@@H]1[C@H](O[C@H]2[C@H](O[C@@H]3[C@@H](NC(=N)N)[C@H](O)[C@@H](NC(=N)N)[C@H](O)[C@H]3O)O[C@@H](C)[C@]2(O)CO)O[C@@H](CO)[C@H](O)[C@H]1O.CN[C@@H]1[C@H](O[C@H]2[C@H](O[C@@H]3[C@@H](NC(=N)N)[C@H](O)[C@@H](NC(=N)N)[C@H](O)[C@H]3O)O[C@@H](C)[C@]2(O)CO)O[C@@H](CO)[C@H](O)[C@H]1O,TOX25824,0,0,0,0,1,0,0,,0,,,0,1167.192,-15.89672,30,30,669.18
CN[C@@H](C)[C@H](O)c1ccccc1,TOX25825,0,0,0,0,1,0,0,0,0,0,0,0,165.236,1.3279,2,2,32.26
CN1C(=O)C(O)N=C(c2ccccc2)c2cc(Cl)ccc21,TOX1309,0,0,0,0,,0,0,0,0,0,0,0,300.745,2.4722,1,3,52.9
CCC(C)(CC)c1cc(NC(=O)c2c(OC)cccc2OC)on1,TOX4159,0,0,1,0,0,0,,1,0,0,1,0,332.4,4.0218,1,5,73.59
CC(C)NC(=O)N1CC(=O)N(c2cc(Cl)cc(Cl)c2)C1=O,TOX4154,0,0,1,0,0,0,0,0,0,0,0,0,330.171,2.88,1,3,69.72
CC1(C)S[C@@H]2[C@H](NC(=O)C(C(=O)[O-])c3ccccc3)C(=O)N2[C@H]1C(=O)[O-],TOX25820,,,,,,,,0,,0,,,376.39,-2.1829,1,7,129.67
CC/C(=C(\c1ccccc1)c1ccc(OCCN(C)C)cc1)c1ccccc1.O=C(O)CC(O)(CC(=O)O)C(=O)O,TOX1301,0,0,0,1,,1,0,,0,,,,563.647,4.7476,4,6,144.6
ClC=CCCl,TOX1307,0,0,0,0,0,0,0,0,0,0,0,0,110.971,1.9777,0,0,0
NCCS(=O)(=O)O,TOX1304,0,0,1,0,0,0,0,1,0,0,1,0,125.149,-1.1671,2,3,80.39
O=c1[nH]c(=O)n(C2CCCO2)cc1F,TOX1305,0,0,0,0,0,0,0,0,0,0,0,0,200.169,-0.0153,1,4,64.09
CC(C)(C)c1cc(CCC(=O)OCC(COC(=O)CCc2cc(C(C)(C)C)c(O)c(C(C)(C)C)c2)(COC(=O)CCc2cc(C(C)(C)C)c(O)c(C(C)(C)C)c2)COC(=O)CCc2cc(C(C)(C)C)c(O)c(C(C)(C)C)c2)cc(C(C)(C)C)c1O,TOX7633,0,0,,0,1,1,0,0,0,0,,0,1177.655,15.8792,4,12,186.12
CC(C)C(=O)OCC(C)(C)C(OC(=O)C(C)C)C(C)C,TOX7635,0,0,0,0,1,1,0,0,0,0,0,0,286.412,3.4356,0,4,52.6
CCCCCCCN,TOX681,0,0,0,0,0,0,0,0,0,0,,0,115.22,1.9155,1,1,26.02
Cc1cccc2sc(N)nc12,TOX4487,0,0,1,0,0,0,0,1,0,0,,0,164.233,2.18692,1,3,38.91
COc1cccc2sc(N)nc12,TOX4484,,0,1,0,0,0,0,0,0,0,1,0,180.232,1.8871,1,4,48.14
COc1ccc2nc(N)sc2c1,TOX4485,0,0,1,,1,0,0,0,0,0,0,0,180.232,1.8871,1,4,48.14
CCOc1ccc2nc(N)sc2c1,TOX4481,0,0,1,,1,0,0,,1,0,,0,194.259,2.2772,1,4,48.14
ClC1C(Cl)C(Cl)C(Cl)C(Cl)C1Cl,TOX687,0,0,0,0,1,1,0,0,0,0,0,0,290.832,3.6444,0,0,0
Cc1ccc(O)c(N)c1,TOX4488,0,0,1,,,0,1,1,1,0,,0,123.155,1.28282,2,2,46.25
Cc1ccc(N)cc1O,TOX4489,0,0,1,0,0,0,0,1,0,0,,0,123.155,1.28282,2,2,46.25
Cl[C@H]1[C@H](Cl)[C@@H](Cl)[C@H](Cl)[C@@H](Cl)[C@@H]1Cl,TOX685,0,0,0,0,1,,0,0,0,0,0,0,290.832,3.6444,0,0,0
Cl[C@H]1[C@H](Cl)[C@@H](Cl)[C@H](Cl)[C@H](Cl)[C@H]1Cl,TOX684,0,0,,,0,0,0,,0,0,1,0,290.832,3.6444,0,0,0
CCOP(O)OCC,TOX21861,0,0,0,0,0,0,0,0,0,0,0,0,138.103,1.2786,1,3,38.69
C[Si](C)(C)O[Si](O)(O)O,TOX24958,0,0,0,,0,0,0,0,0,0,,0,168.297,-0.7496,3,4,69.92
OCCc1ccncc1,TOX24953,0,0,0,0,0,0,0,0,0,0,0,0,123.155,0.6164,1,2,33.12
C=C(C)C(=O)OCCOP(=O)(O)O,TOX24951,0,0,0,0,,0,0,0,0,0,0,0,210.122,0.215,2,4,93.06
O=C(c1cc(O)c(O)c(O)c1)c1ccc(O)c(O)c1O,TOX24950,0,0,1,0,0,0,,,0,0,1,1,278.216,1.1512,6,7,138.45
CC(C)(C)NC(=O)[C@@H]1CN(Cc2cccnc2)CCN1C[C@@H](O)C[C@@H](Cc1ccccc1)C(=O)N[C@H]1c2ccccc2C[C@H]1O,TOX24221,,0,0,,,0,0,0,0,0,0,0,613.803,2.8669,4,7,118.03
O=C1[C@H](CC[C@H](O)c2ccc(F)cc2)[C@@H](c2ccc(O)cc2)N1c1ccc(F)cc1,TOX24223,0,0,,0,0,0,0,,0,0,1,0,409.432,4.8883,2,3,60.77
O=[N+]([O-])c1c(Cl)c(Cl)cc(Cl)c1Cl,TOX6098,0,0,0,0,,,0,,0,0,0,0,260.891,4.2084,0,2,43.14
FC(Cl)(Cl)C(F)(Cl)Cl,TOX6091,0,0,0,0,0,0,0,0,0,0,0,0,203.83,3.1882,0,0,0
O=[N+]([O-])c1cc(Cl)c(Cl)c(Cl)c1Cl,TOX6097,0,1,0,,0,0,0,1,1,,,,260.891,4.2084,0,2,43.14
NS(=O)(=O)c1cc2c(cc1Cl)N=C(CSCc1ccccc1)NS2(=O)=O,TOX2658,0,0,0,0,0,0,0,0,0,0,0,0,431.948,2.2427,2,6,118.69
COc1c(C(C)(C)C)cc([N+](=O)[O-])c(C)c1[N+](=O)[O-],TOX5689,0,0,0,,0,1,0,0,0,0,1,0,268.269,3.11752,0,5,95.51
C1COCCN1,TOX5688,0,0,0,0,0,0,0,0,0,0,0,0,87.122,-0.3938,1,2,21.26
CCCCC(CC)COC(=O)c1ccccc1C(=O)O,TOX5680,0,0,0,0,0,0,1,0,0,0,0,0,278.348,3.758,1,3,63.6
CCCCNc1ccc(C(=O)OCCOCCOCCOCCOCCOCCOCCOCCOCCOC)cc1,TOX2655,0,0,0,0,0,0,0,,0,0,1,0,603.75,2.8346,1,12,121.4
CCN(CC)C(=O)C1CN2CCc3cc(OC)c(OC)cc3C2CC1OC(C)=O,TOX2657,,,,,,,,0,,0,,,404.507,2.423,0,6,68.31
COc1ccc(NC(C)=O)cc1,TOX6325,0,0,0,0,1,0,0,0,0,0,0,0,165.192,1.6536,1,2,38.33
BrCc1ccc(Br)cc1,TOX24445,0,,0,0,0,0,0,0,0,0,0,0,249.933,3.344,0,0,0
O=C(O)c1ccc2ccccc2c1O.OCc1cc(C(O)CNCCCCCCOCCCCc2ccccc2)ccc1O,TOX25798,0,0,1,,,0,,0,0,0,,0,603.756,6.351,6,7,139.48
CCCC(C(=O)OCCN(CC)CC)(c1ccccc1)c1ccccc1,TOX25792,0,0,0,,0,0,0,0,0,0,,0,353.506,4.6578,0,3,29.54
CN1CCN(C2Cc3ccccc3Sc3ccc(Cl)cc32)CC1,TOX25791,0,0,,,0,0,,,0,,,,344.911,4.3358,0,3,6.48
CCCN1CCC[C@@H](c2cccc(O)c2)C1,TOX25796,0,0,0,0,0,0,0,,0,,0,0,219.328,2.9816,1,2,23.47
CCC(CC)C(C)CCOC(C)=O,TOX9848,0,0,0,0,0,0,0,,0,0,0,0,186.295,3.0119,0,2,26.3
CC(C)NCC(O)COc1ccc(COCCOC(C)C)cc1.CC(C)NCC(O)COc1ccc(COCCOC(C)C)cc1,TOX25794,0,0,0,0,0,0,0,0,0,0,0,0,650.898,4.7318,4,10,119.9
C[C@@H]1C(=O)N=C2Nc3cccc(Cl)c3CN21,TOX25795,0,0,0,0,0,0,0,,0,,0,0,235.674,1.8522,1,3,44.7
O=CCCCC=O,TOX5355,0,0,0,,0,0,1,0,1,0,0,1,100.117,0.5545,0,2,34.14
CC(Cc1ccc(O)c(O)c1)C(C)Cc1ccc(O)c(O)c1,TOX2437,0,0,,0,,1,,0,0,1,1,,302.37,3.5664,4,4,80.92
N#C[Fe-2](C#N)(C#N)(C#N)(C#N)N=O,TOX21126,0,0,0,0,0,0,0,1,0,0,0,0,215.941,0.2985,0,7,148.38
c1ccc2c(c1)ccc1c3ccccc3ccc21,TOX2432,0,0,1,,0,0,0,1,,0,0,0,228.294,5.1462,0,0,0
O=C(O)c1ccccc1C(c1ccc(O)cc1)c1ccc(O)cc1,TOX2439,0,0,,0,0,0,0,0,0,0,0,0,320.344,3.9762,3,3,77.76
Cn1sc(Cl)cc1=O,TOX14286,1,0,0,0,0,0,0,0,0,,0,0,149.602,1.1002,0,3,22
CCCCCCCC1CCC(=O)O1,TOX14287,0,0,0,0,0,0,0,0,0,0,0,0,184.279,3.0525,0,2,26.3
O=C(O)COc1ccc(Cl)cc1,TOX14282,0,0,0,0,0,0,0,0,0,0,0,0,186.594,1.8034,1,2,46.53
CCCCCCCCCCCCn1cc[n+](C)c1.O=S(=O)([O-])C(F)(F)F,TOX29155,0,,,1,,,,1,,,1,,400.507,4.2849,0,4,66.01
COc1cccc(C(=O)NN(C(=O)c2cc(C)cc(C)c2)C(C)(C)C)c1C,TOX12628,0,0,,0,0,0,0,0,0,0,,0,368.477,4.20616,1,3,58.64
C#CCOC(=O)/C=C(C)/C=C/CC(C)CCCC(C)C,TOX12624,0,0,0,0,,0,0,0,0,0,0,0,276.42,4.5178,0,2,26.3
COC(C)(C)CCCC(C)C/C=C/C(C)=C/C(=O)OC(C)C,TOX12627,0,0,1,0,0,0,,1,0,0,1,0,310.478,5.062,0,3,35.53
Cc1cc(=O)[nH]o1,TOX12622,0,0,0,0,0,0,0,0,0,0,0,0,99.089,0.27632,1,2,46
O=C(O)CCCc1c[nH]c2ccccc12,TOX12623,0,,0,0,0,0,0,0,0,0,0,0,203.241,2.5752,2,1,53.09
O=C(O)[C@H]1[C@@H](O)CC[C@H]2CN3CCc4c([nH]c5ccccc45)[C@@H]3C[C@@H]21,TOX25578,0,0,,0,0,0,0,0,0,0,,0,340.423,2.5587,3,3,76.56
COc1ccc2cc([C@H](C)C(=O)[O-])ccc2c1,TOX25576,0,0,0,0,0,0,0,0,0,0,0,0,229.255,1.7018,0,3,49.36
CC(=O)OCC1=C(C(=O)[O-])N2C(=O)[C@@H](NC(=O)CSc3ccncc3)[C@H]2SC1,TOX25574,0,0,0,0,0,0,0,,0,0,0,0,422.464,-0.8593,1,9,128.73
Cc1ccsc1/C=C/C1=NCCCN1C,TOX25575,,,,,,,,0,,0,,,220.341,2.80372,0,3,15.6
CC1(C)[C@@H](OC(=O)CCC(=O)[O-])CC[C@@]2(C)[C@H]1CC[C@]1(C)[C@@H]2C(=O)C=C2[C@@H]3C[C@@](C)(C(=O)[O-])CC[C@]3(C)CC[C@]21C,TOX25572,0,0,0,0,0,0,0,1,0,0,0,0,568.751,4.1589,0,7,123.63
CC[C@@]1([C@@H]2O[C@@H]([C@H]3O[C@@](O)(CO)[C@H](C)C[C@@H]3C)C[C@@H]2C)CC[C@H]([C@]2(C)CC[C@]3(C[C@H](O)[C@@H](C)[C@@H]([C@@H](C)[C@@H](OC)[C@H](C)C(=O)[O-])O3)O2)O1,TOX25573,0,0,0,0,0,0,,,0,,,0,669.873,2.9382,3,11,156.2
CCOc1ccc2ccccc2c1C(=O)N[C@@H]1C(=O)N2[C@@H](C(=O)[O-])C(C)(C)S[C@H]12,TOX25570,0,0,,0,0,0,0,1,0,0,0,0,413.475,1.1491,1,6,98.77
CCC(NC(C)C)C(O)c1ccc(O)c(O)c1,TOX25571,0,0,0,0,0,0,0,,0,,0,0,239.315,1.9078,4,4,72.72
O=S(=O)([O-])c1ccc(N=Nc2c(O)ccc3ccccc23)cc1,TOX18881,0,0,1,,0,0,0,,0,0,,0,327.341,3.8649,1,6,102.15
O=C1OC2(c3ccc(O)cc3Oc3cc(O)ccc32)c2ccccc21,TOX18887,0,,0,0,1,0,,,0,,1,,332.311,3.6658,2,5,75.99
CCOP(=O)(OCC)Oc1nc(Cl)c(Cl)cc1Cl,TOX18666,0,0,,1,,1,,,0,,1,,334.523,4.6017,0,5,57.65
CCNc1ccc(C(=C2C=CC(=[N+](CC)CC)C=C2)c2ccc(N(CC)CC)cc2)c2ccccc12,TOX18888,0,,,1,,,,0,,1,1,,478.704,7.539,1,2,18.28
COc1cc(/C=C/c2ccccc2)oc(=O)c1,TOX13390,,0,,,1,0,0,,1,0,,0,228.247,2.8188,0,3,39.44
CCCCCCCCCCC(CO)CCCCCCCC,TOX16288,0,0,0,0,0,0,0,0,0,0,0,0,298.555,6.8763,1,1,20.23
CN(C)C(=S)[S-],TOX7050,0,0,0,,0,0,,,0,1,0,0,120.222,0.3798,0,2,3.24
CC(C)(C)c1cccc(C(C)(C)C)c1O,TOX7052,0,0,0,0,0,0,0,0,0,0,1,0,206.329,3.9872,1,1,20.23
Cc1cccc(C)c1NC(=O)c1cc(S(N)(=O)=O)c(Cl)cc1O,TOX3744,0,0,0,0,,0,0,0,0,0,0,0,354.815,2.56214,3,4,109.49
OC1OC[C@@H](O)[C@H](O)[C@H]1O,TOX3745,0,0,0,0,0,0,0,0,0,0,0,0,150.13,-2.5823,4,5,90.15
COc1cc(C(=O)NS(=O)(=O)c2ccccc2C)ccc1Cc1cn(C)c2ccc(NC(=O)OC3CCCC3)cc12,TOX3746,0,0,1,0,0,0,1,1,0,0,1,,575.687,5.69592,2,7,115.73
Nc1ccn([C@H]2CC[C@@H](CO)O2)c(=O)n1,TOX3747,0,0,0,0,0,0,0,0,0,0,0,0,211.221,-0.5046,2,6,90.37
N[C@@H](Cc1cc(I)c(Oc2ccc(O)c(I)c2)c(I)c1)C(=O)O,TOX3216,0,0,1,0,1,1,0,0,0,0,1,0,650.976,3.9527,3,4,92.78
N[C@@H](Cc1cc(I)c(Oc2cc(I)c(O)c(I)c2)c(I)c1)C(=O)O,TOX3214,0,0,1,,0,0,0,0,0,0,0,0,776.872,4.5573,3,4,92.78
CN(CCO)CC(O)Cn1cnc2c1c(=O)n(C)c(=O)n2C.O=C(O)c1cccnc1,TOX3743,0,0,0,0,0,0,0,,0,,0,0,434.453,-1.5015,3,11,155.71
CCN(C(C)=O)c1cccc(-c2ccnc3c(C#N)cnn23)c1,TOX3748,0,0,0,,0,0,0,0,0,0,0,0,305.341,2.64078,0,5,74.29
CC(=O)N[C@@H]1[C@@H](NC(=N)N)C=C(C(=O)O)O[C@H]1[C@H](O)[C@H](O)CO,TOX3749,0,0,0,0,0,0,0,0,0,0,0,0,332.313,-3.57583,8,7,198.22
CC[N+]1(CCOC(=O)C(O)(c2ccccc2)c2ccccc2)CCCCC1,TOX26677,1,1,0,,1,,0,,0,0,0,0,368.497,3.4863,1,3,46.53
c1ccc2c(c1)CCc1ccccc1N2,TOX29374,0,0,1,0,1,,0,0,0,0,,0,195.265,3.5288,1,1,12.03
O=C(O)c1cc(Cl)ccc1Cl,TOX4978,0,0,0,0,0,0,0,0,0,0,0,0,191.013,2.6916,1,1,37.3
O=C(O)c1c(Cl)cccc1Cl,TOX4979,0,0,0,0,0,0,0,0,0,0,0,0,191.013,2.6916,1,1,37.3
O=C(O)c1cccc(Cl)c1Cl,TOX4976,1,,0,0,0,0,0,0,0,0,0,0,191.013,2.6916,1,1,37.3
O=C(O)c1ccc(Cl)cc1Cl,TOX4977,,,0,0,,0,0,0,0,0,0,0,191.013,2.6916,1,1,37.3
O=C1C=CC(=O)N1,TOX29377,0,,0,,0,0,0,0,,1,,,97.073,-0.801,1,2,46.17
O=Cc1c(Cl)cccc1Cl,TOX4970,0,0,,0,0,0,0,0,0,0,0,0,175.014,2.8059,0,1,17.07
O=Cc1ccc(Cl)c(Cl)c1,TOX4971,0,0,0,0,0,0,0,0,0,0,,0,175.014,2.8059,0,1,17.07
CCC(=O)O[C@H]1[C@H](O[C@@H]2[C@@H](C)[C@H](O[C@H]3C[C@@](C)(OC)[C@@H](O)[C@H](C)O3)[C@@H](C)C(=O)O[C@H](CC)[C@@](C)(O)[C@H](O)[C@@H](C)C(=O)[C@H](C)C[C@@]2(C)O)O[C@H](C)C[C@@H]1N(C)C.CCCCCCCCCCCCOS(=O)(=O)O,TOX17224,0,0,0,,0,0,0,,0,,,,1056.404,6.4732,5,18,263.58
C[C@H]1CC[C@@H]2[C@@H](C)[C@H]3[C@H](C[C@H]4[C@@H]5CC=C6CC(O[C@@H]7O[C@H](CO)[C@H](O)[C@H](O[C@@H]8O[C@H](CO)[C@@H](O)[C@H](O)[C@H]8O)[C@H]7O[C@H]7O[C@@H](C)[C@H](O)[C@@H](O)[C@H]7O)CC[C@]6(C)[C@H]5CC[C@@]43C)N2C1,TOX10707,0,0,0,,0,,0,,0,,,,868.071,0.1552,9,16,240.69
C=CC(=O)NCOCCCC,TOX7443,0,0,0,0,0,0,0,1,0,0,0,0,157.213,1.0628,1,2,38.33
CCCCCCCCOc1ccc(C(=O)c2ccccc2)c(O)c1,TOX7441,1,0,0,0,0,0,0,0,0,0,0,0,326.436,5.3625,1,3,46.53
CCCCCCCCCC#N,TOX7449,0,0,0,0,0,0,0,0,0,,0,0,153.269,3.65068,0,1,23.79
O=C1c2ccccc2CN2C(=O)c3ccccc3CN12,TOX469,0,0,0,0,0,0,0,,0,,0,0,264.284,2.2134,0,2,40.62
ClCCCCBr,TOX29309,0,0,0,0,0,0,0,0,0,0,,0,171.465,2.4003,0,0,0
CCCCCCCCCCCBr,TOX29308,0,0,,0,0,0,0,0,0,0,,0,235.209,4.9121,0,0,0
COc1nccnc1NS(=O)(=O)c1ccc(N)cc1,TOX26179,0,0,0,0,0,0,0,0,0,0,0,0,280.309,0.8682,2,6,107.2
CCCOc1ccc2nc(NC(=O)OC)sc2c1,TOX26178,0,0,1,,1,0,0,,1,,1,1,266.322,3.2634,1,5,60.45
CN1CCCC(CN2c3ccccc3Sc3ccccc32)C1,TOX26177,0,0,,,0,0,,,0,,,0,310.466,4.6311,0,3,6.48
O=C(CCN1CCN(CCO)CC1)N1c2ccccc2Sc2ccc(C(F)(F)F)cc21,TOX26176,0,0,0,0,0,0,0,,0,0,,0,451.514,3.8347,1,5,47.02
CCCCCCCCCBr,TOX29307,0,0,0,0,0,0,0,0,0,0,0,0,207.155,4.1319,0,0,0
O=C(Cl)c1ccc(F)c(Cl)c1,TOX29301,0,0,0,0,,0,0,0,0,0,0,0,193.004,2.8581,0,1,17.07
O=S(=O)(Cl)c1c(Cl)cccc1Cl,TOX29303,0,0,0,0,0,0,0,0,0,0,0,0,245.514,2.9209,0,2,34.14
CCCCCCOC(=O)CCCCC,TOX27552,0,0,0,0,0,0,0,0,0,0,0,0,200.322,3.6902,0,2,26.3
O=C(O)C(F)(F)C(F)(F)C(F)(F)C(F)(F)C(F)(F)C(F)(F)C(F)(F)C(F)(F)C(F)(F)C(F)(F)F,TOX27553,0,0,,,0,0,0,,0,0,,0,564.085,6.351,1,1,37.3
CCCCC1CCCCC(=O)O1,TOX27551,0,0,0,0,0,0,,0,0,0,0,0,170.252,2.6624,0,2,26.3
CC=C(C)C(=O)OCCC(C)CCC=C(C)C,TOX27556,0,0,0,0,0,0,0,0,0,0,0,0,238.371,4.2684,0,2,26.3
CC/C=C\CCOC(=O)c1ccccc1,TOX27554,0,0,0,0,0,0,0,0,0,0,0,0,204.269,3.1997,0,2,26.3
C=C(C)C(=O)OCCC(F)(F)C(F)(F)C(F)(F)C(F)(F)C(F)(F)C(F)(F)F,TOX27558,0,0,0,0,0,0,0,0,0,0,0,0,432.176,5.2346,0,2,26.3
CCCCCCOC(=O)CCC,TOX27559,0,0,0,0,0,0,0,0,0,0,0,0,172.268,2.91,0,2,26.3
ClC1=C(Cl)C2(Cl)C(CBr)CC1(Cl)C2(Cl)Cl,TOX21680,0,0,0,0,0,0,0,0,0,0,1,,393.75,5.2331,0,0,0
O=[N+]([O-])c1ccc(O/N=C/c2cc(Br)c(O)c(Br)c2)c([N+](=O)[O-])c1,TOX21681,0,,,0,,,0,,0,1,1,,461.022,4.1465,1,7,128.1
O=S1(=O)OC(c2cc(Br)c(O)c(Br)c2)(c2cc(Br)c(O)c(Br)c2)c2ccccc21,TOX21682,0,0,0,,,0,,0,,0,,0,669.967,6.1586,2,5,83.83
CCOP(=S)(OCC)Oc1cc(Cl)c(Br)cc1Cl,TOX21684,0,0,1,0,,0,0,0,0,0,,0,394.054,5.4322,0,4,27.69
CN(C)c1ccc(C(=C2C=CC(=[N+](C)C)C=C2)c2ccccc2)cc1.CN(C)c1ccc(C(=C2C=CC(=[N+](C)C)C=C2)c2ccccc2)cc1,TOX5513,0,,1,,,0,,,0,1,1,,658.934,8.7872,0,2,12.5
CCOC(=O)c1cnc2cc(OCC(C)C)c(OCC(C)C)cc2c1O,TOX21689,0,0,,0,0,0,0,,0,,0,0,361.438,4.1867,1,6,77.88
C#CCOS(=O)OC1CCCCC1Oc1ccc(C(C)(C)C)cc1,TOX4276,0,,0,,,0,,1,0,0,1,,350.48,3.9192,0,4,44.76
O=c1cc(O)c(Cl)c[nH]1,TOX26799,,,,,,,,0,,0,,,145.545,0.7339,2,2,53.09
CC(C)(C)NCC(O)c1cc(Cl)c(N)c(C(F)(F)F)c1,TOX26798,0,0,0,0,0,0,0,0,0,0,0,0,310.747,3.3625,3,3,58.28
C[C@]12CC[C@H]3[C@@H](CCC4=C(O)C(=O)CC[C@@]43C)[C@@H]1CCC2=O,TOX14113,1,1,0,1,1,1,0,0,0,0,0,0,302.414,3.9731,1,3,54.37
C[C@@H](NCCCc1cccc(C(F)(F)F)c1)c1cccc2ccccc12,TOX26792,0,,0,,,,,,,,,,357.419,6.142,1,1,12.03
CCCCCc1ccc(C)cc1O,TOX26791,0,0,0,0,0,0,,,0,,1,0,178.275,3.43332,1,1,20.23
CCCOC(=O)c1ccccc1O,TOX26790,0,0,0,0,0,0,0,,0,,0,0,180.203,1.959,1,3,46.53
CO/N=C(\C(=O)N[C@@H]1C(=O)N2C(C(=O)[O-])=C(C[n+]3ccc(N)n3CCO)CS[C@H]12)c1csc(N)n1,TOX26795,0,0,,0,0,0,0,,0,,0,0,522.569,-3.1566,4,13,205.1
CCCCCCCCCCCCSC#N,TOX22089,0,0,0,,0,0,0,0,0,,0,0,227.417,5.12158,0,2,23.79
CC1(C)[C@@H](C(=O)OCc2coc(Cc3ccccc3)c2)[C@H]1/C=C1\CCSC1=O,TOX22083,0,0,0,0,,0,0,1,0,,,,396.508,4.7757,0,5,56.51
CCOP(=S)(OCC)Oc1cc(-c2ccccc2)on1,TOX22080,0,0,1,0,1,0,0,0,0,0,,0,313.315,4.0179,0,6,53.72
CCCCCCCCCCCCN1CCCCCC1=O,TOX22086,0,0,0,,0,0,,,,,,,281.484,5.3099,0,1,20.31
CN(C)C(=O)Nc1cccc(OC(=O)NC(C)(C)C)c1,TOX22084,0,0,0,0,0,0,0,1,0,0,0,0,279.34,2.667,2,3,70.67
Cl[Sn](Cl)(Cl)Cl,TOX9679,0,0,0,0,0,0,0,0,0,0,0,0,260.523,2.3772,0,0,0
NCc1ccc(S(N)(=O)=O)cc1,TOX25296,0,0,0,0,0,0,0,0,0,0,0,0,186.236,-0.2073,2,3,86.18
CC1CC(CC2CCC(N)C(C)C2)CCC1N,TOX9670,0,0,0,,0,0,0,,0,0,0,0,238.419,2.9035,2,2,52.04
CC(O)(P(=O)([O-])O)P(=O)([O-])O,TOX9671,0,0,0,0,0,0,0,0,0,0,0,0,204.011,-2.2562,3,5,140.95
O=[Si]=O,TOX9677,0,0,0,0,0,0,0,0,0,0,0,0,60.084,-0.6184,0,2,34.14
CO[Si](C)(OC)c1ccccc1,TOX24909,0,0,0,0,0,0,0,0,0,0,0,0,182.295,1.2584,0,2,18.46
Cc1ccc(S(=O)(=O)[N-]Cl)cc1,TOX20795,0,0,0,0,0,0,0,0,0,0,0,0,204.658,2.21122,0,2,48.24
[O-]c1ccccc1-c1ccccc1,TOX20794,0,0,1,0,0,0,0,1,0,0,1,0,169.203,2.4272,0,1,23.06
O=[N+]([O-])c1cccc2cccc([N+](=O)[O-])c12,TOX5166,0,,1,,,0,0,1,0,0,,0,218.168,2.6562,0,4,86.28
O=[N+]([O-])c1cc([N+](=O)[O-])c2ccc(S(=O)(=O)O)cc2c1O,TOX5167,0,0,0,0,0,0,0,0,0,0,0,0,314.231,1.6085,2,7,160.88
O=[N+]([O-])c1cc([N+](=O)[O-])c2ccccc2c1,TOX5164,0,0,1,0,0,0,0,1,0,0,,0,218.168,2.6562,0,4,86.28
O=[N+]([O-])c1cccc2c([N+](=O)[O-])cccc12,TOX5165,0,0,,0,0,0,0,1,0,0,0,0,218.168,2.6562,0,4,86.28
Nc1ccc(Cc2ccc(N)c(Cl)c2)cc1Cl,TOX865,0,0,1,,,0,0,0,0,0,1,,267.159,3.7486,2,2,52.04
CCCCOC(=O)[C@H](C)O,TOX22335,0,0,0,0,0,0,0,0,0,0,0,0,146.186,0.7105,1,3,46.53
CCCOC(=O)CC,TOX22337,0,0,0,0,0,0,0,0,0,0,,0,116.16,1.3496,0,2,26.3
CC(COC(C)(C)C)OCCCO,TOX22338,0,0,0,0,0,0,0,0,0,0,0,0,190.283,1.589,1,3,38.69
CC1=C(CC(=O)O)c2cc(F)ccc2/C1=C\c1ccc(S(C)(=O)=O)cc1,TOX20246,0,,0,0,0,0,0,,0,0,,0,372.417,4.0316,1,3,71.44
OC[C@H]1O[C@H](O[C@]2(CCl)O[C@H](CCl)[C@@H](O)[C@@H]2O)[C@H](O)[C@@H](O)[C@H]1Cl,TOX20245,0,0,0,0,0,0,0,0,0,0,0,0,397.635,-1.6561,5,8,128.84
CC[C@H](C)[C@H]1O[C@]2(C=C[C@@H]1C)C[C@@H]1C[C@@H](CC=C(C)[C@@H](O[C@H]3C[C@H](OC)[C@@H](O[C@H]4C[C@H](OC)[C@@H]([NH2+]C)[C@H](C)O4)[C@H](C)O3)[C@@H](C)C=CC=C3CO[C@@H]4[C@H](O)C(C)=C[C@@H](C(=O)O1)[C@]34O)O2.O=C([O-])c1ccccc1,TOX14566,0,,0,,,,,,,,1,,1008.256,4.6284,3,15,206.57
CN[C@H]1CC[C@@H](c2ccc(Cl)c(Cl)c2)c2ccccc21,TOX20243,0,0,0,,,0,,,,,,,306.236,5.1796,1,1,12.03
O=C(Nc1ccc(/C=C/c2ccc(NC(=O)c3cc(S(=O)(=O)O)c4cccnc4c3O)cc2S(=O)(=O)O)c(S(=O)(=O)O)c1)c1cc(S(=O)(=O)O)c2cccnc2c1O,TOX28689,0,0,0,0,0,0,0,,0,,,0,872.846,3.856,8,14,341.92
CCOP(=S)(OCC)SCSC(C)(C)C,TOX2254,0,0,0,0,0,0,0,0,0,0,,0,288.44,4.5063,0,5,18.46
CN(CC(=O)N1CCOCC1)Cc1c(Cl)cccc1NC(=O)c1ccccc1,TOX28685,0,0,1,0,0,0,0,,0,,,0,401.894,2.8829,1,4,61.88
CN1CCN(C2=Nc3ccccc3Cc3ccccc32)CC1,TOX28684,0,0,0,0,0,0,0,,0,,,0,291.398,2.9165,0,3,18.84
O=C(Cn1c(=O)sc2ccc(Cl)cc21)N1CCN(CCO)CC1,TOX28683,0,0,0,0,0,0,0,,0,,0,0,355.847,0.8529,1,6,65.78
COc1cc(C[C@@H]2NCCc3cc(O)c(O)cc32)cc(OC)c1OC,TOX28682,0,0,0,0,0,0,0,,0,,,0,345.395,2.5531,3,6,80.18
O=C1CCC(N2C(=O)c3ccccc3C2=O)C(=O)N1,TOX2524,0,0,0,0,0,0,0,0,0,0,0,0,258.233,0.0878,1,4,83.55
CCCCOCCOCCO,TOX1519,0,0,0,0,0,0,0,0,0,0,0,0,162.229,0.812,1,3,38.69
O=C(O)/C=C/C(=O)O,TOX1518,0,0,,0,1,1,0,1,0,0,0,0,116.072,-0.2882,2,2,74.6
O=C(O)/C=C\C(=O)O,TOX1517,0,0,0,0,0,0,0,0,0,0,0,0,116.072,-0.2882,2,2,74.6
CCC(C)=O,TOX1516,0,0,0,0,0,0,0,0,0,0,0,0,72.107,0.9854,0,1,17.07
CCCC(=O)O,TOX1515,0,0,0,0,0,0,0,0,0,0,0,0,88.106,0.8711,1,1,37.3
CCCC=O,TOX1513,0,0,0,0,0,0,0,0,0,0,0,0,72.107,0.9854,0,1,17.07
CC(C)=CC1C(C(=O)OCc2coc(Cc3ccccc3)c2)C1(C)C,TOX2253,0,0,0,0,0,0,,1,0,1,,0,338.447,5.152,0,3,39.44
CC[C@H]1OC(=O)[C@H](C)[C@@H](O[C@H]2C[C@@](C)(OC)[C@@H](O)[C@H](C)O2)[C@H](C)[C@@H](O[C@@H]2O[C@H](C)C[C@H](N(C)C)[C@H]2O)[C@](C)(O)C[C@@H](C)C(=O)[C@H](C)[C@@H](O)[C@]1(C)O,TOX2991,0,0,0,0,1,,0,,0,,0,0,733.937,1.7856,5,14,193.91
CCC(=O)OC,TOX7201,0,0,0,0,0,0,0,0,0,0,0,0,88.106,0.5694,0,2,26.3
c1cc(-c2ccncc2)ccn1,TOX7200,0,0,0,0,0,0,0,0,0,0,0,0,156.188,2.1436,0,2,25.78
C[Si]1(C)O[Si](C)(C)O[Si](C)(C)O[Si](C)(C)O1,TOX7205,0,0,0,0,0,0,0,0,0,0,0,0,296.62,2.8736,0,4,36.92
CN=C=S,TOX7204,0,0,0,0,0,0,0,0,0,0,0,0,73.12,0.719,0,2,12.36
CC(C)=CCO,TOX7206,0,0,0,0,0,0,0,0,0,0,0,0,86.134,0.9449,1,1,20.23
COP(=O)(OC)O/C(C)=C/C(=O)N(C)C,TOX3914,0,0,0,0,0,0,0,0,0,0,,0,237.192,1.3959,0,5,65.07
ClCCOCOCCCl,TOX3917,0,0,0,0,0,0,0,0,0,0,0,0,173.039,1.4547,0,2,18.46
CC(C)=CCl,TOX520,0,0,0,0,1,1,0,0,0,0,0,0,90.553,2.1489,0,0,0
O=C1c2c(O)ccc(Nc3ccc(CCO)cc3)c2C(=O)c2c([N+](=O)[O-])ccc(O)c21,TOX5209,0,,1,,0,0,,1,0,0,1,0,420.377,3.0598,4,8,150
O=C1C(O)=C([C@H]2CC[C@H](c3ccc(Cl)cc3)CC2)C(=O)c2ccccc21,TOX2629,0,,1,0,0,0,0,1,0,0,,1,366.844,5.5051,1,3,54.37
Oc1ccc(-c2ccccc2)c(Cl)c1,TOX2353,1,0,,0,1,,0,1,0,0,1,,204.656,3.7126,1,1,20.23
O=C1CCCCCCCCCCC(=O)OCCO1,TOX24568,0,0,0,,0,0,0,0,0,0,,0,256.342,2.9874,0,4,52.6
O=[PH]1Oc2ccccc2-c2ccccc21,TOX24563,0,0,,0,0,0,0,0,0,0,0,0,216.176,2.846,0,2,26.3
O=[N+]([O-])C1(Br)COCOC1,TOX24560,0,0,0,,0,0,0,,0,,,0,211.999,0.3586,0,4,61.6
CC(NC(C)(C)C)C(=O)c1cccc(Cl)c1,TOX24561,0,0,0,0,0,0,0,0,0,0,0,0,239.746,3.2993,1,2,29.1
CC#CCC(C)[C@H](O)/C=C/C1[C@H]2C/C(=C/CCCC(=O)O)C[C@H]2C[C@H]1O,TOX21046,0,0,0,0,1,0,0,,0,,0,0,360.494,3.5413,3,3,77.76
CC(C)Cn1cnc2c(N)nc3ccccc3c21,TOX21047,0,0,1,0,,0,0,,0,0,0,0,240.31,2.8227,1,4,56.73
CN(C)CCCN(C)CCCN(C)C,TOX24564,0,0,0,,,0,0,0,0,0,0,0,201.358,0.8216,0,3,9.72
NCCCOCCOCCOCCCN,TOX24565,0,0,,0,0,0,0,1,0,0,0,0,220.313,-0.2662,2,5,79.73
N#CSc1ccc(N)c([N+](=O)[O-])c1,TOX17038,0,0,,,0,0,,,0,,1,0,195.203,1.75018,1,5,92.95
CC(=O)N[C@H]1[C@@H](O[C@@H]2C(C(=O)[O-])C[C@@H](O[C@@H]3[C@@H](CO)O[C@H](OC4C(C(=O)[O-])O[C@@H](OC5[C@H]6CO[C@H](O6)[C@H](NS(=O)(=O)[O-])[C@H]5O)[C@H](O)[C@H]4O)[C@H](NC(C)=O)[C@H]3C)[C@H](O)[C@H]2O)O[C@H](COS(=O)(=O)O)[C@@H](O[C@@H]2OC(C(=O)[O-])=C[C@H](O)[C@H]2O)[C@@H]1O,TOX25969,0,0,0,0,0,0,0,,0,,0,0,1230.054,-14.5166,13,34,595.02
C=C[C@H]1CN2CC[C@H]1C[C@H]2[C@H](OC(=O)OCC)c1ccnc2ccc(OC)cc12,TOX25965,1,1,,0,1,0,0,,0,,0,0,396.487,4.354,0,6,60.89
CC(C)=CCC[C@@](C)(O)[C@H]1CC=C(C)CC1,TOX25964,,,,,,,,0,,0,,,222.372,4.2302,1,1,20.23
O=C1c2c(O)cccc2[C@H]([C@@H]2O[C@H](CO)[C@@H](O)[C@H](O)[C@H]2O)c2cc(CO)cc(O)c21,TOX25967,1,0,0,0,1,0,0,,0,,0,0,418.398,-0.8912,7,9,167.91
CC(N)Cc1ccc(O)cc1,TOX25961,0,0,0,0,0,0,0,,0,,0,0,151.209,1.2819,2,2,46.25
O=C1c2ccccc2C(=O)c2c1ccc(O)c2O,TOX25960,0,0,1,0,,1,0,0,0,0,1,0,240.214,1.8732,2,4,74.6
COc1cc(OC)cc(OC)c1,TOX25963,0,0,0,0,0,0,0,0,0,0,0,0,168.192,1.7124,0,3,27.69
CCC(=O)C(CC(C)N(C)C)(c1ccccc1)c1ccccc1,TOX501,0,0,0,0,0,0,0,0,0,0,0,0,309.453,4.292,0,2,20.31
Cc1c(N(C)C)c(=O)n(-c2ccccc2)n1C,TOX504,0,0,0,0,0,0,0,0,0,0,0,0,231.299,1.55042,0,4,30.17
CN(C)CCO,TOX505,1,0,0,0,0,0,0,0,0,0,0,0,89.138,-0.4597,1,2,23.47
CN(C)c1ccccc1,TOX507,0,0,0,0,0,0,0,0,0,0,0,0,121.183,1.7526,0,1,3.24
C[As](C)(=O)O,TOX508,0,0,0,0,0,0,0,0,0,1,0,0,137.998,0.111,1,1,37.3
CC1(C)C(=O)NC(=O)NC1=O,TOX509,0,0,0,0,0,0,0,0,0,0,0,0,156.141,-0.6214,2,3,75.27
O=C(c1ccc(O)cc1O)c1ccc(O)cc1O,TOX21306,0,0,1,0,1,1,0,0,0,1,1,1,246.218,1.74,4,5,97.99
C=C(C)C(=O)OCCOC1CC2CC1C1C=CCC21,TOX21302,0,0,0,0,0,0,0,0,0,0,0,0,262.349,2.723,0,3,35.53
OCC(c1ccc(Cl)cc1)c1ccc(Cl)cc1,TOX21308,0,0,0,,,0,,,0,0,,,267.155,4.1176,1,1,20.23
CCN(CC)CCOC(=O)c1ccc(N)cc1Cl,TOX28521,0,0,0,0,0,0,0,,0,,0,0,270.76,2.4208,1,4,55.56
CCN(CC)C(=O)c1ccc(O)c(OC)c1,TOX3007,0,0,0,0,0,0,0,0,0,0,0,0,223.272,1.8828,1,3,49.77
C1CNCCN1.C[C@]12CC[C@@H]3c4ccc(OS(=O)(=O)O)cc4CC[C@H]3[C@@H]1CCC2=O,TOX3005,0,0,0,0,1,1,0,,0,,0,0,436.574,2.4726,3,6,104.73
CCCCC(=O)O[C@H]1CC[C@H]2[C@@H]3CCc4cc(O)ccc4[C@H]3CC[C@]12C,TOX3004,1,1,0,0,1,1,0,,0,,,0,356.506,5.3503,1,3,46.53
CC(=O)OC(C)OC(=O)C(C)c1ccc(-c2ccccc2)c(F)c1,TOX28526,0,0,0,0,0,0,0,0,0,0,0,0,330.355,4.0485,0,4,52.6
CCCCCCC(=O)O[C@H]1CC[C@H]2[C@@H]3CCc4cc(O)ccc4[C@H]3CC[C@]12C,TOX3001,1,1,0,0,1,1,0,,0,,,0,384.56,6.1305,1,3,46.53
CCC(=O)Oc1ccc2c(c1)CC[C@@H]1[C@@H]2CC[C@]2(C)[C@@H](OC(=O)CC)CC[C@@H]12,TOX3000,1,1,0,,1,1,0,,0,,0,,384.516,5.1799,0,4,52.6
CCN(CC)CCNC(=O)c1cc(S(C)(=O)=O)ccc1OC,TOX25210,0,0,0,0,0,0,0,0,0,0,0,0,328.434,1.1703,1,5,75.71
FC(F)(F)c1ccccc1-n1ccnc1,TOX25217,0,0,0,1,0,0,0,0,0,0,0,0,212.174,2.8911,0,2,17.82
N#CC(C#N)=Cc1cc(O)c(O)c(O)c1,TOX25216,0,0,0,,0,0,0,,0,,,0,202.169,1.23396,3,5,108.27
N#CC(C#N)=Cc1ccc(O)c(O)c1,TOX25215,0,0,0,0,0,,0,,0,0,1,0,186.17,1.52836,2,4,88.04
O=C(O)C(F)(F)C(F)(F)C(F)(F)C(F)(F)C(F)(F)C(F)(F)C(F)(F)C(F)(F)F,TOX11863,0,0,,,0,0,,1,0,0,0,1,464.071,5.0804,1,1,37.3
O=C(O)C(F)(F)C(F)(F)C(F)(F)C(F)(F)C(F)(F)F,TOX11862,0,,0,0,0,0,0,0,0,0,,0,314.05,3.1745,1,1,37.3
O=C(O)C(F)(F)C(F)(F)C(F)(F)C(F)(F)C(F)(F)C(F)(F)C(F)(F)C(F)(F)C(F)(F)F,TOX11860,0,0,0,,0,0,0,,0,0,0,0,514.078,5.7157,1,1,37.3
O=C(O)C(F)(F)C(F)(F)C(F)(F)C(F)(F)C(F)(F)C(F)(F)C(F)(F)F,TOX11865,0,0,0,,0,0,0,1,0,0,0,0,414.064,4.4451,1,1,37.3
O=S(=O)(O)C(F)(F)C(F)(F)C(F)(F)C(F)(F)C(F)(F)C(F)(F)C(F)(F)C(F)(F)F,TOX11864,0,0,0,,0,0,0,,0,0,,,500.126,4.8411,1,2,54.37
COC(=O)[C@@H]1CC2=CC(=O)CC[C@]2(C)[C@@]23O[C@@H]2C[C@@]2(C)[C@@H](CC[C@@]24CCC(=O)O4)[C@H]13,TOX26094,,0,0,,0,0,0,0,0,0,0,0,414.498,3.1245,0,6,82.2
CC(C)CC(=O)N[C@H](C(=O)N[C@H](C(=O)N[C@@H](CC(C)C)[C@@H](O)CC(=O)N[C@@H](C)C(=O)N[C@@H](CC(C)C)[C@@H](O)CC(=O)O)C(C)C)C(C)C,TOX26095,0,0,0,0,,0,0,0,0,0,0,0,685.904,1.4672,8,8,223.26
CN(C)CCc1ccc(O)cc1,TOX26096,0,0,0,0,0,0,0,0,0,0,0,0,165.236,1.4963,1,2,23.47
CC1(C)S[C@@H]2[C@H](N)C(=O)N2[C@H]1C(=O)O,TOX26097,0,0,,0,0,0,0,,0,,0,0,216.262,-0.5394,2,4,83.63
c1cc2c(c(N3CCNCC3)c1)OCCO2,TOX26090,0,0,0,0,0,0,0,0,0,0,0,0,220.272,0.8674,1,4,33.73
CC1(CN2CCC(n3c(=O)[nH]c4ccccc43)CC2)OCc2ccccc2-n2cccc21,TOX26091,0,0,0,1,,0,,,,0,,0,428.536,4.2028,1,5,55.19
CN1C(=O)[C@@H](NC(=O)c2cc3ccccc3[nH]2)N=C(c2ccccc2)c2ccccc21,TOX26092,0,0,1,1,,0,,1,1,,1,,408.461,3.7378,2,3,77.56
O=c1[nH]c2cc(C(F)(F)F)c(N3CCOCC3)cc2n(CP(=O)(O)O)c1=O,TOX26093,0,0,0,0,0,0,0,0,0,0,0,0,409.257,0.6804,3,6,124.86
COC1=CC=C2[C@H]3Cc4ccc(OC)c5c4[C@@]2(CCN3C)[C@H]1O5,TOX26099,0,0,0,0,0,0,0,,0,,0,0,311.381,2.4245,0,4,30.93
FC(F)(F)C(F)(F)C(F)(F)C(F)(F)C(F)(F)C(F)(F)F,TOX26548,0,0,0,0,0,0,0,,0,,0,0,338.038,4.6522,0,0,0
Cc1ccc(N(SC(F)(Cl)Cl)S(=O)(=O)N(C)C)cc1,TOX22478,0,,0,1,,0,,,0,,1,,347.264,3.31442,0,3,40.62
CC(=O)Nc1ccc(S(=O)(=O)Cl)cc1,TOX6981,0,0,0,0,0,0,0,0,0,0,,0,233.676,1.5725,1,3,63.24
Cc1ccc([N+](=O)[O-])cc1Cl,TOX6984,0,0,0,0,0,0,0,0,0,0,,0,171.583,2.55662,0,2,43.14
COCC(=O)Nc1cc(Sc2ccccc2)ccc1N=C(NC(=O)OC)NC(=O)OC,TOX26898,,0,,0,0,0,0,,0,,0,1,446.485,3.1222,3,8,127.35
CC(C)[C@@]1(NC(=O)[C@@H]2C[C@@H]3c4cccc5[nH]cc(c45)C[C@H]3N(C)C2)O[C@@]2(O)[C@@H]3CCCN3C(=O)[C@H](Cc3ccccc3)N2C1=O,TOX26322,0,0,0,,0,0,,,0,,,0,611.743,2.7172,3,6,118.21
C[C@@H](CO)NC(=O)[C@@H]1C=C2c3cccc4[nH]cc(c34)C[C@H]2N(C)C1,TOX26323,1,1,0,0,0,0,0,,0,,,0,325.412,1.5346,3,3,68.36
CCN(CC)C(=O)N[C@@H]1C=C2c3cccc4[nH]cc(c34)C[C@@H]2N(C)C1,TOX26320,0,0,1,,0,0,0,0,,0,1,0,338.455,2.8414,2,2,51.37
C=CCN1CCc2nc(N)sc2CC1,TOX26321,0,0,0,0,0,0,0,0,0,0,0,0,209.318,1.3119,1,4,42.15
CN(C(=O)Cc1ccccc1)[C@H]1CC[C@@]2(CCCO2)C[C@@H]1N1CCCC1,TOX26326,0,0,0,0,0,0,0,0,0,0,,0,356.51,3.2536,0,3,32.78
CN1C[C@@H](NS(=O)(=O)N(C)C)C[C@@H]2c3cccc4c3c(cn4C)C[C@H]21,TOX26324,0,0,,0,0,0,0,0,0,0,0,0,362.499,1.2867,1,4,57.58
C=CCN1CC[C@]23c4c5ccc(O)c4O[C@H]2C(=O)CC[C@@]3(O)[C@H]1C5.CI,TOX26325,0,0,0,0,,0,0,,0,,0,0,469.319,2.3526,2,5,70
CC(C)(C)NSc1nc2ccccc2s1,TOX6572,0,0,1,1,0,0,,1,0,1,1,0,238.381,3.6915,1,4,24.92
C=CCC1=C(C)C(OC(=O)C2C(C=C(C)C)C2(C)C)CC1=O,TOX15180,0,0,0,,,0,,,0,1,,,302.414,4.002,0,3,43.37
CC1=CC(=O)CCC1,TOX15186,0,0,0,0,0,0,0,0,0,0,0,0,110.156,1.6857,0,1,17.07
CC(C)c1ccccc1C(C)C,TOX7858,0,0,0,0,0,0,0,0,0,0,,0,162.276,3.9334,0,0,0
O=C=NC1CCC(CC2CCC(N=C=O)CC2)CC1,TOX7588,0,0,0,0,0,0,0,0,0,0,0,0,262.353,3.1657,0,4,58.86
CCCCOCC(C)O,TOX7589,0,0,0,0,0,0,0,,0,0,,0,132.203,1.1839,1,2,29.46
C=C(C)C(=O)OCC[N+](C)(C)C,TOX7586,0,0,0,0,0,0,0,,0,0,0,0,172.248,0.8119,0,2,26.3
c1ccc2sc(SN(C3CCCCC3)C3CCCCC3)nc2c1,TOX7584,0,0,1,,0,0,0,1,0,0,0,0,346.565,6.2708,0,4,16.13
CC(C)C(=O)OCC(C)(C)C(O)C(C)C,TOX7857,0,0,0,0,0,0,0,0,0,0,0,0,216.321,2.2287,1,3,46.53
Cc1cccc(Cl)c1,TOX7852,0,0,0,0,0,0,0,0,0,0,0,0,126.586,2.64842,0,0,0
C1=CCCC=CCCC=CCC1,TOX7581,0,0,0,0,0,0,0,0,0,0,0,0,162.276,4.0092,0,0,0
C=C(C)C#N,TOX4176,0,0,0,0,0,0,0,0,0,0,0,0,67.091,1.08608,0,1,23.79
COP(N)(=O)SC,TOX4177,0,0,0,0,0,0,0,0,0,0,0,0,141.132,1.0626,1,3,52.32
CCCCSP(=O)(SCCCC)SCCCC,TOX4174,0,0,0,0,0,0,0,0,0,0,0,0,314.522,6.6944,0,4,17.07
COCC(=O)N(c1c(C)cccc1C)C(C)C(=O)OC,TOX4175,0,0,0,0,0,0,0,0,0,0,0,0,279.336,1.84434,0,4,55.84
C[N+]1(C)CCCCC1,TOX4170,0,0,0,0,0,0,0,0,0,0,0,0,114.212,1.2467,0,0,0
Cn1cc(C2=C(c3cn(C4CCN(Cc5ccccn5)CC4)c4ccccc34)C(=O)NC2=O)c2ccccc21,TOX24029,0,,0,0,0,0,0,0,0,0,0,,515.617,4.9323,1,6,72.16
O=C(NOC[C@H](O)CO)c1ccc(F)c(F)c1Nc1ccc(I)cc1F,TOX24024,0,0,,,0,0,0,,0,,,0,482.196,2.4667,4,5,90.82
O=C1CN=C(c2ccccc2)c2cc(Cl)ccc2N1CC1CC1,TOX1181,0,0,0,0,,0,0,1,0,0,1,1,324.811,3.934,0,2,32.67
Nc1c(Cl)c(Cl)c(Cl)c(Cl)c1Cl,TOX17584,0,0,1,0,0,0,0,0,0,0,0,0,265.354,4.5358,1,1,26.02
CCOC(=O)CCC(C)=O,TOX27058,0,0,0,0,,0,0,0,0,0,0,0,144.17,0.9187,0,3,43.37
C[C@]12C[C@H](O)[C@H]3[C@@H](CCC4=CC(=O)C=C[C@@]43C)[C@@H]1CC[C@]2(O)C(=O)CO,TOX1184,1,1,0,,0,0,0,0,0,0,0,0,360.45,1.5576,3,5,94.83
C[C@]12CC(=O)[C@H]3[C@@H](CCC4=CC(=O)C=C[C@@]43C)[C@@H]1CC[C@]2(O)C(=O)CO,TOX1185,1,1,0,0,1,0,0,0,0,0,0,0,358.434,1.7658,2,5,91.67
CNC(=O)CSP(=O)(OC)OC,TOX17580,0,0,0,0,0,0,0,0,0,0,0,0,213.195,0.8665,1,5,64.63
CCCN(CCC)S(=O)(=O)c1ccc(C(=O)O)cc1,TOX1188,1,0,0,0,0,1,0,0,0,0,0,0,285.365,2.1955,1,3,74.68
C=C(C)[C@@H]1CCC2=CCC[C@@H](C)[C@]2(C)C1,TOX27052,0,0,0,1,,0,0,1,0,,0,0,204.357,4.7252,0,0,0
C=CC(C)=CCC=C(C)C,TOX27051,0,0,0,,0,0,0,1,0,0,0,0,136.238,3.475,0,0,0
C=C(C)[C@@H]1CCC2=CC(=O)C[C@@H](C)[C@]2(C)C1,TOX27050,0,0,0,1,0,0,0,0,0,0,0,0,218.34,3.9042,0,1,17.07
CCOC(=O)CC(C)C,TOX27057,0,0,0,0,0,0,0,0,0,0,0,0,130.187,1.5956,0,2,26.3
CCCCCCCCCCCCN(CCCCCCCCCCCC)CCCCCCCCCCCC,TOX27056,0,0,0,0,0,0,0,0,0,0,0,0,522.003,13.0511,0,1,3.24
CC1=CCCC(C)(C)C12CCC(C)O2,TOX27055,0,0,0,0,0,0,0,,0,0,0,0,194.318,3.6904,0,1,9.23
c1cc(C(c2ccc(OCC3CO3)cc2)c2ccc(OCC3CO3)cc2)ccc1OCC1CO1,TOX24971,0,,0,,,0,,1,,1,,0,460.526,4.1996,0,6,65.28
CC1(CO)CN(c2ccccc2)NC1=O,TOX24794,0,0,1,,0,0,,,0,0,0,0,206.245,0.5364,2,3,52.57
C=C(C)C(=O)OCCCCCCCCCCOC(=O)C(=C)C,TOX24972,0,0,0,0,0,0,0,0,0,0,0,0,310.434,4.3458,0,4,52.6
CCC(=O)OCc1ccccc1,TOX24791,0,0,0,0,0,0,0,0,0,0,0,0,164.204,2.1398,0,2,26.3
Cc1cccc(Nc2ccccc2)c1,TOX24790,0,0,0,1,,0,0,0,0,0,1,0,183.254,3.73862,1,1,12.03
O=S(=O)([O-])CC(O)CCl,TOX24793,0,0,0,0,0,0,0,0,0,0,,0,173.597,-0.8687,1,4,77.43
C=CCOCC(CC)(CO)COCC=C,TOX24976,0,0,0,0,0,0,0,0,0,0,0,0,214.305,1.7803,1,3,38.69
NS(=O)(=O)c1ccccc1Cl,TOX24979,0,0,0,0,0,0,0,0,0,0,0,0,191.639,0.9874,1,2,60.16
CCC(C)(CCC(C)C)C(=O)O[Sn](C)(C)OC(=O)C(C)(CC)CCC(C)C,TOX24978,0,0,,0,0,0,,1,0,1,0,0,491.301,6.4796,0,4,52.6
CC(C)(C)C1CCCCC1O,TOX24799,0,0,0,0,0,0,0,0,0,0,0,0,156.269,2.5836,1,1,20.23
CC(C)CP(=S)([S-])CC(C)C,TOX24798,0,0,0,0,0,0,0,0,0,1,0,0,209.34,3.2398,0,2,0
COc1ccc(CC2c3cc(OC)c(OC)cc3CC[N+]2(C)CCC(=O)OCCCCCOC(=O)CC[N+]2(C)CCc3cc(OC)c(OC)cc3C2Cc2ccc(OC)c(OC)c2)cc1OC.O=S(=O)([O-])c1ccccc1.O=S(=O)([O-])c1ccccc1,TOX2630,1,0,0,,,0,,,0,,0,0,1243.501,9.2469,0,18,240.84
CCOc1c(N2CCOCC2)cnn(C)c1=O,TOX2981,,,,,,,,0,,0,,,239.275,0.0156,0,6,56.59
CN1CCC(=C2c3ccccc3CCc3cccnc32)CC1,TOX2636,0,0,0,0,0,0,,0,0,0,0,0,290.41,3.7077,0,2,16.13
CC(=O)OC[C@H]1O[C@@H](n2ncc(=O)[nH]c2=O)[C@H](OC(C)=O)[C@@H]1OC(C)=O,TOX2635,,,,,,,,0,,0,,,371.302,-1.7445,1,11,155.88
CCOC(=O)[C@H](CCc1ccccc1)N[C@@H](C)C(=O)N1CCC[C@H]1C(=O)O,TOX2982,0,0,0,0,0,0,0,0,0,0,0,0,376.453,1.6046,2,5,95.94
CN(C)C(=O)Nc1ccc(Cl)cc1,TOX311,0,0,0,0,0,0,0,0,0,0,0,0,198.653,2.4335,1,1,32.34
Cc1ccc(S(=O)(=O)N=C=O)cc1,TOX7558,0,0,0,0,0,0,0,0,0,0,0,0,197.215,1.01952,0,3,63.57
NC(=O)c1ccccc1O,TOX1726,0,0,0,0,0,0,0,0,0,0,0,0,137.138,0.4911,2,2,63.32
O=C1C[C@@H]2OCC=C3CN4CC[C@]56c7ccccc7N1[C@H]5[C@H]2[C@H]3C[C@H]46.O=C1C[C@@H]2OCC=C3CN4CC[C@]56c7ccccc7N1[C@H]5[C@H]2[C@H]3C[C@H]46,TOX1721,0,0,,0,0,0,0,0,0,0,0,0,668.838,4.185,0,6,65.56
O=c1oc2ccccc2c(O)c1Cc1c(O)c2ccccc2oc1=O,TOX1729,,,,,,,,1,,,,,336.299,2.9014,2,6,100.88
O=C1NCC2(CCN(CCc3ccccc3)CC2)O1,TOX25770,0,0,0,0,1,0,0,0,0,0,0,0,260.337,1.8035,1,3,41.57
CCOC(=O)Nc1ccc(NCc2ccc(F)cc2)nc1N,TOX25771,0,0,,0,1,0,0,0,0,0,,0,304.325,2.9834,3,5,89.27
CC(C)[N+]1(C)C2CCC1CC(OC(=O)C(CO)c1ccccc1)C2,TOX25772,0,0,0,0,1,0,0,,0,,0,0,332.464,2.8541,1,3,46.53
N=C(N)NCc1cccc(I)c1.N=C(N)NCc1cccc(I)c1,TOX25773,0,0,0,0,,0,0,,0,,0,0,550.186,2.54854,6,2,123.8
CC(C)NC(C)Cc1ccc(I)cc1,TOX25774,0,0,0,0,1,0,0,,0,,,0,303.187,3.2202,1,1,12.03
Clc1cc(C(Cl)(Cl)Cl)cnc1Cl,TOX9534,0,0,0,,0,0,0,,1,,,0,265.354,4.2151,0,1,12.89
Cc1cn[nH]c1,TOX25776,0,0,0,0,0,0,0,0,0,0,0,0,82.106,0.71812,1,1,28.68
NC(=O)c1ncn([C@@H]2O[C@H](CO)[C@@H](O)[C@H]2O)c1O,TOX25777,,,,,,,,0,,0,,,259.218,-2.7009,5,8,151.06
C#CCN(C)CCCOc1ccc(Cl)cc1Cl,TOX25778,0,0,,,1,0,0,1,0,0,,0,272.175,3.3273,0,2,12.47
CCCCCCCCCCCC#N,TOX2188,0,0,0,0,0,0,0,0,0,0,0,0,181.323,4.43088,0,1,23.79
N#Cc1c(Cl)c(Cl)c(Cl)c(C#N)c1Cl,TOX319,0,,0,,,1,,,1,1,,1,265.914,4.04356,0,2,47.58
Cc1ccc(C)c(O)c1C,TOX2187,0,0,0,0,0,0,0,0,0,0,0,0,136.194,2.31746,1,1,20.23
C=C(C)C(=O)OCCOCC,TOX2186,0,0,0,0,0,0,0,0,0,0,,0,158.197,1.1422,0,3,35.53
CC(C)[C@@H]1CC[C@@H](C)C[C@H]1O,TOX2180,0,0,0,0,0,0,0,0,0,0,0,0,156.269,2.4395,1,1,20.23
O=C=Nc1ccc(Cl)c(Cl)c1,TOX13008,,,1,,0,0,0,,0,0,1,0,188.013,2.9607,0,2,29.43
COP(=S)(OC)Oc1nc(Cl)c(Cl)cc1Cl,TOX12352,0,,,0,0,0,,0,0,0,1,0,322.537,3.9379,0,5,40.58
C#CCOC(=O)[C@@H](C)Oc1ccc(Oc2ncc(Cl)cc2F)cc1,TOX12354,0,0,0,0,0,0,0,0,0,0,0,0,349.745,3.6101,0,5,57.65
CC1(C)CON(Cc2ccccc2Cl)C1=O,TOX12355,0,0,0,0,,0,0,1,0,0,0,0,239.702,2.64,0,2,29.54
CCSC(=O)N(CC)C1CCCCC1,TOX12356,0,0,0,0,,0,0,0,0,0,0,0,215.362,3.5141,0,2,20.31
COC(=O)C(C)Oc1ccc(Oc2ccc(Cl)cc2Cl)cc1,TOX12605,0,0,0,0,0,0,0,0,0,0,,0,341.19,4.726,0,4,44.76
CCNC(=O)NC(=O)/C(C#N)=N/OC,TOX12358,0,0,,0,0,0,0,0,0,0,0,0,198.182,-0.64192,2,5,103.58
Cc1cc(C2CC2)nc(Nc2ccccc2)n1,TOX12359,0,0,1,,1,0,0,,0,,,0,225.295,3.40602,1,3,37.81
COc1cc2nc(N(C)CCCNC(=O)C3CCCO3)nc(N)c2cc1OC,TOX25514,0,0,,0,0,0,0,1,0,0,0,0,389.456,1.3507,2,8,111.83
CN(C)C(=O)Oc1cc(OC(=O)N(C)C)cc(C(O)CNC(C)(C)C)c1,TOX25515,0,0,0,0,0,0,0,0,0,0,0,0,367.446,2.2289,2,6,91.34
CCC(=O)O[C@]1(C(=O)SCF)[C@H](C)C[C@H]2C3C[C@H](F)C4=CC(=O)C=C[C@]4(C)[C@@]3(F)[C@@H](O)C[C@@]21C,TOX25511,1,0,,,0,0,0,0,0,0,1,0,500.579,4.43,1,6,80.67
C[C@@]12CCC[C@H]1[C@@H]1CC[C@H]3C[C@@H](O)CC[C@]3(C)[C@H]1CC2,TOX16514,1,0,0,0,1,1,0,0,0,0,0,0,276.464,4.7801,1,1,20.23
CC(=O)SC[C@@H](Cc1ccccc1)C(=O)NCC(=O)OCc1ccccc1,TOX25513,0,0,0,0,0,0,0,0,0,0,0,0,385.485,2.9846,1,5,72.47
CCCN1CCC[C@@H]2Cc3n[nH]cc3C[C@H]21,TOX25519,0,0,1,0,0,0,0,0,0,0,0,0,219.332,1.9989,1,2,31.92
CCC[C@@]1(CCc2ccccc2)CC(O)=C([C@H](CC)c2cccc(NS(=O)(=O)c3ccc(C(F)(F)F)cn3)c2)C(=O)O1,TOX28548,0,0,0,0,0,0,,,0,,1,0,602.675,7.3255,2,6,105.59
CO[C@H]1C[C@@H]2CC[C@@H](C)[C@@](O)(O2)C(=O)C(=O)N2CCCC[C@H]2C(=O)O[C@H]([C@H](C)C[C@@H]2CC[C@@H](O)[C@H](OC)C2)CC(=O)[C@H](C)C=C(C)[C@@H](O)[C@@H](OC)C(=O)[C@H](C)C[C@H](C)C=CC=CC=C1C,TOX3582,0,,0,1,,0,,,,,1,,914.187,6.1806,3,13,195.43
CCC(C)(C)C(=O)O[C@H]1C[C@@H](C)C=C2C=C[C@H](C)[C@H](CC[C@@H]3C[C@@H](O)CC(=O)O3)[C@H]21,TOX3581,1,0,0,1,1,0,0,1,0,,,0,418.574,4.5856,1,5,72.83
CC(C)=CCOc1ccc(/C=C/C(=O)c2ccc(OCC=C(C)C)cc2OCC(=O)O)cc1,TOX3586,0,,0,,0,0,,1,0,1,1,1,450.531,5.7361,1,5,82.06
O=C1NC(=O)[C@@]2(CCOc3ccc(F)cc32)N1,TOX3587,0,0,0,0,0,0,0,0,0,0,0,0,236.202,0.6429,2,3,67.43
C/C=C(/CC[C@@H](C)[C@H]1CC[C@H]2C3=CC[C@H]4[C@H](C)[C@@H](O)CC[C@]4(C)[C@H]3CC[C@@]21C)C(C)C,TOX3584,0,0,0,0,0,0,0,,0,,0,0,426.729,8.1909,1,1,20.23
OC[C@H](O)[C@@H](O)[C@H](O)[C@H](O)CO,TOX3588,0,0,0,0,0,0,0,0,0,0,0,0,182.172,-3.5854,6,6,121.38
CCCCCCCCCCCCOS(=O)(=O)O.OCCN(CCO)CCO,TOX7076,0,0,0,0,0,0,0,0,0,0,0,0,415.593,1.992,4,7,127.53
[O-]c1ccccc1,TOX7072,0,0,0,0,0,0,0,0,0,0,0,0,93.105,0.7602,0,1,23.06
c1ccc2c(c1)c1cccc3ccc4cccc2c4c31,TOX3764,0,1,1,0,0,0,1,1,0,0,1,1,252.316,5.7372,0,0,0
C=CCNCC=C,TOX4918,0,0,0,0,0,0,0,0,0,0,0,0,97.161,0.948,1,1,12.03
CCCCC/C=C/C=C/C=O,TOX4911,0,0,0,0,0,0,,,0,1,1,,152.237,2.878,0,1,17.07
C1CCC2CCCCC2C1,TOX4912,0,0,0,0,0,0,0,,0,0,0,0,138.254,3.3668,0,0,0
CCCCCCCCCC,TOX4913,0,0,0,0,0,0,0,1,0,0,0,0,142.286,4.147,0,0,0
C=C(C)C(=O)OCCCCCCCCCC,TOX4915,0,0,0,0,0,0,0,0,0,,0,0,226.36,4.2464,0,2,26.3
C=CC(=O)NC(C)(C)CC(C)=O,TOX4916,0,0,0,0,0,0,0,0,0,0,0,0,169.224,1.0463,1,2,46.17
CC(=O)CC(C)(C)O,TOX4917,0,0,0,0,0,0,0,0,0,0,0,0,116.16,0.7364,1,2,37.3
CN(C)C(=O)C1(N2CCCCC2)CCN(CCC2(c3ccc(Cl)c(Cl)c3)CN(C(=O)c3ccccc3)CCO2)CC1,TOX27353,0,,0,,,,,,,,,,601.619,5.1601,0,5,56.33
O=C([O-])C(Cl)Cl,TOX17207,0,0,0,0,0,0,0,0,0,0,0,0,127.934,-0.46,0,2,40.13
O=C([O-])Cc1ccccc1Nc1c(Cl)cccc1Cl,TOX17208,0,0,0,0,1,0,0,,0,0,0,1,295.145,3.0294,1,3,52.16
Clc1cc(Cl)c(Cl)nc1Cl,TOX7467,,0,0,0,0,0,0,0,0,0,0,0,216.882,3.6952,0,1,12.89
NNC(=S)NN,TOX7461,0,0,1,,0,0,0,0,0,1,0,0,106.154,-1.8021,4,3,76.1
NC(=O)Nc1ccc(Cl)cc1,TOX21512,0,0,0,0,0,0,0,0,0,0,0,0,170.599,1.8306,2,1,55.12
[O-][n+]1ccc(Cl)cc1,TOX21513,0,0,0,0,0,0,0,0,0,0,,0,129.546,0.9734,0,1,26.94
CCCCC/C=C\CCC=O,TOX21514,0,0,0,0,0,0,0,0,0,0,0,0,154.253,3.102,0,1,17.07
CN1C(=O)CC(=O)N(c2ccccc2)c2cc(Cl)ccc21,TOX26759,0,0,0,,0,0,0,,0,,0,0,300.745,3.3712,0,2,40.62
CCc1occc(=O)c1O,TOX21516,0,0,,0,0,0,0,,0,0,,0,140.138,0.9078,1,3,50.44
CC1=C(O)C(=O)C(C)O1,TOX21517,0,0,0,0,0,0,0,0,0,0,0,0,128.127,0.7637,1,3,46.53
COc1ccc(CCO)cc1,TOX21518,0,0,0,0,0,0,0,0,0,0,0,0,152.193,1.23,1,2,29.46
CCCC(C)C(O)CC,TOX21519,0,0,0,0,0,0,0,0,0,0,0,0,130.231,2.1935,1,1,20.23
Oc1ccc(/C=C/c2cc(O)cc(O)c2)cc1,TOX11980,1,0,,,1,1,,1,1,0,1,,228.247,2.9738,3,3,60.69
O=C1C[N+]([O-])=C(c2ccccc2)c2cc(Cl)ccc2N1,TOX26155,0,0,0,0,0,0,0,,0,,0,0,286.718,2.6398,1,2,55.17
O=C(/C=C/c1cccc(F)c1)NC1CC1,TOX26154,0,0,0,,0,0,0,,0,,0,0,205.232,2.1175,1,1,29.1
O=C(O)Cc1csc(-c2ccc(Cl)cc2)n1,TOX26157,0,,0,0,0,0,0,0,0,0,0,0,253.71,3.0906,1,3,50.19
O=C(Nc1ccc(Br)cc1)c1cc(Br)c(Br)s1,TOX26156,0,0,1,,,0,0,,0,,1,,439.954,5.2879,1,2,29.1
O=C(O)Cc1cn(-c2ccccc2)nc1-c1ccc(Cl)cc1,TOX26151,0,,0,0,0,0,1,0,0,0,0,0,312.756,3.8198,1,3,55.12
Cc1cccc(C)c1NC(=O)CN1CCCC1,TOX26150,0,0,,0,0,0,0,0,0,0,0,0,232.327,2.33774,1,2,32.34
NS(=O)(=O)c1ccc(Cl)c(S(N)(=O)=O)c1,TOX26153,0,0,0,0,0,0,0,0,0,0,0,0,270.719,-0.3652,2,4,120.32
COc1ccc(C=CC(=O)c2ccc(OC)cc2OC)cc1,TOX26152,,,,,,,,1,,1,,,298.338,3.6085,0,4,44.76
O=C(NCN1CCOCC1)c1cnccn1,TOX26159,,,,,,,,0,,0,,,222.248,-0.5039,1,5,67.35
COc1cccc2c1C(=O)c1c(O)c3c(c(O)c1C2=O)C[C@@](O)(C(=O)CO)C[C@@H]3O[C@H]1C[C@H](N)[C@H](O[C@@H]2CCCCO2)[C@H](C)O1,TOX26755,,,,,,,,,,0,,,627.643,1.5522,5,13,204.3
CCCCCCC(=O)O[C@H]1CC[C@H]2[C@@H]3CC[C@H]4CC(=O)C=C(C)[C@]4(C)[C@H]3CC[C@]12C,TOX26754,1,1,0,,1,1,0,,0,,,,414.63,6.6465,0,3,43.37
C=C/C(C)=C/C/C=C(\C)CCC=C(C)C,TOX27202,0,0,0,0,0,0,,1,0,1,0,0,204.357,5.2015,0,0,0
CCC(=O)OCCOc1ccccc1,TOX27203,0,0,0,0,0,0,0,0,0,0,0,0,194.23,2.0186,0,3,35.53
CC(=O)CCC1=C(C)CCCC1(C)C,TOX27200,0,0,0,0,0,,0,0,0,0,0,0,194.318,3.8822,0,1,17.07
COc1cc(C=O)ccc1OC(=O)C(C)C,TOX27201,0,0,0,0,0,0,0,0,0,0,0,0,222.24,2.0691,0,4,52.6
CN1N=C(C(N)=O)CCC1=O,TOX31494,,,,,,,,0,,0,,,155.157,-0.9201,1,3,75.76
C[C@]12CC[C@H]3[C@@H](CCC4=CC(=O)CC[C@@]43C)[C@@H]1CC[C@@H]2C(=O)O,TOX31495,,,,,,,,0,,0,,,316.441,4.2191,1,2,54.37
Cc1sccc1Br,TOX31496,,,,,,,,0,,0,,,177.066,2.81902,0,1,0
O=C(CCCl)NCCc1ccccc1,TOX31497,,,,,,,,0,,0,,,211.692,1.9742,1,1,29.1
[O-][n+]1cccc(/C(Cl)=N/OC[C@H](O)CN2CCCCC2)c1,TOX31490,,,,,,,,0,,0,,,313.785,1.0838,1,5,72
CC[C@@]1(O)C(=O)OCc2c1cc1n(c2=O)Cc2c-1nc1ccccc1c2/C=N/OC(C)(C)C,TOX31491,,,,,,,,,,1,,,447.491,3.2286,1,8,103.01
C=CCNc1nc(NCC=C)nc(N2CCN(C(c3ccc(F)cc3)c3ccc(F)cc3)CC2)n1,TOX31492,,,,,,,,1,,0,,,477.563,4.2572,2,7,69.21
CC[C@@]1(O)C(=O)OCc2c1cc1n(c2=O)Cc2cc3c([N+](=O)[O-])cccc3nc2-1,TOX26752,0,,,,,0,,,0,,1,1,393.355,1.9878,1,8,124.56
CCCCCCCCCCCCCCOS(=O)(=O)[O-],TOX8726,0,0,0,0,0,0,0,,0,,0,0,293.449,4.1643,0,4,66.43
S=c1[nH]c2ccccc2[nH]1,TOX5536,1,0,1,,0,0,0,0,0,0,0,0,150.206,2.22549,2,1,31.58
CC(=O)N[C@@H]1C(O[C@H]2O[C@H](C(=O)O)C(O)[C@H](O)[C@H]2O)[C@H](O)[C@@H](CO)O[C@H]1O[C@@H]1C(C(=O)O)O[C@@H](O[C@H]2[C@H](O)[C@@H](CO)OC(O)[C@@H]2NC(C)=O)[C@H](O)[C@H]1O,TOX26750,0,0,0,0,0,0,0,,0,,0,0,776.651,-9.2766,14,21,399.71
S=C1NC=NC2N=CNC12,TOX5538,0,0,1,,,0,,1,0,0,1,1,154.198,-0.7285,2,4,48.78
CCCCCCOC(=O)CCCCC(=O)OCCCCCC,TOX6841,0,0,0,0,0,0,0,,0,0,0,0,314.466,4.7938,0,4,52.6
CCCCCCCCCC(=O)OC,TOX6842,0,0,0,0,0,0,0,0,0,0,0,0,186.295,3.3001,0,2,26.3
OC/C=C/CO,TOX6849,0,0,0,0,,,0,1,0,0,0,0,88.106,-0.4728,2,2,40.46
Cc1c(Cl)cccc1Nc1ncccc1C(=O)O,TOX26121,0,,1,,,0,0,,0,,1,0,262.696,3.48522,2,3,62.22
OCc1c[nH]c2ccccc12,TOX11458,0,0,1,1,,,0,1,0,,1,0,147.177,1.6602,2,1,36.02
Cc1cccc(Nc2cc(Cl)nc(SCC(=O)O)n2)c1C,TOX290,0,,0,0,0,0,1,,0,0,0,0,323.805,3.66714,2,5,75.11
CNCC(O)c1ccc(O)cc1,TOX10588,0,0,0,0,0,0,0,0,0,0,0,0,167.208,0.645,3,3,52.49
O=CCCl,TOX292,0,0,0,0,0,0,0,0,0,0,0,0,78.498,0.4241,0,1,17.07
O=C(CCl)c1ccccc1,TOX293,0,0,1,,1,0,0,1,1,1,0,0,154.596,2.1081,0,1,17.07
COP(=S)(OC)Oc1ccc([N+](=O)[O-])cc1Cl,TOX21850,0,,1,0,0,0,0,,0,0,,0,297.656,3.1443,0,6,70.83
COC(=O)c1ccccc1C(=O)O,TOX20001,0,0,0,0,0,0,0,0,0,0,0,0,180.159,1.1714,1,3,63.6
CC(=O)Nc1ccc(C(=O)CCl)cc1,TOX294,0,1,1,,1,0,0,1,1,1,0,1,211.648,2.0665,1,2,46.17
CCCCOC(=O)c1ccccc1C(=O)O,TOX20002,0,0,0,0,0,0,0,0,0,0,,0,222.24,2.3417,1,3,63.6
Nc1ccc(Cl)cc1,TOX296,0,0,1,0,0,0,,0,0,0,0,0,127.574,1.9222,1,1,26.02
c1ccc(CCCc2ccccn2)cc1,TOX22356,0,0,,,,0,0,0,0,0,0,0,197.281,3.2569,0,1,12.89
CCOC(=O)c1cn2nc(OP(=S)(OCC)OCC)cc2nc1C,TOX22352,0,0,1,0,0,0,0,,0,0,0,0,373.371,2.89072,0,9,84.18
CCC(C)c1cc([N+](=O)[O-])cc([N+](=O)[O-])c1OC(=O)C=C(C)C,TOX20269,0,,0,,,0,,1,0,1,,1,322.317,3.8881,0,6,112.58
CCC(C)c1cc([N+](=O)[O-])cc([N+](=O)[O-])c1OC(=O)OC(C)C,TOX20268,0,,0,,,1,,1,,1,1,1,326.305,3.9403,0,7,121.81
CCN(CC)c1c([N+](=O)[O-])cc(C(F)(F)F)c(N)c1[N+](=O)[O-],TOX20265,0,0,,,,,0,,0,0,,0,322.243,2.9502,1,6,115.54
CC1(C)[C@@H]2CC[C@@]1(C)[C@H](OC(=O)CSC#N)C2,TOX20266,0,0,0,0,0,0,0,,0,,,0,253.367,2.95868,0,4,50.09
CC(C)N(C(=O)SCC(Cl)=CCl)C(C)C,TOX391,0,,0,1,0,,,,,,,,270.225,4.2774,0,2,20.31
CC(=O)OCC1=C(C(=O)O)N2C(=O)[C@@H](N)[C@H]2SC1,TOX25342,0,0,0,0,0,0,0,0,0,0,0,0,272.282,-0.8694,2,6,109.93
COC(=O)Nc1nc2ccccc2[nH]1,TOX4729,0,0,1,,0,0,0,0,0,0,0,1,191.19,1.7412,2,3,67.01
O=C1CCCCC1Cl,TOX1530,0,0,0,0,0,0,0,0,0,0,0,0,132.59,1.7369,0,1,17.07
CC1(C)[C@@H]2CC[C@@]1(C)C(=O)C2,TOX4721,0,0,0,0,0,0,0,0,0,0,0,0,152.237,2.4017,0,1,17.07
NC(N)=O.OO,TOX4726,0,0,0,0,0,0,0,0,0,0,0,0,94.07,-0.9588,4,3,109.57
CCCCCCCC(=O)Cl,TOX4724,0,0,0,0,0,0,0,0,0,0,0,0,162.66,3.1123,0,1,17.07
CCCCCOC(C)=O,TOX7263,0,0,0,0,0,0,0,0,0,1,0,0,130.187,1.7397,0,2,26.3
CCCCCCCCCCCCCC,TOX7267,0,0,0,0,0,0,0,0,0,0,0,0,198.394,5.7074,0,0,0
CCCCCCCCCCCCC,TOX7266,0,0,0,0,0,0,0,0,0,0,0,0,184.367,5.3173,0,0,0
OCCCCCCO,TOX7265,0,0,0,,0,0,0,0,0,0,0,0,118.176,0.5314,2,2,40.46
C=CCCCCCCCCCCCCCC,TOX7269,0,0,0,0,0,0,0,0,0,0,,0,224.432,6.2636,0,0,0
CCCCCCCCCCCCCCC,TOX7268,0,0,0,0,0,0,0,0,0,0,0,0,212.421,6.0975,0,0,0
CSc1ccc(Cl)cc1,TOX3973,0,0,0,0,0,0,0,0,0,0,0,0,158.653,3.0619,0,1,0
Clc1ccc2ccccc2c1,TOX3971,0,0,0,0,,0,0,0,0,0,0,0,162.619,3.4932,0,0,0
Cc1ccccc1Cl,TOX3977,0,0,0,0,0,0,0,0,0,0,0,0,126.586,2.64842,0,0,0
CS(=O)(=O)c1ccc(Cl)cc1,TOX3974,0,0,0,0,0,0,0,0,0,0,0,0,190.651,1.7435,0,2,34.14
Oc1ccc2ccc3cccc4ccc1c2c34,TOX18298,0,0,1,1,1,,0,,0,,1,,218.255,4.2896,1,1,20.23
CC(C)COC(=O)c1ccc(O)cc1,TOX749,0,0,,,1,1,0,,0,0,1,0,194.23,2.205,1,3,46.53
Cn1c(N)nc2c3cccnc3ccc21,TOX745,,0,1,,0,0,0,0,0,0,0,0,198.229,1.7037,1,4,56.73
NC(=O)CI,TOX742,0,0,,,0,0,0,,0,0,0,0,184.964,-0.0933,1,1,43.09
IC(I)I,TOX743,0,0,,,1,0,0,0,0,0,0,0,393.731,2.575,0,0,0
COc1ccc2c(c1)c(CC(=O)O)c(C)n2C(=O)c1ccc(Cl)cc1,TOX740,0,,0,0,0,0,1,0,0,0,0,0,357.793,3.92732,1,4,68.53
C=CCOCC(CO)(COCC=C)COCC=C,TOX24580,0,0,0,0,0,0,0,0,0,0,0,0,256.342,1.5729,1,4,47.92
CCc1ccc(O)c(C(C)(C)C)c1,TOX24581,0,0,0,,1,,0,,0,0,1,,178.275,3.2521,1,1,20.23
Cc1c(C)c([N+](=O)[O-])c(C(C)(C)C)c([N+](=O)[O-])c1C,TOX24582,0,0,0,,0,0,0,0,0,0,,0,266.297,3.72576,0,4,86.28
C#CCN(C)[C@H](C)Cc1ccccc1,TOX24584,0,0,0,0,0,0,0,0,0,0,0,0,187.286,2.1826,0,1,3.24
O=C1CN(N=Cc2ccc(-c3ccc([N+](=O)[O-])cc3)o2)C(=O)[N-]1,TOX24585,0,0,1,0,0,0,0,0,0,0,1,0,313.249,2.5246,0,6,120.12
CCN(CCC#N)c1ccccc1,TOX24587,0,0,0,0,0,0,0,0,0,0,,0,174.247,2.42658,0,2,27.03
COC(=O)CCCC(=O)O,TOX24589,0,0,0,0,0,0,0,,0,0,,0,146.142,0.4143,1,3,63.6
OC[C@H](Cc1cccc(O)c1)[C@H](CO)Cc1cccc(O)c1,TOX27852,0,0,,,0,0,0,0,0,,,,302.37,2.1,4,4,80.92
COc1cc(Cl)ccc1Oc1ccc(Cl)cc1Cl,TOX27850,0,0,,,0,0,0,0,0,0,1,0,303.572,5.4477,0,2,18.46
Cc1ccc(O)c(C(=O)c2ccccc2)c1,TOX27857,0,0,,,0,0,0,0,0,0,,0,212.248,2.93162,1,2,37.3
O=C(c1ccccc1)c1cccc(O)c1,TOX27856,,0,,,1,1,0,,0,0,1,0,198.221,2.6232,1,2,37.3
O=C(c1ccccc1)c1ccccc1O,TOX27855,0,0,0,1,0,0,0,0,0,0,0,0,198.221,2.6232,1,2,37.3
CN1CCc2cc3c(cc2C1O)OCO3,TOX27854,0,,0,0,0,,,,0,,0,,207.229,0.8941,1,4,41.93
CCCCCCCCCCCCOC(=O)c1ccc(O)cc1,TOX27859,,0,0,,0,0,0,,0,0,1,0,306.446,5.4699,1,3,46.53
O=C(Oc1ccccc1)c1ccc(O)cc1,TOX27858,0,0,0,,1,1,0,0,0,0,,0,214.22,2.6114,1,3,46.53
CCCC(c1cc(C(C)(C)C)c(O)cc1C)c1cc(C(C)(C)C)c(O)cc1C,TOX9602,0,,,,,,,,,1,1,,382.588,7.24164,2,2,40.46
O=c1[nH]cnc2nc[nH]c12,TOX25983,,,,,,,,0,,0,,,136.114,-0.3538,2,3,74.43
C=C1CC[C@H]2[C@@](C)(CC[C@@H](O)[C@@]2(C)CO)[C@@H]1C/C=C1/C(=O)OC[C@H]1O,TOX25980,0,0,0,,0,0,,,0,,0,0,350.455,1.9626,3,5,86.99
CN1CC(=O)NC1=N,TOX25987,,,,,,,,0,,0,,,113.12,-1.01723,2,2,56.19
CC1(C)O[C@H]2CC(=O)OC[C@@]23[C@H]1CC(=O)[C@]1(C)[C@@H]3CC[C@@]2(C)[C@H](c3ccoc3)OC(=O)[C@H]3O[C@]321,TOX25985,1,0,0,,1,0,0,0,0,0,0,0,470.518,3.1374,0,8,104.57
OC[C@H]1O[C@@H](O[C@@H]2[C@@H](CO)O[C@@H](O)[C@H](O)[C@H]2O)[C@H](O)[C@@H](O)[C@@H]1O,TOX25984,0,0,0,0,0,0,0,,0,,0,0,342.297,-5.3972,8,11,189.53
CN(C)CCN(Cc1ccccc1)c1ccccn1.O=C(O)CC(O)(CC(=O)O)C(=O)O,TOX25989,0,0,0,0,0,0,0,0,0,0,,0,447.488,1.4013,4,7,151.5
C=CCC1(C(C)CCC)C(=O)N=C([S-])NC1=O,TOX25988,0,0,0,0,0,0,0,,0,,0,0,253.347,1.5444,1,3,58.53
Clc1ccccc1,TOX298,0,0,0,0,0,0,0,0,0,0,0,0,112.559,2.34,0,0,0
CCOC(=O)C(O)(c1ccc(Cl)cc1)c1ccc(Cl)cc1,TOX299,0,0,1,,,0,0,,0,0,1,1,325.191,3.7924,1,3,46.53
CCCCCCCCCCC[C@@H](C[C@@H]1OC(=O)[C@H]1CCCCCC)OC(=O)C(CC(C)C)NC=O,TOX3395,0,0,0,0,0,0,0,0,0,0,,0,495.745,6.8819,1,5,81.7
CCC1CO1,TOX569,0,0,0,0,1,0,0,0,0,0,0,0,72.107,0.7952,0,1,12.53
FC(F)OC(F)(F)C(F)Cl,TOX562,0,0,0,0,0,0,0,0,0,0,0,0,184.491,2.3528,0,1,9.23
C#C[C@]1(O)CC[C@H]2[C@@H]3CCC4=C(CCC(=O)C4)[C@H]3CC[C@@]21C,TOX563,1,1,0,0,1,1,0,,0,,0,0,298.426,3.6366,1,2,37.3
O=S1OCC2C(CO1)C1(Cl)C(Cl)=C(Cl)C2(Cl)C1(Cl)Cl,TOX560,0,0,0,,,0,0,1,0,,1,,406.929,3.6898,0,3,35.53
ClC1=C(Cl)[C@]2(Cl)[C@H]3[C@H]([C@@H]4C[C@H]3[C@H]3O[C@@H]43)[C@@]1(Cl)C2(Cl)Cl,TOX561,0,0,0,1,,0,0,,0,,1,0,380.913,4.4814,0,1,12.53
ClCC1CO1,TOX566,0,0,0,0,0,0,0,0,0,0,0,0,92.525,0.624,0,1,12.53
O=C(O[C@@H]1Cc2c(O)cc(O)cc2O[C@@H]1c1cc(O)c(O)c(O)c1)c1cc(O)c(O)c(O)c1,TOX567,1,0,0,0,0,0,,0,0,0,0,0,458.375,2.2332,8,11,197.37
CC(C)NCC1CCc2cc(CO)c([N+](=O)[O-])cc2N1,TOX3398,0,0,0,0,0,0,0,,0,,0,0,279.34,1.8118,3,5,87.43
CCCn1cnc2c1c(=O)n(CCCCC(C)=O)c(=O)n2C,TOX25189,0,0,,0,0,0,0,0,0,0,0,0,306.366,1.066,0,7,78.89
c1cnc(N2CCN(Cc3ccc4c(c3)OCO4)CC2)nc1,TOX25188,0,0,0,0,0,0,0,0,0,0,0,0,298.346,1.5275,0,6,50.72
Cc1ccc(=O)n(-c2ccccc2)c1,TOX25183,0,0,0,0,,0,0,0,0,0,0,0,185.226,2.14592,0,2,22
Cc1nc2ccccn2c(=O)c1CCN1CCC(C(=O)c2ccc(F)cc2)CC1,TOX25182,0,0,0,0,0,0,0,,0,0,0,0,393.462,3.27942,0,5,54.68
O=c1[nH]c2ccccc2n1CCCN1CCN(C(c2ccccc2)c2ccccc2)CC1,TOX25181,0,0,,,0,0,,,,0,,0,426.564,4.1269,1,4,44.27
NC(=O)CN1CC(O)CC1=O,TOX25180,0,0,,0,0,0,0,,0,,0,0,158.157,-1.9351,2,3,83.63
CCC(=O)c1ccc2c(c1)N(CCCN(C)C)c1ccccc1S2,TOX25187,0,0,0,,0,0,,,0,0,,0,340.492,4.8337,0,4,23.55
CCCn1c(=O)[nH]c(=O)c2[nH]cnc21,TOX25186,0,0,0,0,0,0,0,,0,,0,0,194.194,-0.1771,2,4,83.54
CCCNCC(O)COc1ccccc1C(=O)CCc1ccccc1,TOX25184,0,0,0,0,,0,,,0,0,,0,341.451,3.2414,2,4,58.56
CCOc1nc2cccc(C(=O)O)c2n1Cc1ccc(-c2ccccc2-c2nnn[nH]2)cc1,TOX2725,,,,,,,,0,,0,,,440.463,4.0286,2,7,118.81
CC(=O)[C@H]1CC[C@H]2[C@@H]3CCC4=CC(=O)CC[C@]4(C)[C@H]3CC[C@]12C,TOX2370,1,1,0,0,1,0,,,0,0,,0,314.469,4.7235,0,2,34.14
C[C@]12CC[C@H]3[C@@H](CCC4=CC(=O)CC[C@@]43C)[C@@H]1CC[C@@H]2O,TOX2371,1,1,0,0,1,1,0,1,0,0,0,0,288.431,3.8792,1,2,37.3
C[C@]12CC[C@@H]3c4ccc(O)cc4CC[C@H]3[C@@H]1CC[C@H]2O,TOX2377,1,1,0,,1,1,0,0,0,0,1,1,272.388,3.6092,2,2,40.46
COc1ccc2c(c1OC)CN1CCc3cc4c(cc3C1C2)OCO4,TOX2724,0,0,,0,0,0,0,0,0,0,1,0,339.391,3.088,0,5,40.16
